RAISON_SOCIALE;SIGLE;NIU;ACTIVITE_PRINCIPALE;VENTE_BOISSON;REGIME;BOITE_POSTALE;TELEPHONE;FORME_JURIDIQUE;CRI;CENTRE_DE_RATTACHEMENT;REGION_ADMINISTRATIVE;DEPARTEMENT;VILLE;COMMUNE;QUARTIER;LIEUX_DIT;ETATNIU;IDCLASSE_ACTIVITE
MOVIS CAMEROUN;MOVIS CAMEROUN;M017600001036Y;ACCONAGE,TRANSIT,SHIPPING;;RPM;284;233 42 40 51/ 699 50 46 39;SA;DGE;DGE;LITTORAL;WOURI;DOUALA;DOUALA 1;Bonanjo;devant pullman;Bon NIU;034006
VELIA SARL;VELIA SARL;M050900028097Z;ACHAT ET VENTE CACAO;;RPM;837;33161843/99135470;SARL;DGE;DGE;LITTORAL;WOURI;DOUALA;DOUALA 1;EIDO;BASE ELF;Bon NIU;032004
TELCAR COCOA LIMITED;TELCAR COCOA LIMITED;M059700008693F;ACHAT ET VENTE DE CACAO;;RPM;887;33393878;SARL;DGE;DGE;LITTORAL;WOURI;DOUALA;DOUALA 4;;DOUALA;Bon NIU;032004
AGROPRODUCE MANAGEMENT SERVICES LTD;AGROPRODUCE MANAGEMENT;M081100037577F;ACHAT EXPORT CACAO CAFE;;RPM;55;677563558;SARL;DGE;DGE;SOUTH WEST;FAKO;TIKO;TIKO;MUTENGENE;;Bon NIU;032004
CAMEROON MARKETING COMMODITIES;CAMACO;M069900012359J;ACHAT EXPORT CACAO CAFE;;RPM;47;3354126;SARL;DGE;DGE;SOUTH WEST;MEME;KUMBA;KUMBA 1er;KUMBA;MBONGE ROND;Bon NIU;032004
COMPAGNIE DE TRAITEMENT ET D'EXPORTATION;COTEC;M061100036942Z;ACHAT EXPORT CACAO CAFE;;RPM;5134;33425912;SA;DGE;DGE;LITTORAL;WOURI;DOUALA;DOUALA 1;AKWA;RUE JOFFRE AKWA;Bon NIU;032004
CAMEROUN POSTAL SERVICES;CAMPOST;M050400017108N;ACTIVITE POSTALE;;RPM;0;22223613;SA;DGE;DGE;CENTRE;MFOUNDI;YAOUNDE;YAOUNDE 1;YAOUNDE;IMMEUBLE AMACAM;Bon NIU;034007
ASCOMA CAMEROUN;ASCOMA;M025300001665C;ACTIVITES D'ASSURANCES (SAUF SECURITE SO;;RPM;544;233 42 08 39/233 42 65 33 / 233 42 80 80;SA;DGE;DGE;LITTORAL;WOURI;DOUALA;DOUALA 1;AKWA;A COTE DE MTN;Bon NIU;036002
ASSURANCES  ET REASSURANCES AFRICAINES;AREA ASSURANCES;M090700023411D;ACTIVITES D'ASSURANCES (SAUF SECURITE SO;;RPM;15584;33438197/33438232;SA;DGE;DGE;LITTORAL;WOURI;DOUALA;DOUALA 1;AKWA;BONAKOUAMOUANG;Bon NIU;036002
SAHAM  ALL LIFE INSURANCE;SAHAM ALL LIFE;M059600001313J;ACTIVITES D'ASSURANCES (SAUF SECURITE SO;;RPM;267;3431144;SA;DGE;DGE;LITTORAL;WOURI;DOUALA;DOUALA 1;;FACE SOCAR;Bon NIU;036002
SAHAM ASSURANCE;SAHAM;M078600005672S;ACTIVITES D'ASSURANCES (SAUF SECURITE SO;;RPM;12125;33423176/33423178;SA;DGE;DGE;LITTORAL;WOURI;DOUALA;DOUALA 1;BONANJO;DERRIERE NOUVEL IMMEUBLE CNPS;Bon NIU;036002
SUNU ASSURANCES VIE;SUNU ASSURANCES VIE;M129700009005Z;ACTIVITES D'ASSURANCES (SAUF SECURITE SO;;RPM;4068;3423159;SA;DGE;DGE;LITTORAL;WOURI;DOUALA;DOUALA 1;BONANJO;RUE IMMEUBLE CHAMPAGNE PLAZZA;Bon NIU;036002
ZENITH INSURANCE;ZENITH;M050500021432T;ACTIVITES D'ASSURANCES (SAUF SECURITE SO;;RPM;1540;233434132;SA;DGE;DGE;LITTORAL;WOURI;DOUALA;DOUALA 1;KOUMASSI;CARREFOUR BALI;Bon NIU;036002
COMPAGNIE D'OPERATIONS PETROLIERE SCHLUMBERGER;COPS- SCHLUMBERGER;M047000003610Q;ACTIVITES DE SERVICES AUX ENTREPRISES;;RPM;5399;340 33 43;SA;DGE;DGE;LITTORAL;WOURI;DOUALA;DOUALA 1;DEIDO;CIC Deido;Bon NIU;038001
GROUPE 4 SOCURICOR;G4S CAMEROUN;M048800000106W;ACTIVITES DE SERVICES AUX ENTREPRISES;;RPM;3798;677711169;SA;DGE;DGE;LITTORAL;WOURI;DOUALA;DOUALA 1;;;Bon NIU;038001
RINGO S.A;RINGO S.A;M110600021379C;ACTIVITES DE SERVICES FOURNIS PRINCIPALE;;RPM;15283;22505050;SA;DGE;DGE;CENTRE;MFOUNDI;YAOUNDE;YAOUNDE 1;HYPPODROME;IMMEUBLE CHAMPAGNE PLAZZA;Bon NIU;038001
EDC INVESTMENT CORPORATION;EDC;M020800029335G;ACTIVITES FINANCIERES;;RPM;582;233431360;SA;DGE;DGE;ND;ND;ND;ND;AKWA;IMM ACTIVA ETAGE 2;Bon NIU;036001
SOCIETE NATIONALE D'INVESTISSEMENT;SNI;M126400000805P;ACTIVITES FINANCIERES;;RPM;423;2224422;SA;DGE;DGE;CENTRE;MFOUNDI;YAOUNDE;YAOUNDE 1;CENTRE VILLE;MONTEE SNI;Bon NIU;036001
CAMEROON DEVELOPMENT CORPORATION;CDC;M014700000245B;AGRO INDUSTRIE;;RPM;5528;33431883/33332251;SA;DGE;DGE;LITTORAL;WOURI;DOUALA;DOUALA 1;BOTA;;Bon NIU;012002
HEVEA DU CAMEROUN;HEVECAM;M077500001799U;AGRO INDUSTRIE;;RPM;174;3461919;SA;DGE;DGE;SUD;OCEAN;KRIBI;NIETE;NYE'ETE;BOULEVARD DU GENERAL LECLERC;Bon NIU;012002
SPEED APPRO;SPEED APPRO;M109500000744G;APPROVISIONNEMENT/COMMERCE;;RPM;1923;343 18 74;SARL;DGE;DGE;LITTORAL;WOURI;DOUALA;DOUALA 1;Face Immeuble SOCCA (ALIOS Finance);FACE IMMEUBLE SOCCA;Bon NIU;032008
ACTIVA ASSURANCES;ACTIVA ASSURANCES;M049800008186B;ASSURANCE;;RPM;12970;3434503;SA;DGE;DGE;LITTORAL;WOURI;DOUALA;DOUALA 1;AKWA;PROVINCES REUNIES;Bon NIU;036002
ACTIVA VIE;ACTIVA VIE;M100100014075D;ASSURANCE;;RPM;12970;3434503;SA;DGE;DGE;LITTORAL;WOURI;DOUALA;DOUALA 1;AKWA;PROVINCES REUNIES;Bon NIU;036002
ALLIANZ CAMEROUN  VIE;ALLIANZ VIE;M119700008083X;ASSURANCE;;RPM;105;3423418;SA;DGE;DGE;LITTORAL;WOURI;DOUALA;DOUALA 1;BELL;;Bon NIU;036002
ALLIANZ CAMEROUN ASSURANCES;ALLIANZ ASSURANCES;M017400000344U;ASSURANCE;;RPM;105;3429203;SA;DGE;DGE;LITTORAL;WOURI;DOUALA;DOUALA 1;BONANJO;RUE MANGA BELL;Bon NIU;036002
AXA ASSURANCES;AXA ASSURANCES;M077400000358A;ASSURANCE;;RPM;4068;3423159;SA;DGE;DGE;LITTORAL;WOURI;DOUALA;DOUALA 1;AKWA;BOULEVARD DE LA LIBERTE;Bon NIU;036002
CHANAS ASSURANCE;CHANAS ASSURANCE;M015300000199R;ASSURANCE;;RPM;109;3421474;SA;DGE;DGE;LITTORAL;WOURI;DOUALA;DOUALA 1;DOUALA;RUE DU DWARF;Bon NIU;036002
GARANTI MUTUEL DES CADRES;GARANTI MUTUEL DES CADRES;M089000001515C;ASSURANCE;;RPM;1965;3422133;SA;DGE;DGE;LITTORAL;WOURI;DOUALA;DOUALA 1;BONANJO;DOUALA;Bon NIU;036002
SOCIETE AFRICAINE D'ASSURANCE ET DE REASSURANCE SA;SAAR;M089000000276M;ASSURANCE;;RPM;1011;3431767;SA;DGE;DGE;LITTORAL;WOURI;DOUALA;DOUALA 1;;1077 RUE FREDERIC FOE;Bon NIU;036002
SOCIETE AFRICAINE D'ASSURANCE ET DE REASSURANCE VIE;SAAR VIE;M110100013242P;ASSURANCE;;RPM;4079;2233164;SARL;DGE;DGE;LITTORAL;WOURI;DOUALA;DOUALA 1;;HYPODROMR RUE FOE;Bon NIU;036002
BENEFICIAL LIFE INSURANCE;BENEFICIAL LIFE INSURANCE;M119400001270C;ASSURANCES;;RPM;2328;3428408;SA;DGE;DGE;LITTORAL;WOURI;DOUALA;DOUALA 1;DOUALA;BONAKOUAMOUANG;Bon NIU;036002
SAMARITAN INSURANCE;SAMARITAN INSURANCE;M010500021200F;ASSURANCES;;RPM;6230;22226247;SA;DGE;DGE;CENTRE;MFOUNDI;YAOUNDE;YAOUNDE 1;HIPPODROME;HIPPODROME;Bon NIU;036002
SOSIETE INTERAFRICAINE D'ASSURANCES;NSIA CAMEROUN;M120700023554Y;ASSURANCES;;RPM;15377;33433113;SA;DGE;DGE;LITTORAL;WOURI;DOUALA;DOUALA 1;BONANJO;ANCIEN IMMEUBLE SAGA;Bon NIU;036002
AGROCHEMICAL;AGROCHEM;M068700005394Q;AUTRES COMMERCES DE GROS;;RPM;5624;233423794/342 26 91;SARL;DGE;DGE;LITTORAL;WOURI;DOUALA;DOUALA 1;AKWA;Avenue DEGAULE;Bon NIU;032007
SOCIETE AFRIC D'IMPORTATION DES PROD AGROALI;SAFRIP;M030700022126H;AUTRES COMMERCES DE GROS;;RPM;1990;33391418;SARL;DGE;DGE;LITTORAL;WOURI;DOUALA;DOUALA 4;BONABERI;DOMICILE MAIRE TANKO;Bon NIU;032007
SOCIETE CAMEROUNAISE DE GAZ LIQUEFIE ET DE PETROLE;CAMGAZ;M127300000638X;AUTRES COMMERCES DE GROS;;RPM;4085;3427249;SA;DGE;DGE;LITTORAL;WOURI;DOUALA;DOUALA 1;AKWA;PRINCE DES GALLES;Bon NIU;032007
CAMEROON AIRLINES CORPORATION;CAMAIRCO;M050900027600Q;AUTRES TRANSPORTS (AIR, EAU);;RPM;4852;33422010/77117773;SCP;DGE;DGE;LITTORAL;WOURI;DOUALA;DOUALA 1;BONANJO;FACE LEGION GENDAMERIE;Bon NIU;034005
BANQUE ATLANTIQUE CAMEROUN;BANQUE ATLANTIQUE;M060800025028W;BANQUE;;RPM;3791;33421066;SA;DGE;DGE;LITTORAL;WOURI;DOUALA;DOUALA 1;AKWA;;Bon NIU;036001
UNITED BANK FOR AFRICA;UBA;M110600023143L;BANQUE;;RPM;2088;33433364;SA;DGE;DGE;LITTORAL;WOURI;DOUALA;DOUALA 1;AKWA;BOULEVARD DE LA LIBERTE;Bon NIU;036001
ATIDOLF NIGERIA LIMITED;ATIDOLF NIGERIA LIMITED;M071612548278R;BATIMENT ET TRAVAUX PUBLICS;;RPM;0;655555455;SARL;DGE;DGE;CENTRE;MFOUNDI;YAOUNDE;YAOUNDE 1;FOUDA;Quartier Fouda;Bon NIU;031001
DJEMO BTP SARL;DJEMO BTP;M020500018331N;BATIMENT ET TRAVAUX PUBLICS;;RPM;8412;22018611/696871875;SARL;DGE;DGE;CENTRE;MFOUNDI;YAOUNDE;YAOUNDE 4;Centre Ville;Montée Anne rouge;Bon NIU;031001
GEYSER SA SUCCURSALE;GEYSER;M091512411862Z;BATIMENT ET TRAVAUX PUBLICS;;RPM;624;;SA;DGE;DGE;ND;ND;ND;ND;GAROUA;GAROUA;Bon NIU;031001
KAYSON AFRILAND CO SA;KAYSON AFRILAND CO SA;M101100038477S;BATIMENT ET TRAVAUX PUBLICS;;RPM;5182;694530562/33019690;SA;DGE;DGE;CENTRE;MFOUNDI;YAOUNDE;YAOUNDE 2;BASTOS;NOUVELLES ROUTE;Bon NIU;031001
MNO VERVAT B.V CAMEROUN;MNO VERVAT;M071100037573F;BATIMENT ET TRAVAUX PUBLICS;;RPM;1130;22315275;SARL;DGE;DGE;CENTRE;MFOUNDI;YAOUNDE;YAOUNDE 2;MVOG BETI;MARCHE /BUNS;Bon NIU;031001
PIZZAROTI BRANCH  CAMEROON;PIZZAROTI BRANCH CAMEROON;M031712616553Z;BATIMENT ET TRAVAUX PUBLICS;;RPM;2244;699967996/690444442;SA;DGE;DGE;ND;ND;ND;ND;NLONGKAK;FACE MATAMFEN;Bon NIU;031001
SETRACO NIGERIA LIMITED;SETRACO NIGERIA LIMITED;M011712587241L;BATIMENT ET TRAVAUX PUBLICS;;RPM;12789;;SA;DGE;DGE;CENTRE;MFOUNDI;YAOUNDE;YAOUNDE 1;;;Bon NIU;031001
ARAB CONTRACTORS CAMEROUN;ARAB CONTRACTORS;M050600020713W;BATIMENTS ET TP;;RPM;14717;96376159/96496664;SA;DGE;DGE;CENTRE;MFOUNDI;YAOUNDE;YAOUNDE 2;BASTOS;;Bon NIU;031001
CHINA COMMUNICATION CONSTR COMP CAMEROUN;CCCCC;M041000031488Q;BATIMENTS ET TRAVAUX PUBLICS;;RPM;6532;77137136;SA;DGE;DGE;LITTORAL;WOURI;DOUALA;DOUALA 3;YASSA;CRBC KOLMBONG;Bon NIU;031001
CHINA ROAD AND BRIDGE CORPORATION;CRBC CO;M070400017229W;BATIMENTS ET TRAVAUX PUBLICS;;RPM;6532;33376318;SARL;DGE;DGE;LITTORAL;WOURI;DOUALA;DOUALA 3;NYALLA;JAPOMA;Bon NIU;031001
JIANTSU TRANSPORTATION ENG GROUP CAM;JTEGC;M051200041708Z;BATIMENTS ET TRAVAUX PUBLICS;;RPM;2534;70087715;SARL;DGE;DGE;LITTORAL;WOURI;DOUALA;DOUALA 3;NYALLA;Après Total Mbanga Pongo;Bon NIU;031001
SINOHYDRO CORPORATION LTD;SINOHYDRO;M111000034301Z;BATIMENTS ET TRAVAUX PUBLICS;;RPM;7179;74280974/70917465;SARL;DGE;DGE;CENTRE;MFOUNDI;YAOUNDE;YAOUNDE 1;BASTOS;FACE AMBASSADE USA;Bon NIU;031001
PARLITE FOODS SARL;PARLITE FOODS;M010500018716M;BISCUITERIE;;RPM;15397;77547553;SARL;DGE;DGE;LITTORAL;WOURI;DOUALA;DOUALA 1;NGODI BAKOKO;NGODI BAKOKO;Bon NIU;011001
BOULANGERIE ACROPOLE;ACROPOLE;M067300000032F;BOULAGERIE-PATISSERIE-ALIMENTATION;;RPM;1415;22230693;SARL;DGE;DGE;CENTRE;MFOUNDI;YAOUNDE;YAOUNDE 1;CENTRE VILLE;ANCIENNE GARE ROUTIERE;Bon NIU;032009
BOULANGERIE SAKER;BOULANGERIE SAKER;M129400000533D;BOULANGERIE, PATISSERIE, BISCUITERIE;;RPM;2754;33405753;SARL;DGE;DGE;LITTORAL;WOURI;DOUALA;DOUALA 1;DEIDO;ROND POINT 4EME;Bon NIU;032009
GUINNESS CAMEROUN SA;GCSA;M016700000284M;BRASSEUR;;RPM;8149;3401319;SA;DGE;DGE;LITTORAL;WOURI;DOUALA;DOUALA 1;NDOG BONG;DOUALA;Bon NIU;033002
SOCIETE ANONYME DES BRASSERIES DU CAMEROUN;SABC;M024800000316X;BRASSEUR;;RPM;4036;3429133;SA;DGE;DGE;LITTORAL;WOURI;DOUALA;DOUALA 1;KOUMASSI;RUE PRINCE BELL;Bon NIU;033002
SOURCE DU PAYS S.A;SOURCE DU PAYS;M078200004171M;BRASSEUR;;RPM;914;33432042/99 33 23 46;SA;DGE;DGE;LITTORAL;WOURI;DOUALA;DOUALA 2e;AKWA;EN FACE PMUC;Bon NIU;033002
BATI SERVICE;BATI SERVICE;M098200000584Q;BTP;;RPM;5741;3421169;SARL;DGE;DGE;LITTORAL;WOURI;DOUALA;DOUALA 1;BONANJO;Avenue DEGAULE;Bon NIU;031001
BUNS SARL;BUNS;M099600005607N;BTP;;RPM;13717;2306881;SARL;DGE;DGE;CENTRE;MFOUNDI;YAOUNDE;YAOUNDE 1;MVOG BETI;MARCHE;Bon NIU;031001
CHINA INTER WATER & ELECTRIC CORPORATION;CWE;M080800025462H;BTP;;RPM;7761;76352006;SA;DGE;DGE;LITTORAL;WOURI;DOUALA;DOUALA 2;KOUMASSI;Brasserie;Bon NIU;031001
DTP TERRASSEMENT SUCCURSALE CAMEROUN;DTP TERRASSEMENT SUCC CAM;M079900008822R;BTP;;RPM;12880;22210465;SA;DGE;DGE;CENTRE;MFOUNDI;YAOUNDE;YAOUNDE 1;DRAGAGE;MBALLAZ;Bon NIU;031001
MAG SARL;MAG SARL;M089400003127K;BTP;;RPM;5241;2215792;SARL;DGE;DGE;CENTRE;MFOUNDI;YAOUNDE;YAOUNDE 1;NLONGKAK;NIKI Nlongkak;Bon NIU;031001
SOGEA SATOM CAMEROUN;SOGEA SATOM CAMEROUN;M017700001050Q;BTP;;RPM;5680;220 18 89/220 27 53;SA;DGE;DGE;CENTRE;MFOUNDI;YAOUNDE;YAOUNDE 3;Nkoleton;vers collège st MICHEL;Bon NIU;031001
SUC SOGEA/SATOM - CAMEROUN;SUC SOGEA/SATOM - CAMEROU;M090300015762E;BTP;;RPM;12153;22201889/22102753;SUCC;DGE;DGE;LITTORAL;WOURI;DOUALA;DOUALA 1;BASSA;Bassa Col St Michel;Bon NIU;031001
ALLIANCES CONSTRUCTION CAMEROUN S.A;ACC S.A;M021512337464T;BTP ET MAINTENANCE;;RPM;;677828494;SA;DGE;DGE;ND;ND;ND;ND;YAOUNDE;YAOUNDE;Bon NIU;031001
ANHUI SHUIAN CONSTRUCTION GROUP;ANHUI SHUIAN CONSTRUCTION;M021712588378D;BTP ET MAINTENANCE;;RPM;5288;653958606;SARL;DGE;DGE;ND;ND;ND;ND;YAOUNDE;CANAL MFOUNDI;Bon NIU;031001
ENGINEERING COMPANY LTD;CHINA HARBOUR COMPANY;M091100037962M;BTP ET MAINTENANCE;;RPM;35518;677689395;SARL;DGE;DGE;CENTRE;MFOUNDI;YAOUNDE;YAOUNDE 1;BASTOS;FACE AMBASSADE USA;Bon NIU;031001
GROUPE DPE INTER;GROUPE DPE INTER;M120500019867T;BTP ET MAINTENANCE;;RPM;12831;22200181;SA;DGE;DGE;CENTRE;MFOUNDI;YAOUNDE;YAOUNDE 1;ELIG-ESSONO;RUE CEPER;Bon NIU;031001
IFH ENGINEERING PLC/ANHUI SHUIAN CONST;IFH ENGINEERING PLC;M101512522791X;BTP ET MAINTENANCE;;RPM;0;652318987;SARL;DGE;DGE;CENTRE;MFOUNDI;YAOUNDE;YAOUNDE 1;TSINGA;PALAIS DES SPORTS;Bon NIU;031001
KALFRELEC;KALFRELEC;M010400016319J;BTP ET MAINTENANCE;;RPM;17356;33430506/699918905/677148275;SARL;DGE;DGE;LITTORAL;WOURI;DOUALA;DOUALA 1;BONAKOUAMOUANG;AVENUE JAMOT;Bon NIU;031001
SEP RAZEL BEC/RAZEL CMR/FARMEX;SEP RAZEL BEC/RAZEL CMR/F;M071612549722A;BTP ET MAINTENANCE;;RPM;11306;222220306;SEP;DGE;DGE;CENTRE;MFOUNDI;YAOUNDE;YAOUNDE 1;HIPPODROME;IM STAMATIADES;Bon NIU;031001
SOCIETE NATIONALE CHINOISE SHENYANG;SNCCCET;M050100012042M;BTP ET MAINTENANCE;;RPM;14840;677701088;SA;DGE;DGE;CENTRE;MFOUNDI;YAOUNDE;YAOUNDE 1;TINGA;Plais des congrès;Bon NIU;031001
SOTCOCOG SUCCURSALE;SOTCOCOG;M081512405726R;BTP ET MAINTENANCE;;RPM;1867;0;SUCC;DGE;DGE;ND;ND;ND;ND;GAROUA;GAROUA;Bon NIU;031001
TOP INTERNATIONAL ENGINE CORP CAMEROUN;TOP INTERNATIONAL ENGINE;M050100016303Z;BTP ET MAINTENANCE;;RPM;5605;677793731/222216843;SARL;DGE;DGE;ND;ND;ND;ND;DJOUNGOLO;ECOLE LES CHERUBINS;Bon NIU;031001
ALCATEL LUCENT WEST AND CENTRAL AFRICA;ALCATEL LUCENT;M031200040932H;BUREAU D'ETUDE ET DE CONTROLE;;RPM;3009;696990408/696310773;SA;DGE;DGE;ND;ND;ND;ND;AKWA;DOUALA1;Bon NIU;038006
LOUIS BERGER;LOUIS BERGER;M110800026419Y;BUREAU D'ETUDE ET DE CONTROLE;;;35163;699964010;SA;DGE;DGE;CENTRE;MFOUNDI;YAOUNDE;YAOUNDE 1;BASTOS;;Bon NIU;038006
PRICE WATER HOUSE COOPERS SARL;PRICE WATER HOUSE COOPERS;M068200001277T;CABINET D'ETUDE ET D'AUDIT;;RPM;5689;3432443;SARL;DGE;DGE;LITTORAL;WOURI;DOUALA;DOUALA 1;Bananjo;Rue Christian Tobie Kouoh;Bon NIU;038001
EXPRESS EXCHANGE SA;EXPRESS EXCHANGE;M019900010377P;CHANGE ET ACHATS DES DEVISES;;RPM;55;33438215;SA;DGE;DGE;LITTORAL;WOURI;DOUALA;DOUALA 2;MACHE CONGO;CINEMA ETOILE;Bon NIU;036003
CHOCOLATERIE CONFISERIE CAMEROUNAISE;CHOCOCAM;M016700001900N;CHOCOLATERIE;;RPM;275;3376680;SA;DGE;DGE;LITTORAL;WOURI;DOUALA;DOUALA 1;ZONE INDUSTRIELLE BASSA;MONTEE COLLEGE CHEVREUIL-ST MICHEL;Bon NIU;009001
DANGOTE CAMEROON INDUSTRIES;DANGOTE;M080800036805X;CIMENTERIE;;RPM;4839;96610872;SARL;DGE;DGE;LITTORAL;WOURI;DOUALA;DOUALA 1;DEIDO;ZI MAGZI BONABERI;Bon NIU;022001
B2B CAMEROUN SARL;B2B CAMEROUN SARL;M031612520911Y;COMMERCE;;RPM;25;699793563;SA;DGE;DGE;CENTRE;MFOUNDI;YAOUNDE;YAOUNDE 1;ELIG ESSONO;Vers Julie Voyage;Bon NIU;032008
FAKOCO SARL;FAKOCO SARL;M110400017731L;COMMERCE;;RPM;181;360 64 82;SARL;DGE;DGE;LITTORAL;WOURI;DOUALA;DOUALA 1;AKWA;Zone Portuaire;Bon NIU;032008
SOCIETE CAMEROUNAISE MOULINS DU CENTRE;SCMC SA;M099600005816L;COMMERCE;;RPM;14039;22232427;SA;DGE;DGE;CENTRE;MFOUNDI;YAOUNDE;YAOUNDE 4;QUARTIER FOUDA;GARE MARCHANDISE;Bon NIU;032008
SOCIETE COMMERCIALE SUPERS BAZARS;SOCSUBA;M028500000451J;COMMERCE;;RPM;7868;222235259;SARL;DGE;DGE;CENTRE;MFOUNDI;YAOUNDE;YAOUNDE 5;BIYEM-ASSI;Près de NIKI;Bon NIU;032008
TRACTAFRIC EQUIPMENT CAMEROUN;TRACTAFRIC EQUIPMENT;M078000000377P;COMMERCE;;RPM;4017;33379083/33374525;SARL;DGE;DGE;LITTORAL;WOURI;DOUALA;DOUALA 1;AKWA;BLVD LIBERTE;Bon NIU;032008
UNION TRADING INTERNATIONAL;UTI;M029500008472C;COMMERCE;;RPM;5327;3470482;SA;DGE;DGE;LITTORAL;WOURI;DOUALA;DOUALA 1;YASSA;;Bon NIU;032008
TROPIK INDUSTRIES CAMEROUN;TROPIK INDUSTRIES;M078000000366L;COMMERCE DE DETAIL (SAUF AUTOMOBILES ET;;RPM;2895;33394170;SA;DGE;DGE;LITTORAL;WOURI;DOUALA;DOUALA 4;;NDOBO BONABERI;Bon NIU;032008
YAYA S.A;YAYA;M040000013452P;COMMERCE DE DETAIL (SAUF AUTOMOBILES ET;;RPM;111;699933386;SA;DGE;DGE;EXTREME-NORD;DIAMARE;MAROUA;MAROUA 1er;KAKATARE;MARCHE CENTRAL;Bon NIU;032008
ACHANYI AND SONS ENTERPRISE LTD;ACHANYI AND SONS;M080600027725P;COMMERCE DE GROS DE PRODUITS AGRICOLES B;;RPM;502;33354071;SARL;DGE;DGE;SOUTH WEST;MEME;KUMBA;KUMBA 1er;FIANGA;NTAM;Bon NIU;032004
INTERFACE;INTERFACE;M079400000978Y;COMMERCE DE GROS ET DE DETAIL;;RPM;12423;33425716;SA;DGE;DGE;LITTORAL;WOURI;DOUALA;DOUALA 1;KOUMASSI;MOBIL;Bon NIU;032007
KAMI AUTO SARL;KAMI AUTO;M040500018615M;COMMERCE DE GROS ET DE DETAIL;;RPM;746;33441397;SARL;DGE;DGE;OUEST;MIFI;BAFOUSSAM;BAFOUSSAM 1er;DJELENG II;Marché sens interdit face la régionale;Bon NIU;032007
LA CAMEROUNAISE D'IMPORTATION;LCI ORCA;M050700022494U;COMMERCE DE GROS ET DE DETAIL;;RPM;2332;33439154;SARL;DGE;DGE;LITTORAL;WOURI;DOUALA;DOUALA 1;AKWA;RUE JOFFRE AKWA;Bon NIU;032007
NEALIKO;NEALIKO;M030400017925K;COMMERCE DE GROS ET DE DETAIL;;RPM;5366;33411343;;DGE;DGE;SOUTH WEST;;TIKO;TIKO;TIKO;;Bon NIU;032005
PRIMO SARL;PRIMO SARL;M060500018746X;COMMERCE DE GROS ET DE DETAIL;;RPM;1139;33429088/77419932;SARL;DGE;DGE;LITTORAL;WOURI;DOUALA;DOUALA 1;AKWA BEACH;Boulevard LECLERC;Bon NIU;032007
SOCIETE BELGE-CAMEROUN;BELGOCAM;M120200015863T;COMMERCE DE GROS ET DE DETAIL;;RPM;13288;33393719;SA;DGE;DGE;LITTORAL;WOURI;DOUALA;DOUALA 4;BONABERI;;Bon NIU;032007
SOCIETE DE COMMERCE DES PRODUITS ALIMENTAIRES;SOCOPRAL;M079900012292U;COMMERCE DE GROS ET DE DETAIL;;RPM;1364;33445136;SARL;DGE;DGE;OUEST;MIFI;BAFOUSSAM;BAFOUSSAM 1er;MARCHE A;SOCOPRAL;Bon NIU;032007
SOCIETE DE DISTRIBUTION NOUVELLE AFRIQUE;SODINAF;M030900036156Z;COMMERCE DE GROS ET DE DETAIL;;RPM;13030;233420725;SARL;DGE;DGE;ND;ND;ND;ND;DOUALA;AKWA;Bon NIU;032007
SOCIETE HENRI ET FRERES;HENRI ET FRERES;M010400016324F;COMMERCE DE GROS ET DE DETAIL;;RPM;31026;99637177;SARL;DGE;DGE;CENTRE;MFOUNDI;YAOUNDE;YAOUNDE 1;CENTRE VILLE;MARCHE CENTRAL, coté royal hotel;Bon NIU;032007
SOCIETE MIRA S.A;MIRA;M020700022237B;COMMERCE DE GROS ET DE DETAIL;;RPM;12205;677661111;SARL;DGE;DGE;LITTORAL;WOURI;DOUALA;DOUALA 1;ESSENGUE;Base navale;Bon NIU;032007
SOTRACODIM SARL;SOTRACODIM;M080200013861F;COMMERCE DE GROS ET DE DETAIL;;RPM;255;33441254;SARL;DGE;DGE;OUEST;MIFI;BAFOUSSAM;BAFOUSSAM 1er;BAFOUSSAM;SOCOPRAL;Bon NIU;032007
STE DE NEGOCE ET DE COMMERCE;SONECOMX;M120400017995W;COMMERCE DE GROS ET DE DETAIL;;RPM;3033;;SARL;DGE;DGE;ND;ND;ND;ND;MARCHE CENTRAL;MARCHE;Bon NIU;032007
BOUCHERIE CHARCUTERIE DU LITTORAL;BOUCHERIE CHARCUTERIE LIT;M120000011225W;COMMERCE DE VIANDE;;RPM;256;3401680;SARL;DGE;DGE;LITTORAL;WOURI;DOUALA;DOUALA 1;BONANTONE;RUE DIBANDA;Bon NIU;032009
AFCOTT CAMEROON SARL;AFCOTT CAM SARL;M060600021032Q;COMMERCE D'ENGRAIS;;RPM;31;22272727;SARL;DGE;DGE;NORD;BENOUE;GAROUA;GAROUA 2e;PLATEAU;EN FACE MARCHE POISSON;Bon NIU;032011
AGRIEX CAMEROON;AGRIEX CAMEROON;M101200043143T;COMMERCE ET DISTRIBUTION;;RPM;2717;98003135;SARL;DGE;DGE;LITTORAL;WOURI;DOUALA;DOUALA 1;BONAPRISO;;Bon NIU;032008
SOCIETE GENERALE DE DISTRIBUTION EN AFRIQUE;SOGEDA;M090500019689G;COMMERCE ET DISTRIBUTION;;RPM;863;33444402;SARL;DGE;DGE;OUEST;MIFI;BAFOUSSAM;BAFOUSSAM 1er;FAMLA;DJELENG 5;Bon NIU;032008
SOCIETE NOUVELLE DE DISTRIBUTION;SONODI  SARL;M040500018855S;COMMERCE ET DISTRIBUTION;;RPM;15372;233370858;SARL;DGE;DGE;LITTORAL;WOURI;DOUALA;DOUALA 1;BONAPRISO;ANCIEN CINEMA;Bon NIU;032008
COMPAGNIE AFRICAINE DES TABACS;C.A.T;M050700022713J;COMMERCE ET IMPORTATION DES MARCHANDISES;;RPM;5347;22048544;SA;DGE;DGE;CENTRE;MFOUNDI;YAOUNDE;YAOUNDE 1;BASTOS;Ancienne usine BAT;Bon NIU;032007
SOCIETE L'ATRIUM;L'ATRIUM;M040900027951P;COMMERCE ET IMPORTATION DES MARCHANDISES;;RPM;165;33034440;SA;DGE;DGE;ND;ND;ND;ND;DOUALA;VALLEE BONANJO;Bon NIU;032007
SOCIETE SONAM CAMEROUN;SONAM;M030600020647E;COMMERCE ET IMPORTATION DES MARCHANDISES;;RPM;5022;233413150;SARL;DGE;DGE;LITTORAL;WOURI;DOUALA;DOUALA 1;DEIDO;ROND POINT;Bon NIU;032007
ARNO;ARNO;M076800000995K;COMMERCE GENERAL;;RPM;664;3420428;SARL;DGE;DGE;LITTORAL;WOURI;DOUALA;DOUALA 1;DOUALA;;Bon NIU;032008
COMPAGNIE AFRICAINE DE NEGOCE;CAN SARL;M041000031674F;COMMERCE GENERAL;;RPM;9577;671894420;SARL;DGE;DGE;LITTORAL;WOURI;DOUALA;BAFOUSSAM 1er;BONABERI;BOJONGO;Bon NIU;032008
FOKOU FOBERD;FOKOU FOBERD;M088700000017B;COMMERCE GENERAL;;RPM;695;2231117;SARL;DGE;DGE;CENTRE;MFOUNDI;YAOUNDE;YAOUNDE 2;ELIG-EFFA;;Bon NIU;032008
GENERAL BUSINESS OF AFRICA;GENERAL BUSINES OF AFRICA;M040800024324L;COMMERCE GENERAL;;RPM;18429;79651714;SARL;DGE;DGE;LITTORAL;WOURI;DOUALA;DOUALA 1;AKWA;Rue SYLVANIE fac opéra;Bon NIU;032008
JACKEN SARL;JACKEN;M050600020763G;COMMERCE GENERAL;;RPM;1051;33422784;SARL;DGE;DGE;LITTORAL;WOURI;DOUALA;DOUALA 2;MBOPPI;MARCHE MBOPI;Bon NIU;032008
JACO SA;JACO SA;M120200014447D;COMMERCE GENERAL;;RPM;224;2231624;SA;DGE;DGE;CENTRE;MFOUNDI;YAOUNDE;YAOUNDE 3;ELIG-ESSONO;Coté ancien FONADER;Bon NIU;032008
QUEEN FISH CAMEROUN SA;QUEEN FISH CAMEROUN SA;M050700022557A;COMMERCE GENERAL;;RPM;2379;33411324/99740743;SARL;DGE;DGE;LITTORAL;WOURI;DOUALA;DOUALA 1;BONANJO;ZONE PORTUAIRE;Bon NIU;032008
RIMEX SARL;RIMEX SARL;M090400017606Y;COMMERCE GENERAL;;RPM;3033;33392969;SARL;DGE;DGE;LITTORAL;WOURI;DOUALA;DOUALA 2;AKWA;Boulevard LECLERC;Bon NIU;032008
SADOU HOLDING;SADOU HOLDING;M070200016126W;COMMERCE GENERAL;;RPM;172;99177259/222188898;SA;DGE;DGE;EXTREME-NORD;DIAMARE;MAROUA;MAROUA 1er;KAKATARE;MARCHE CENTRAL;Bon NIU;032008
SOCIETE DE DISTRIBUTION ET D'ACHATS DIVERS;SDAD;M019900009586Z;COMMERCE GENERAL;;RPM;8693;33420588;SARL;DGE;DGE;LITTORAL;WOURI;DOUALA;DOUALA 2;MBOPPI;Marché;Bon NIU;032008
SOCIETE DE VENTE DES PRODUITS ALIMENTAIRES DU CAMEROUN;SOVEPAC;M089900009587U;COMMERCE GENERAL;;RPM;6284;33425345;SARL;DGE;DGE;LITTORAL;WOURI;DOUALA;DOUALA 2;AKWA MBOPPI;MBOPPI;Bon NIU;032008
SOCIETE SANLI AFRIQUE DEVELOPPEMENT;SANLI SARL;M020400016414K;COMMERCE GENERAL;;RPM;15268;33436686/99849596;SARL;DGE;DGE;LITTORAL;WOURI;DOUALA;DOUALA 2;AKWA;RADIO EQUINOXE;Bon NIU;032008
SOMAFILS;SOMAFILS;M050200013685F;COMMERCE GENERAL;;RPM;5351;222233142;SARL;DGE;DGE;CENTRE;MFOUNDI;YAOUNDE;YAOUNDE 1;CENTRE VILLE;MARCHE MFOUNDI;Bon NIU;032008
VERO DISTRIBUTION;VERODIS;M020800024037S;COMMERCE GENERAL;;RPM;136;22002024;SARL;DGE;DGE;CENTRE;MFOUNDI;YAOUNDE;YAOUNDE 6;MOKOLO;FACE FOKOU MOKOLO;Bon NIU;032008
DOVV DISTRIBUTIONS;DOVV;M060300015417E;Commerce Général;;RPM;4531;22225034;SARL;DGE;DGE;CENTRE;MFOUNDI;YAOUNDE;YAOUNDE 2;MESSA II;MOKOLO;Bon NIU;032008
SODIPAC;SODIPAC;M119900001923T;COMMERCE PRODUITS ALIMENTAIRES;;RPM;68;33426741;SA;DGE;DGE;LITTORAL;WOURI;DOUALA;DOUALA 1;;;Bon NIU;032005
3S MOTORS - INTER PNEUS SARL;3S MOTORS  - INTER PNEUS;M099600007928U;COMMERCE VEHICULES, D'ACCESSOIRES ET DE;;RPM;423;33 42 62 83 / 33 43 37 88;SARL;DGE;DGE;LITTORAL;WOURI;DOUALA;DOUALA 1;AKWA;rue dubois de Saligny;Bon NIU;032001
CAMEROON MOTORS INDUSTRIES;CAMI;M097100000634G;COMMERCE VEHICULES, D'ACCESSOIRES ET DE;;RPM;1217;3397655;SA;DGE;DGE;LITTORAL;WOURI;DOUALA;DOUALA 4;BONASSAMA;ZONE INDUSTRIELLE BONABERIE;Bon NIU;032001
SOCIETE CFAO EQUIPMENT;CFAO EQUIPMENT;M078500001040M;COMMERCE VEHICULES, D'ACCESSOIRES ET DE;;RPM;4853;33393030;SA;DGE;DGE;LITTORAL;WOURI;DOUALA;DOUALA 1;BONABERI;Zone industrielle;Bon NIU;032001
BRITISH AMERICAN TOBACCO CAMEROUN;BAT CAMEROUN;M074600000023C;COMMERECE DE CIGARETTES;;RPM;94;2210875;SA;DGE;DGE;CENTRE;MFOUNDI;YAOUNDE;YAOUNDE 1;;;Bon NIU;032005
DAVUM CAMEROUN;DACAM;M077500000210R;CONCESSIONNAIRE VEHICULE;;RPM;4028;233 42 50 27;SA;DGE;DGE;LITTORAL;WOURI;DOUALA;DOUALA 1;AKWA;RUE DU DOCTEUR JAMOT;Bon NIU;032001
SOCIETE LOXEA;LOXEA;M010800023954Z;CONCESSIONNAIRE VEHICULE;;RPM;4853;33 39 30 30;SA;DGE;DGE;LITTORAL;WOURI;DOUALA;DOUALA 4;ZONE INDUSTRIELLE BONABERI;avant CAMI TOYOTA;Bon NIU;032001
STE FIDU. D'EXPERTISE,D'AUDIT,DE CONSEIL;FIDEX-FCA SARL;M091100038592X;CONSEIL FISCAL;;RPM;12789;242 00 75 85;SARL;DGE;DGE;ND;ND;ND;ND;ND;ND;Bon NIU;038004
MARSK LINE AGENCY CAMEROON SA;MAERSK LINE AGENCY;M011400048522J;CONSIGNATION MARITIME;;RPM;12414;233500500;SA;DGE;DGE;ND;ND;ND;ND;2 MAERSK PLACE;ZONE UDEAC;Bon NIU;034006
AMAL SIMI CAMAROES;AMAL SIMI CAMAROES;M061200041674U;CONSTRUCTION INDUSTRIELLE;;RPM;12355;233 41 37 07/691919920;SA;DGE;DGE;LITTORAL;WOURI;DOUALA;DOUALA 1;BONANJO;;Bon NIU;031001
CONSTRUCTION CARROSSERIE MENUISER METAL;CCMM;M020900027156R;CONSTRUCTION METALLIQUE;;RPM;2581;675894816;SARL;DGE;DGE;LITTORAL;WOURI;DOUALA;DOUALA 4;SODIKO;CHÂTEAU D'EAU, DERRIERE L'EGLISE EEC;Bon NIU;023000
CONSTRUCTION METALLIQUE;COMETAL SA;M019900009192D;CONSTRUCTION METALLIQUE;;RPM;4382;3397608/33391856/33391858;SA;DGE;DGE;LITTORAL;WOURI;DOUALA;DOUALA 4;BONABERI;MAGZI;Bon NIU;023000
SOCIETE CAMEROUNAISE DE FERRONERIE;SOCAFER;M078000000367M;CONSTRUCTIONS METALLIQUES;;RPM;439;33400718/77671493;SA;DGE;DGE;LITTORAL;WOURI;DOUALA;DOUALA 1;NDOGBATI-NDOKOTI;ENTREE CAMRAIL;Bon NIU;023000
GRAS SAVOYE;GRAS SAVOYE;M128000000777W;COURTAGE ASSURANCE;;RPM;3014;3432122;SA;DGE;DGE;LITTORAL;WOURI;DOUALA;DOUALA 1;;402 RUE AVENUE DEGAULLE;Bon NIU;036003
PLANTATIONS DU HAUT PENDJA;PHP;M060400018996K;CULTURE DE BANANE;;RPM;5;3424248;SA;DGE;DGE;LITTORAL;MOUNGO;PENDJA;NJOMBE-PENJA;PENDJA;NJOMBE;Bon NIU;001003
SOCIETE CAMEROUNAISE DE FERMENTATION;FERMENCAM;M098200003958X;DISTILLERIE;;RPM;13234;3390066;SA;DGE;DGE;LITTORAL;WOURI;DOUALA;DOUALA 4;BONABERI;;Bon NIU;013002
DEE LITE;DEE LITE;M030400016948W;DISTRIBUTION;;RPM;15397;33423072;SA;DGE;DGE;LITTORAL;WOURI;DOUALA;DOUALA 1;AKWA;Avenue Ahmadou Ahidjo;Bon NIU;032008
MAHIMA;MAHIMA;M129700008236G;DISTRIBUTION;;RPM;15430;33434487/677500648;SARL;DGE;DGE;LITTORAL;WOURI;DOUALA;DOUALA 1;AKWA;Avenu Ahmadou Ahidjo;Bon NIU;032008
SOCIETE D'IMPORT & COMMERCE;SIMCO;M129700009986Q;DISTRIBUTION;;RPM;4521;3429059;SA;DGE;DGE;LITTORAL;WOURI;DOUALA;DOUALA 1;MBOPPI;Marché;Bon NIU;032014
MESSAGERIES DE PRESSES;MESSA PRESS;M089100008494E;DISTRIBUTION DES JOURNAUX;;RPM;759;33377015;SA;DGE;DGE;LITTORAL;WOURI;DOUALA;DOUALA 1;DOUALA;Boulevard de la republique;Bon NIU;032008
SOCIETE ALIMENTAIRE DU CAMEROUN;SOACAM SARL;M079100001266F;DISTRIBUTION DES PRODUITS ALIMENTAIRES;;RPM;5438;222205961;SARL;DGE;DGE;CENTRE;MFOUNDI;YAOUNDE;YAOUNDE 4;ETOUDI;SIXIEME;Bon NIU;032005
CAMEROUN OIL COMPANY SARL;CAMOCO SARL;M010200013263Y;DISTRIBUTION DES PRODUITS PETROLIERS;;RPM;240;33442195;SARL;DGE;DGE;OUEST;NOUN;FOUMBOT;FOUMBOT;FOUMBOT;DJIMBOT 1;Bon NIU;032007
GOSHEN OIL SARL;GOSHEN OIL;M051300046070H;DISTRIBUTION DES PRODUITS PETROLIERS;;RPM;11231;699021917;SARL;DGE;DGE;ND;ND;ND;ND;YAOUNDE;YAOUNDE;Bon NIU;032014
CAMEROUNAISE DES EAUX;CDE;M040800024626W;DISTRIBUTION EAU POTABLE;;RPM;157;33 43 99 82;SA;DGE;DGE;LITTORAL;WOURI;DOUALA;DOUALA 1;DOUALA;BOULANGERIE SAKER;Bon NIU;030001
PETROLEX SA;PETROLEX;M030100012950T;DISTRIBUTION HYDROCARBURES;;RPM;8221;33402712;SA;DGE;DGE;LITTORAL;WOURI;DOUALA;DOUALA 1;DEIDO;LEWAT HOTEL;Bon NIU;032007
BLESSING PETROLEUM;BLESSING PETROLEUM;M110900029355B;DISTRIBUTION PETROLIERE;;RPM;5404;33425071;SA;DGE;DGE;LITTORAL;WOURI;DOUALA;DOUALA 1;AKWA;EGLISE BAPTISTEFACE AU TEMPLE;Bon NIU;032007
BOCOM PETROLEUM;BOCOM;M070600020907L;DISTRIBUTION PETROLIERE;;RPM;12262;33434844;SA;DGE;DGE;LITTORAL;WOURI;DOUALA;DOUALA 1;AKWA;ENTREE MORGUE LAQUINTINIE;Bon NIU;032007
DELTA PETROLEUM CAMEROUN S.A;DELTA PETROLEUM;M070300015801K;DISTRIBUTION PETROLIERE;;RPM;8758;33413105/33413409;SA;DGE;DGE;LITTORAL;WOURI;DOUALA;DOUALA 2;CARREFOUR AGIP;ENTREE SCDP;Bon NIU;032007
ACTIVE ZONE OF AFRICA;AZA;M110200014251G;DISTRIBUTION PETROLIERE ET GAZIERE;;RPM;18587;33429755;SARL;DGE;DGE;LITTORAL;WOURI;DOUALA;DOUALA 1;BONABERI;CARREFOUR MUTZIG;Bon NIU;032007
GREEN OIL;GREEN OIL;M080800025363Y;DISTRIBUTION PETROLIERE ET GAZIERE;;RPM;8228;99144450/76185384;SARL;DGE;DGE;CENTRE;MFOUNDI;YAOUNDE;YAOUNDE 3;QUARTIER FOUDA;A COTE FNE;Bon NIU;032007
NEPTUNE OIL;NEPTUNE;M060900027869F;DISTRIBUTION PETROLIERE ET GAZIERE;;RPM;4760;33424405;SA;DGE;DGE;LITTORAL;WOURI;DOUALA;DOUALA 1;BONANJO;IMM GRAS SAVOYE;Bon NIU;032007
AFRICAN PHARMACEUTICAL DEVELOPMENT;APHAD;M089600020995B;DISTRIBUTION PHARMACEUTIQUE;;RPM;1834;243434229;SA;DGE;DGE;LITTORAL;WOURI;DOUALA;DOUALA 2;AKWA RUE DUBOIS SALIGNY;ANCIEN SOPARCA ( FACE A L'APOSTROPHE);Bon NIU;032007
CONGELE DU CAMEROUN;CONGELCAM SA;M079400006233N;DISTRIBUTION POISSONS ET VOLAILLES;;RPM;7180;22237257;SA;DGE;DGE;CENTRE;MFOUNDI;YAOUNDE;YAOUNDE 2;YAOUNDE;YAOUNDE;Bon NIU;032004
AFRICA FOODS DISTRIBUTION;AFRICA FOODS;M090400017498Y;DITRIBUTION ET NEGOCE AGROALIMENTAIRES;;RPM;15567;33431381;SA;DGE;DGE;LITTORAL;WOURI;DOUALA;DOUALA 1;AKWA;ENTRE CNIC/ RUE BEBEY;Bon NIU;032005
OMNIUM SERVICE;OMNIUM SERVICE;M029500000557Q;ELECTRICITE INDUSTRIELLE;;RPM;15474;699504302/33 37 74 82;SA;DGE;DGE;LITTORAL;WOURI;DOUALA;DOUALA 1;Bounoung;à côté de You Mee;Bon NIU;028002
SOCIETE METCH-ELEC SARL;METCH ELEC;M129900010817S;ELECTRICITE INDUSTRIELLE;;RPM;2418;33425799;SARL;DGE;DGE;LITTORAL;WOURI;DOUALA;DOUALA 1;AKWA DOBELLE;Rue de la casse;Bon NIU;028002
SOCIETE CAMEROUNAISE DES DEPOTS PETROLIERS;SCDP;M077900001656A;Entreposage;;RPM;2271;3405445;SA;DGE;DGE;LITTORAL;WOURI;DOUALA;DOUALA 1;BASSA;CARREFOUR AGIP;Bon NIU;034006
BANQUE GABONAISE ET FRANCAISE INTERNATIONALE;BGFI BANK;M031000031300H;EPARGNE ET CREDIT;;RPM;660;2 33 50 62 92 / 6 98 80 00 76;SA;DGE;DGE;LITTORAL;WOURI;DOUALA;DOUALA 1;BONANJO;AVENU DE GAULLE;Bon NIU;036001
STANDARD CHARTERED BANK;STANDARD CHARTERED BANK;M109600008350E;ETABLISSEMENT  DE CREDITS;;RPM;1784;33425200;SA;DGE;DGE;LITTORAL;WOURI;DOUALA;DOUALA 1;BONALEMBE;;Bon NIU;036001
AFRILAND FIRST BANK;AFRILAND FIRST BANK;M108700000043E;ETABLISSEMENT DE CREDIT;;RPM;11834;2233068;SA;DGE;DGE;CENTRE;MFOUNDI;YAOUNDE;YAOUNDE 2;CENTRE VILLE;HOTEL DE VILLE;Bon NIU;036001
BANQUE INTERNATIONAL DU CAMEROUN POUR L'EPARGNE ET LE CREDIT;BICEC;M129600008006J;ETABLISSEMENT DE CREDIT;;RPM;1925;3422603;SA;DGE;DGE;LITTORAL;WOURI;DOUALA;DOUALA 1;BONANJO;;Bon NIU;036001
CITI BANK NA CAMEROUN;CITI BANK NA CAM;M129700008059S;ETABLISSEMENT DE CREDIT;;RPM;4571;3424278;SA;DGE;DGE;LITTORAL;WOURI;DOUALA;DOUALA 1;BONANJO;;Bon NIU;036001
COMMERCIAL BANK OF CAMEROON;CBC;M089700008060S;ETABLISSEMENT DE CREDIT;;RPM;4004;3420202;SA;DGE;DGE;LITTORAL;WOURI;DOUALA;DOUALA 1;;AVENUE DE GAULLES;Bon NIU;036001
CREDIT FONCIER DU CAMEROUN;CREDIT FONCIER DU CAMEROU;M057700001459B;ETABLISSEMENT DE CREDIT;;RPM;1531;2235215;SA;DGE;DGE;CENTRE;MFOUNDI;YAOUNDE;YAOUNDE 1;YAOUNDE;BLVD 20 MAI;Bon NIU;036001
ECOBANK CAMEROUN;ECOBANK CAMEROUN;M090000011011W;ETABLISSEMENT DE CREDIT;;RPM;582;3438256;SA;DGE;DGE;LITTORAL;WOURI;DOUALA;DOUALA 1;BONANJO;BLVD LIBERTE;Bon NIU;036001
NATIONAL FINANCIAL CREDIT;NFC;M079100006355X;ETABLISSEMENT DE CREDIT;;RPM;6578;2224806;SA;DGE;DGE;CENTRE;MFOUNDI;YAOUNDE;YAOUNDE 1;;AVENUE DE GAULLE;Bon NIU;036004
SOCIETE CAMEROUNAISE DE BANQUE-CREDIT AGRICOLE;SCB-CA;M078900000031S;ETABLISSEMENT DE CREDIT;;RPM;700;223-40-05;SA;DGE;DGE;CENTRE;MFOUNDI;YAOUNDE;YAOUNDE 2;CENTRE VILLE;FACE CAMAIR;Bon NIU;036001
UNION BANK OF CAMEROON;UBC;M010600013538H;ETABLISSEMENT DE CREDITS;;RPM;110;3362314;SA;DGE;DGE;ND;ND;ND;ND;DOUALA;AKWA;Bon NIU;036004
SOCIETE CAMEROUNAISE D'EQUIPEMENT;SCE;M126300000485T;Etablisssement de crédits;;RPM;178;2233864;SA;DGE;DGE;CENTRE;MFOUNDI;YAOUNDE;YAOUNDE 1;CENTRE VILLE;COMMISSARIAT CENTRAL;Bon NIU;036004
DOUALA INTERNATIONAL TERMINAL CAMEROUN;DIT CAMEROUN;M100400017637L;ETUDE;;RPM;3945;343 93 40;SA;DGE;DGE;LITTORAL;WOURI;DOUALA;DOUALA 1;BONANJO;Immeuble à conteneur;Bon NIU;038006
FOURE LAGADEC CAMEROUN;FOURE LAGADEC CAMEROUN;M050400017077R;ETUDE ET REALISATION DES CONSTRUCTIONS;;RPM;3530;70427630;SA;DGE;DGE;LITTORAL;WOURI;DOUALA;DOUALA 1;BONAPRISO;Place MAERSK;Bon NIU;031001
ZEROCK CAMEROUN S.A;ZEROCK;M091612570027B;ETUDE ET REALISATION DES CONSTRUCTIONS;;RPM;4446;699 29 99 99/;SUCC;DGE;DGE;CENTRE;MFOUNDI;YAOUNDE;YAOUNDE 1;NLONGKAK;MBALLA 2;Bon NIU;031001
ALPI PIETRO ET FILS CAMEROUN SARL ;ALPICAM;M057400000307X;EXPLOITANT FORESTIER;;RPM;2130;3391979;SA;DGE;DGE;LITTORAL;WOURI;DOUALA;DOUALA 4;BONABERI;ZONE INDUSTRIEL Bonabéri;Bon NIU;003001
COMPAGNIE FORESTIERE DE KRIBI;CFK;M107600001530R;EXPLOITANT FORESTIER;;RPM;53;342 80 22;SA;DGE;DGE;SUD;OCEAN;KRIBI;KRIBI 1er;;;Bon NIU;003001
COMPAGNIE FORESTIERE DU CAMEROUN;CFC;M019000001965M;EXPLOITANT FORESTIER;;RPM;3139;3426892;SA;DGE;DGE;LITTORAL;WOURI;DOUALA;DOUALA 1;;RUE IVY;Bon NIU;003001
FABRIQUE CAMEROUNAISE DE PARQUET;FIPCAM;M090000010685J;EXPLOITANT FORESTIER;;RPM;7479;201 23 39/ 201 23 40;SA;DGE;DGE;CENTRE;MFOUNDI;YAOUNDE;YAOUNDE 4;AWAE Maison rouge Yaoundé;MFOU-NKOLNGUET;Bon NIU;003001
SOCIETE CAMEROUNAISE DE TRANSFORMATION DU BOIS;SCTB;M019800009890H;EXPLOITANT FORESTIER;;RPM;695;223 11 17/ 231 29 32;SA;DGE;DGE;CENTRE;MFOUNDI;YAOUNDE;YAOUNDE 3;NSAM;DERRIERE SOFAVINC;Bon NIU;003001
SOCIETE D'EXPLOITATION DES BOIS DU CAMEROUN;SEBC;M076400000743X;EXPLOITANT FORESTIER;;RPM;2064;342 97 12;SARL;DGE;DGE;LITTORAL;WOURI;DOUALA;DOUALA 1;;Bonanjo;Bon NIU;003001
SOCIETE D'EXPLOITATION FORESTIERE & AGRICULTURE DU  CAMEROUN;SEFAC;M116700000360F;EXPLOITANT FORESTIER;;RPM;942;3429712;SA;DGE;DGE;LITTORAL;WOURI;DOUALA;DOUALA 1;BASSA;DOUALA;Bon NIU;003001
SOCIETE D'EXPLOITATION FORESTIERE ET COMMERCIALE DU CAMEROUN;SEFECCAM;M020100020752T;EXPLOITANT FORESTIER;;RPM;661;33425442;SARL;DGE;DGE;LITTORAL;WOURI;DOUALA;DOUALA 1;NGODI AKWA;BALI ENTRELEC;Bon NIU;003001
CAMEROON UNITED FOREST;CUF;M039100005647A;EXPLOITATION CHANTIERS FORESTIERS;;RPM;15181;3431799;SARL;DGE;DGE;LITTORAL;WOURI;DOUALA;DOUALA 1;DOUALA;ANCIEN AEROPORT;Bon NIU;003001
KT & CO BTP SA;KT & CO BTP SA;M021712602705W;EXPLOITATION DES CARRIERES;;RPM;12340;698 48 99 02/699912032;SA;DGE;DGE;ND;ND;ND;ND;YAOUNDE;MONTEE ANNE ROUGE;Bon NIU;006002
ADDAX PETROLEUM CAMEROON COMPANY LLC;ADDAX PETROLEUM CAMEROON;M047400005669H;EXPLOITATION DES HYDROCARBURES;;RPM;2273;342 57 61/27 12;SA;DGE;DGE;LITTORAL;WOURI;DOUALA;DOUALA 1;YOUPWE;YOUPWE;Bon NIU;005001
CANAL + CAMEROUN;CANAL + CAMEROUN;M090800025753K;EXPLOITATION DES PRODUITS AUDIOVISUELS;;RPM;72;33428793;SA;DGE;DGE;LITTORAL;WOURI;DOUALA;DOUALA 1;BONANJO RDPC;IMMEUBLE HIBISCUS;Bon NIU;035002
SEEF;SEEF;M029400003947C;EXPLOITATION ET AMENAGEMENT DES FORETS;;RPM;5322;3372891;SA;DGE;DGE;LITTORAL;WOURI;DOUALA;DOUALA 1;BONANJO;RUE IVY;Bon NIU;003001
PERENCO CAMEROUN;PERENCO CAMEROUN;M077900001551J;EXPLOITATION ET PRODUCTION DES HYDROCARBURES;;RPM;1225;3423291;SA;DGE;DGE;LITTORAL;WOURI;DOUALA;DOUALA 1;AKWA;RUE AHMADOU AHIDJO;Bon NIU;005002
SOCIETE DINO ET FILS;DINO ET FILS JDF;M109600006314G;EXPLOITATION ETTRANSFORMATION DU BOIS;;RPM;12287;22204106/33092832;SARL;DGE;DGE;CENTRE;MEFOU ET AFAMBA;SOA;SOA;NKOLFOULOU;ENIET;Bon NIU;003001
PALLISCO;PALLISCO;M107100001742U;EXPLOITATION FORESTIERE;;RPM;394;343 36 98;SA;DGE;DGE;LITTORAL;WOURI;DOUALA;DOUALA 1;;RUE NJO NJO;Bon NIU;003001
SCIERIE DU MBAM ET KIM;SCIERIE DU MBAM ET KIM;M039500005433A;EXPLOITATION FORESTIERE;;RPM;1775;33 43 34 9868;SARL;DGE;DGE;LITTORAL;WOURI;DOUALA;DOUALA 1;;;Bon NIU;003001
SOCIETE CAMEROUNAISE INDUSTRIELLE D'EXPLOITATION DU BOIS;SCIEB;M079500010606B;EXPLOITATION FORESTIERE;;RPM;15096;33428022;SARL;DGE;DGE;LITTORAL;WOURI;DOUALA;YAOUNDE 1;BONANJO;FACE MAISON DU PARTI;Bon NIU;003001
SOCIETE INDUSTRIELLE ET FORESTIERE DE LA DOUME SA;SFID SA;M068800008387B;EXPLOITATION FORESTIERE;;RPM;1343;3425642;SA;DGE;DGE;LITTORAL;WOURI;DOUALA;DOUALA 1;BONAPRISO - DOUALA;NJO-NJO;Bon NIU;003001
COMPAGNIE DE COMMERCE ET DE TRANSPORT;C.C.T;M080700023313Z;EXPLOITATION FORESTIERE  ET TRANSPORT;;RPM;5908;33 42 66 68/99 92 92 01;SARL;DGE;DGE;LITTORAL;WOURI;DOUALA;DOUALA 1;;YOUPWE;Bon NIU;003001
SIENCAM ENTERPRISE SARL;SIENCAM;M121200047833W;EXPLOITATION FORESTIERE  ET TRANSPORT;;RPM;422;99918512;SARL;DGE;DGE;SOUTH WEST;MEME;KUMBA;KUMBA 1er;KUMBA;ENDELEY STREET;Bon NIU;003001
SOCIETE CTSC SARL;CTSC SARL;M051200041726B;EXPLOITATION FORESTIERE  ET TRANSPORT;;RPM;1739;;SARL;DGE;DGE;ND;ND;ND;ND;DOUALA;DOUALA;Bon NIU;003001
GRACOVIR INTERNATIONAL;GRACOVIR;M069700021398P;EXPLOITATION FORESTIERE ET SCIAGE;;RPM;14079;98424028/96569678;SARL;DGE;DGE;CENTRE;MFOUNDI;YAOUNDE;YAOUNDE 4;AHALA;ETOA;Bon NIU;003001
SOCIETE DE TRANSFORMATION DE BOIS DE LA K;STBK;M019500009591S;EXPLOITATION FORESTIERE ET SCIERIE;;RPM;38;2262566;SARL;DGE;DGE;EST;KADEY;BATOURI;BERTOUA 1er;BATOURI;SAMBO;Bon NIU;003001
CAMEROON AGRICULTURE AND FORESTRY EXPLOITATION COMPANY;CAFECO;M039100001886S;EXPLOITATION FORESTIRE ET SCIERIE;;RPM;599;33428022;SA;DGE;DGE;SOUTH WEST;MEME;KUMBA;MAMFE;NGUTI AVENUE;AVENUE DE GAULLE;Bon NIU;003001
PERENCO OIL & GAZ  CAM;PERENCO OIL  &  GAZ CAM;M129700007978X;EXPLOITATION PETROLIERE;;RPM;1255;392 32 91;SA;DGE;DGE;ND;ND;ND;ND;DOUALA;PMUC   AKWA;Bon NIU;005001
CAMEROON OIL TERMINAL S.A;COTSA;M071200042485T;EXPLOITATION PRODUITS HYDROCARBURES;;RPM;2214;33414729;SA;DGE;DGE;LITTORAL;WOURI;DOUALA;DOUALA 3;FAUBOURG DE BASSA;BASE WOURI;Bon NIU;005001
C&K MINING INCORPORATION SA;C&K MINING;M030600021412S;EXPLORATION MINIERE;;RPM;35293;661046500/666681456;SA;DGE;DGE;ND;ND;ND;ND;BASTOS ROSA PARK;FACE AMBASSADE USA;Bon NIU;006001
YAN  CHANG LOGONE DEVELOPMENT COMPANY;YAN  CHANG LOGONE;M030900029332T;EXPLORATION MINIERE ET PETROLIERE;;RPM;5476;33430801/33430850/33430927;SA;DGE;DGE;LITTORAL;WOURI;DOUALA;DOUALA 1;AKWA;ACTIVA BUILDING;Bon NIU;006001
NOBLE ENERGY CAM LIMITED;NOBLE ENERGY CAM LIMITED;M080600021129Y;EXPLORATION PETROLIERE;;RPM;12532;22 22 55 75;SA;DGE;DGE;CENTRE;MFOUNDI;YAOUNDE;YAOUNDE 1;CENTRE VILLE;AVENUE DU 20 MAI;Bon NIU;005001
SOCIETE PAN MARINE INTERNATIONAL INC;PAN MARINE INTER;M050900027820R;EXPLORATION PETROLIERE;;RPM;2389;233 40 73 43;SA;DGE;DGE;LITTORAL;WOURI;DOUALA;DOUALA 1;;BASE UIC COPS;Bon NIU;005001
ETS NDONGO ESSOMBA;ETS NDONGO ESSOMBA;M068000002666R;EXPORT CACAO CAFE;;RPM;4425;2201384;SARL;DGE;DGE;CENTRE;MFOUNDI;YAOUNDE;YAOUNDE 1;EMANA;OKOLO;Bon NIU;032005
OLAM CAM SARL;OLAM CAM SARL;M059500001389L;EXPORT CACAO/CAFE;;RPM;5207;233326815;SARL;DGE;DGE;LITTORAL;WOURI;DOUALA;DOUALA 1;BONANJO;Zone portuaire;Bon NIU;032005
PRODUCAM SA;PRODUCAM SA;M041200041059P;EXPORTATION CACAO /CAFE;;RPM;102;696396118;SA;DGE;DGE;ND;ND;ND;ND;MOUMEE MARCHE;MOUMEE MARCHE;Bon NIU;032005
SOCIETE MALEGA ENERGIE SERVICES;SOCIETE MALEGA ENERGIE;M081200043893E;EXPORTATION CACAO /CAFE;;RPM;12510;675487523;SARL;DGE;DGE;ND;ND;ND;ND;AKWA;NEAR ANCIEN SONEL;Bon NIU;032005
CAMEROUN QUALITY PRODUCTS LTD;CAMEROUN QUALITY PRODUCTS;M080200013992Z;EXPORTATION CAFE CACAO;;RPM;1052;77778872/77231379;SARL;DGE;DGE;SOUTH WEST;FAKO;LIMBE;LIMBE 1er;;;Bon NIU;032005
COCOA COFEE AND SERVICES;2CCAM SARL;M071000036686F;EXPORTATION DES PRODUITS DE BASE/CCE GNL;;RPM;354;676 23 00 33;SARL;DGE;DGE;LITTORAL;WOURI;DOUALA;DOUALA 1;AKWA;;Bon NIU;032007
PAMOL PLANTATION LTD;PAMOL PLANTATION LTD;M069600011058U;EXTARCTION HUILE DE PALME;;RPM;3;3393548;SARL;DGE;DGE;SOUTH WEST;NDIAN;EKONDO TITI;EKONDO-TITI;LOBE;EKONDO TITI;Bon NIU;010001
SOCIETE DES EAUX MINERALES DU CAMEROUN;SEMC;M017900000314L;EXTRACTION ET EMBOUTEILLAGE EAU MINERALE;;RPM;4036;3429133;SA;DGE;DGE;LITTORAL;WOURI;DOUALA;DOUALA 1;BALI;DIRECTION BRASSERIE  ( QUARTIER BALI );Bon NIU;013003
PERENCO RIO DEL REY;PERENCO RIO DEL REY;M095100001895L;EXTRACTION HYDROCARBURE;;RPM;2214;33 42 48 29;SA;DGE;DGE;LITTORAL;WOURI;DOUALA;DOUALA 1;AKWA;BASE WOURI;Bon NIU;005001
ENTREPRISE NOUVELLE  D'ELECTRO MECANIQUE;ENEM;M039700003659D;FAB DES PRODUITS METALLIQUES DE BASE ET;;RPM;3489;33390255/33392141;SARL;DGE;DGE;LITTORAL;WOURI;DOUALA;DOUALA 4;BONABERI;NDOBO;Bon NIU;023000
FRIEDLANDER CAMEROUN;FRIEDLANDER  CAMEROUN;M098800001298D;FAB DES PRODUITS METALLIQUES DE BASE ET;;RPM;5731;33405193/;SARL;DGE;DGE;LITTORAL;WOURI;DOUALA;DOUALA 1;AKWA;DOUALA;Bon NIU;023000
SOCIETE AFRICAINE FORESTIERE ET AGRICOLE DU CAMEROUN;SAFCA;M117000001865P;Fabrication cahier + Imprimé;;RPM;912;3390107;SA;DGE;DGE;LITTORAL;WOURI;DOUALA;DOUALA 4;BONABERIE;;Bon NIU;018001
INDUSTRIE DES CRAYONS ET FOURNITURES NOUTCHOGOUIN;ICRAFON;M037900000352J;FABRICATION D'ARTICLES EN MATIERES PLAST;;RPM;2040;3370346;SA;DGE;DGE;LITTORAL;WOURI;DOUALA;DOUALA 1;DEIDO;ZI MAGZI BASSA;Bon NIU;021003
PPG CAMEROUN EX CEP SEIGNEURIE;PPG CAMEROUN EX CEP;M026400000164J;FABRICATION D'AUTRES PRODUITS CHIMIQUES;;RPM;1028;3372083;SA;DGE;DGE;LITTORAL;WOURI;DOUALA;DOUALA 1;DEIDO;ZI MAGZI BASSA;Bon NIU;020004
CIMENTERIES DU CAMEROUN;CIMENCAM;M066300000649C;FABRICATION DE CIMENT;;RPM;1323;3391119;SA;DGE;DGE;LITTORAL;WOURI;DOUALA;DOUALA 4;BONABERI;ZONE INDUSTRIELLE MAGZI BONABERI;Bon NIU;022001
SOCIETE MEDCEM CAMEROUN SA;MEDCEM;M061311364824W;FABRICATION DE CIMENT;;RPM;6787;677628243;SA;DGE;DGE;LITTORAL;WOURI;DOUALA;DOUALA 1;YOUPWE;DERR GETMA;Bon NIU;022001
MAISCAM;MAISCAM;M118400010889C;FABRICATION DE FARINE DE CEREALES;;RPM;315;225 10 83;SA;DGE;DGE;ND;ND;ND;ND;NGAOUNDERE;Stade Ndoumbe Oumar;Bon NIU;008001
LES ACIERIES DU CAMEROUN;LES ACIERIES DU CAMEROUN;M039800006794C;FABRICATION DE METAUX;;RPM;695;2231117;SARL;DGE;DGE;CENTRE;MFOUNDI;YAOUNDE;YAOUNDE 1;;;Bon NIU;023000
SMALTO;SMALTO;M059500001174G;FABRICATION DE PEINTURES;;RPM;695;2230411;SARL;DGE;DGE;CENTRE;MFOUNDI;YAOUNDE;YAOUNDE 4;MOKOLA;;Bon NIU;020004
SOCIETE DEE PLAST;DEE-PLAST;M020600020184K;FABRICATION DE PLASTIQUE;;RPM;15397;655 29 47 37;SARL;DGE;DGE;LITTORAL;WOURI;DOUALA;DOUALA 3;YASSA;BAKOKO;Bon NIU;021003
AGRICULTURE DU CAMEROUN;AGROCAM;M068400000916Y;FABRICATION DE PROVENDES;;RPM;9019;699001495;SA;DGE;DGE;LITTORAL;WOURI;DOUALA;DOUALA 4;BONABERI;BOJONGO;Bon NIU;010003
SOCIETE DE PROVENDERIE DU CAMEROUN;SPC;M038100001760G;FABRICATION DE PROVENDES;;RPM;105;3441847;SA;DGE;DGE;OUEST;MIFI;BAFOUSSAM;BAFOUSSAM 3er;BAMENDZI;BAMENDZI;Bon NIU;010003
LES LABORATOIRES BIOPHARMA SA;BIOPHARMA;M070100012311D;FABRICATION DE SAVONS, DETERGENTS ET PRO;;RPM;1674;33375377;SA;DGE;DGE;LITTORAL;WOURI;DOUALA;DOUALA 3;LOGBABA ZI BASSA;ZI MAGZI;Bon NIU;020002
SOCIETE SUCRIERE DU CAMEROUN;SOSUCAM;M066500001868N;FABRICATION DE SUCRE;;RPM;362;2220841;SA;DGE;DGE;CENTRE;MFOUNDI;YAOUNDE;YAOUNDE 7;NDANGO-EBOGO;;Bon NIU;009004
COMPLEXE METALLURGIQUE DU CAMEROUN;CMC;M099700008399W;FABRICATION DE TÔLES;;RPM;2850;3374087;SA;DGE;DGE;LITTORAL;WOURI;DOUALA;DOUALA 4;MADAGASCAR;BOULEVARD DES NATIONS UNIES;Bon NIU;023000
SOCIETE CAMEROUNAISE DE FABRICATION DES LUBRIFIANTS;SCEFL;M086800001784C;FABRICATION DE TUBES;;RPM;0;343 51 00;SA;DGE;DGE;LITTORAL;WOURI;DOUALA;DOUALA 1;JAPOMA AGIP;STATION SERVICE MOBIL;Bon NIU;023000
YARA CAMEROUN;YARA CAMEROUN;M029500001290F;FABRICATION D'ENGRAIS;;RPM;2228;3405995;SA;DGE;DGE;LITTORAL;WOURI;DOUALA;DOUALA 1;DEIDO;DEIDO PORT DE PECHE;Bon NIU;020001
SOYBEANS PROCESSING INDUSTRY OF CAMEROON;SOPROICAM;M020600020827B;FABRICATION DES HUILES RAFFINEES DE MARG;;RPM;3457;677408275;SARL;DGE;DGE;LITTORAL;WOURI;DOUALA;DOUALA 4;BONASSAMA;ANCIEN ABATTOIR;Bon NIU;010002
SOCIETE DES TRANSFORMATIONS INDUSTRIELLES DU CAMEROUN;SOTICAM;M100100012738F;FABRICATION DES PRODUITS A BASE DE CEREA;;RPM;430;33396720/33028401;SARL;DGE;DGE;LITTORAL;WOURI;DOUALA;DOUALA 1;BONABERI;ZONE INDUSTRIELLE MAGZI;Bon NIU;008001
SOCIETE INDUSTRIELLE DE TRANSFORMATION DE CELLULOSES;SITRACEL;M107800000447H;FABRICATION DES PRODUITS EN CELLULOSE;;RPM;6813;2315872;SA;DGE;DGE;CENTRE;MFOUNDI;YAOUNDE;YAOUNDE 2;NSAM-EFOULAN;OBOBOGO;Bon NIU;020001
SOCIETE DE DISTRIBUTION DU TABAC ET DES PRODUITS ALIMENTAIRES;SDTPA;M099800008652Y;Fabrication des produits laitiers;;RPM;8558;3425278/677942620;SARL;DGE;DGE;OUEST;MIFI;BAFOUSSAM;BAFOUSSAM 1er;;;Bon NIU;012001
SOCIETE AFRICAINE DE TRANSF DES METAUX;SATM;M110500019507C;FABRICATION DES PRODUITS METALLIQUES;;RPM;5585;33422524;SARL;DGE;DGE;LITTORAL;WOURI;DOUALA;DOUALA 3;BASSA;ZONE INDUSTRIELLE BASSA;Bon NIU;023000
METROPOLITAN PLASTICS SA;METROPOLITAN PLASTICS SA;M037600000233L;FABRICATION EMBALLAGE ET BOUTEILLE PLASTIQUES;;RPM;398;3551545;SA;DGE;DGE;SOUTH WEST;FAKO;LIMBE;LIMBE 2e;LIMBE;ZI OMBE;Bon NIU;021003
LE PLASTIQUE CAMEROUNAIS;PLASTICAM;M046100001084G;FABRICATION EMBALLAGES;;RPM;4071;3375057;SA;DGE;DGE;LITTORAL;WOURI;DOUALA;DOUALA 1;BESSENGUE;DESCENTE BESSENGUE;Bon NIU;021003
SOCIETE CAMEROUNAISE DE CARTONNAGE ET DE FOURNITURES;SOCARTO;M067200005390Z;FABRICATION EMBALLAGES;;RPM;5028;3428591;SA;DGE;DGE;LITTORAL;WOURI;DOUALA;DOUALA 1;BASSA;ZONE INDUSTRIELLE DE BASSA;Bon NIU;021003
TOLES ET ACIERS DU CAMEROUN;TAC;M019600001384S;FABRICATION ET DISTRIBUTION DES TOLES;;RPM;15197;341 02 18;SARL;DGE;DGE;LITTORAL;WOURI;DOUALA;DOUALA 1;DEIDO;BASE ELF;Bon NIU;023000
SOCIETE DES PALMERAIES DE LA FERME SUISSE;SPFS;M037600000964U;FABRICATION HUILE DE PALME;;RPM;6;3472126 / 9688160;SA;DGE;DGE;LITTORAL;SANAGA-MARITIME;EDEA;DOUALA 1;ONGUE;ONGUE;Bon NIU;010001
SOCIETE DE FABRICATION DES MATERIAUX DE CONSTRUCTION;SOFAMAC;M049300004479A;FABRICATION MATERIEL DE CONSTRUCTION;;RPM;57;2236549;SARL;DGE;DGE;CENTRE;MEFOU ET AFAMBA;SOA;SOA;SOA;SOA;Bon NIU;023000
SOCIETE DES PRODUITS NOUVEAUX;SPN;M089600005932B;FABRICATION MATIERE PLASTIQUE ET METALLI;;RPM;15429;340-20-88;SA;DGE;DGE;LITTORAL;WOURI;DOUALA;EDEA 1er;NDOGSIMBI;ZONE INDUSTRIELLE (FACE CIMETIERE );Bon NIU;023000
COLGATE PALMOLIVE;COLGATE PALMOLIVE;M059100000662G;FABRICATION PATE DENTIFRICE;;RPM;1083;233422885;SA;DGE;DGE;LITTORAL;WOURI;DOUALA;DOUALA 1;AKWA;BOULEVARD GENERAL LECLERC;Bon NIU;021003
COTONNIERE INDUSTRIELLE DU CAMEROUN;CICAM;M096500000913Y;FABRICATION TISSUS;;RPM;2929;3406215;SA;DGE;DGE;LITTORAL;WOURI;DOUALA;DOUALA 1;NDOKOTI;EN FACE DES BRASSERIES;Bon NIU;015002
PRIMA DEE-LITE PLASTICS;PRIMA DEE-LITE;M070400017569M;FABRIQUE DE MATERIEL PLASTIQUE;;RPM;15397;77114372;SARL;DGE;DGE;LITTORAL;WOURI;DOUALA;DOUALA 3;YASSA;YASSA;Bon NIU;021003
COMPLEXE INDUSTRIEL DU LITTORAL;CIL;M090400022640A;FABRIQUE DE SAVONS ET PRODUITS CHIMIQUES;;RPM;12296;233394671;SARL;DGE;DGE;LITTORAL;WOURI;DOUALA;DOUALA 4;BONABERI;MABANDA AVENUE DE DOUALA MANGA BELL;Bon NIU;020002
METAFRIQUE CAMEROUN;METAFRIQUE;M040900016586C;FABRIQUE METALLIQUE;;RPM;15509;33421549;SARL;DGE;DGE;LITTORAL;WOURI;DOUALA;DOUALA 3;ZONE INDUSTRIELLE BASSA OYACK;RUE CEP;Bon NIU;023000
SOCIETE CAMEROUNAISE DE FORAGE-HYDRAULIQUE-GEOTECHNIQUE;GEOFOR;M058900001651S;FORAGE;;RPM;1883;3429755;SA;DGE;DGE;LITTORAL;WOURI;DOUALA;DOUALA 1;;YOUPWE;Bon NIU;031001
AFRICA SECURITY;AFRICA SECURITY;M129400001731U;GARDIENNAGE;;RPM;4834;3423586;SA;DGE;DGE;LITTORAL;WOURI;DOUALA;DOUALA 1;BONANJO;Rue Tokoto;Bon NIU;038001
AEROPORTS DU CAMEROUN SA;ADC SA;M109400000449K;GESTION AEROPORTS;;RPM;13615;223 36 02;SA;DGE;DGE;CENTRE;MEFOU ET AFAMBA;MFOU;YAOUNDE 1;NSIMALEN;NSIMALEN;Bon NIU;039001
SOCIETE NATIONALE DES HYDROCARBURES;SNH;M038000000218J;GESTION DES INTERETS DE L'ETAT;;RPM;955;220 19 10/98 64/98 65/221 04 03;SPP;DGE;DGE;CENTRE;MFOUNDI;YAOUNDE;YAOUNDE 2;MBALLA II;DRAGGAGES;Bon NIU;039001
CAMEROON WATER UTILITIES CORPORATION;CAMWATER;M120500021256K;GESTION PATRIMOINE;;RPM;524;33 42 87 11;SCP;DGE;DGE;LITTORAL;WOURI;DOUALA;DOUALA 1;DOUALA;KOUMASSI;Bon NIU;030001
SUD CAMEROUN HEVEA;SUD CAMEROUN HEVEA;M101000033472J;HEVEACULTURE INDUSTRIELLE;;RPM;382;22204947;SA;DGE;DGE;CENTRE;MFOUNDI;YAOUNDE;YAOUNDE 1;BASTOS;A COTE L'UNESCO;Bon NIU;021002
HOTEL SAWA;HOTEL SAWA;M097800000419Y;HOTELLERIE;;RPM;2345;3420866;SA;DGE;DGE;LITTORAL;WOURI;DOUALA;DOUALA 1;BONANJO;Garnison Militaire;Bon NIU;033001
SOCIETE DES ETABLISSEMENTS MONKAM;STE DES ETS MONKAM;M027800003691Z;HOTELLERIE ET COMMERCE;;RPM;1464;33431197/699891123/699824706;SARL;DGE;DGE;LITTORAL;WOURI;DOUALA;DOUALA 1;Bonanjo;sis hôtel la falaise;Bon NIU;033001
HILTON HOTEL;HILTON HOTEL;M068900000112E;HOTELS ET CAMPEMENTS;;RPM;11852;22233646;SA;DGE;DGE;CENTRE;MFOUNDI;YAOUNDE;YAOUNDE 1;Centre Ville;Rond point Hilton;Bon NIU;033001
SNC-PULLMAN DOUALA RABINGHA HOTEL;SNC PULLMAN HOTEL;M118100000362T;HOTELS ET CAMPEMENTS;;RPM;3232;233435000;SA;DGE;DGE;LITTORAL;WOURI;DOUALA;DOUALA 1;BONANJO;opposé à Hotel SAWA;Bon NIU;033001
SOCIETE DES GRANDS HOTELS (MONT FEBE);HOTEL MONT FEBE;M126800000012E;HOTELS ET CAMPEMENTS;;RPM;711;2214099;SA;DGE;DGE;CENTRE;MFOUNDI;YAOUNDE;YAOUNDE 2;FEBE;;Bon NIU;033001
MOUSSE ET DERIVES DU CAMEROUN;MDC;M120100012972W;INDUSTRIE DE TRANSFORMATION DE MOUSSE;;RPM;15429;33 40 20 88 / 33 47 60 18;SA;DGE;DGE;LITTORAL;WOURI;DOUALA;DOUALA 5;BONAMOUSSADI;ANCIENNE BASE DUMEZ;Bon NIU;021003
DELTA INDUSTRIES INTERNATIONAL;D2I;M019800009017L;IMPORT - EXPORT;;RPM;18492;243427414;SA;DGE;DGE;LITTORAL;WOURI;DOUALA;DOUALA 1;BALI;Derrière résidence princesse;Bon NIU;032007
SOCIAL BUSINESS ENTERPRISE TECHNOLOGY;SBET SARL;M100800027180X;IMPORT - EXPORT;;RPM;12058;243420179;SARL;DGE;DGE;LITTORAL;WOURI;DOUALA;DOUALA 1;BONANJO;VALLEE TOKOTO;Bon NIU;032007
SWEDISH MACHINERY AND TRUCKS CAMEROON;SMT CAMEROUN SA;M081100040416M;IMPORT - EXPORT;;RPM;4908;99054270;SA;DGE;DGE;LITTORAL;WOURI;DOUALA;DOUALA 1;;APRES SMALTO;Bon NIU;032007
CAMEROON FRAIS;CAMFRAIS;M080700023724W;IMPORT - EXPORT;;RPM;8091;99732222/33436207;SARL;DGE;DGE;LITTORAL;WOURI;DOUALA;DOUALA 1;IMM SOHAING;DERR DRUGSTORE;Bon NIU;032007
FORCE TYRE;FORCE TYRE;M090400017800N;IMPORT - EXPORT;;RPM;171;33427976/99777777;SARL;DGE;DGE;LITTORAL;WOURI;DOUALA;DOUALA 1;YOUPWE;Route base naval;Bon NIU;032007
MIT CHIMIE;MIT CHIMIE;M020400016626L;IMPORT - EXPORT;;RPM;8722;233404529;SARL;DGE;DGE;LITTORAL;WOURI;DOUALA;DOUALA 3;NDOKOTI;SONEL ou ancienne CNPS;Bon NIU;032007
PROMOTION DISTRIBUTION SERVICE;PROMODIS;M049900009580E;IMPORT - EXPORT;;RPM;8928;340-75-71;SARL;DGE;DGE;LITTORAL;WOURI;DOUALA;DOUALA 1;DEIDO;ROND PONT;Bon NIU;032007
FIMEX INTERNATIONAL;FIMEX INTERNATIONAL;M019300000985D;IMPORT PRODUITS SANITAIRES;;RPM;3224;33392374;SARL;DGE;DGE;LITTORAL;WOURI;DOUALA;DOUALA 4;BONABERI;Carrefour Volvo;Bon NIU;032006
BUSINESS LINK INTERNATIONAL;BUSINESS LINK;M040500018530A;IMPORTATION ET VENTE DES PIECES DETACHES;;RPM;12714;33428089;SARL;DGE;DGE;LITTORAL;WOURI;DOUALA;DOUALA 1;AKWA;FACE DE LA DIRECTION ORANGE;Bon NIU;032003
UBIPHARM CAMEROUN SA;UBIPHARM CAMEROUN;M050100013179J;IMPORTATION ET VENTE EN GROS;;RPM;14106;2312982;SA;DGE;DGE;CENTRE;MFOUNDI;YAOUNDE;YAOUNDE 2;NSAM EFFOULAN;;Bon NIU;032007
SOCIETE INTERNATIONALE DE REPRESENTATION PRODUITS ALIMENTAIRES DU CAMEROUN;SIRPACAM SARL;M079000000107R;IMPORTATION PRODUITS ALIMENTAIRES;;RPM;299;22202957;SARL;DGE;DGE;CENTRE;MFOUNDI;YAOUNDE;YAOUNDE 3;BRIQUETERIE;Carrefour Soya;Bon NIU;032005
BERNABE CAMEROUN;BERNABE CAMEROUN;M015100001701L;IMPORT - EXPORT;;RPM;529;3429020;SA;DGE;DGE;LITTORAL;WOURI;DOUALA;DOUALA 1;AKWA;RUE DE SYLVANIE (AKWA);Bon NIU;032007
SOCIETE CAMEROUNAISE DE COMMERCE ET DE REPRESENTATIONS INDUSTRIELLES;CAMCI;M028700007854X;IMPORT - EXPORT;;RPM;169;3420339;SARL;DGE;DGE;LITTORAL;WOURI;DOUALA;DOUALA 1;ZONE PORTUAIRE;TEXACO PORT;Bon NIU;032007
MULTIPRINT SERIGRAPHIE;MULTIPRINT SERIGRAPHIE;M079400001399K;IMPRIMEIRE;;RPM;4965;3430627;SARL;DGE;DGE;LITTORAL;WOURI;DOUALA;DOUALA 1;BONABERI;du côté de Nestlé-Cameroun;Bon NIU;018002
SOPECAM;SOPECAM;M077700000090B;IMPRIMERIE ET ACTIVITES ANNEXES A;;RPM;1218;22303109;;DGE;DGE;CENTRE;MFOUNDI;YAOUNDE;;MVOG ATANGANA MBALLA;ANCIEN CAMI;Bon NIU;018002
GRAPHICS SYSTEM;GRAPHICS SYSTEM;M038900000639J;IMPRIMERIE ET ACTIVITES ANNEXES A L'IMPR;;RPM;3045;33423304/33433715;SA;DGE;DGE;LITTORAL;WOURI;DOUALA;DOUALA 1;AKWA;Place des portiques;Bon NIU;018002
NEW FOODS COMPANY;NEW FOODS;M060700022747Q;INDUSTRIE AGRO ALIMENTAIRE;;RPM;695;22231117;SARL;DGE;DGE;CENTRE;MFOUNDI;YAOUNDE;YAOUNDE 4;MOKOLO;FOKOU MOKOLO 2EME ETAGE;Bon NIU;012002
PANZANI CAMEROUN;PANZANI CAMEROUN;M036400000842Z;INDUSTRIE AGRO ALIMENTAIRE;;RPM;848;3370224;SA;DGE;DGE;LITTORAL;WOURI;DOUALA;DOUALA 1;NGDOGSIMBI;APRES SCTB;Bon NIU;012002
ATLAS NEGOCE;ATLAS NEGOCE;M030400001658E;INDUSTRIE CHIMIAUE ET FABRICATION DE PRO;;RPM;15429;33434994/33476018;SARL;DGE;DGE;ND;ND;ND;ND;BONAMOUSDSADI;ANCIEN DUMEZ;Bon NIU;020001
ATLAS NEGOCE;ATLAS NEGOCE;M030400016568G;INDUSTRIE CHIMIAUE ET FABRICATION DE PRO;;RPM;15429;33434994/33476018;SARL;DGE;DGE;LITTORAL;WOURI;DOUALA;DOUALA 1;BONAMOUSDSADI;;Bon NIU;020001
SOCIETE DE DEVELOPPEMENT DU COTON;SODECOTON;M057400000146H;INDUSTRIE DE COTON;;RPM;302;22271685/99933881;SA;DGE;DGE;NORD;BENOUE;GAROUA;GAROUA 1;;;Bon NIU;001012
SOCIETE  DES CERALES DU CAMEROUN;S.C.C;M079900011229Q;INDUSTRIE DES OLEAGINEUX ET D'ALIMENTS P;;RPM;638;99682838;SA;DGE;DGE;LITTORAL;WOURI;DOUALA;DOUALA 4;BONABERI QAI DU WOURI;ZONE INDUSTRIELLE;Bon NIU;010001
SOCIETE CAMEROUNAISE DE VERRERIE;SOCAVER;M066600000309U;INDUSTRIE VERRE;;RPM;1456;3400506;SA;DGE;DGE;LITTORAL;WOURI;DOUALA;DOUALA 1;;DOUALA/ ROUTE NDOGBONG;Bon NIU;023000
CBMI CONSTRUCTION;CBMI CONSTRUCTION;M021712616327E;INGENIERIE ET CONSTRUCTION;;RPM;3310;699245002;;DGE;DGE;LITTORAL;WOURI;DOUALA;DOUALA 4;BONABERI;NKOMBA;Bon NIU;038006
CEGELEC;CEGELEC;M057900005436U;INSTALLATION ET MAINTENANCE ELECTRIQUE;;RPM;4507;3423794;SA;DGE;DGE;LITTORAL;WOURI;DOUALA;DOUALA 1;DOUALA;DOUALA;Bon NIU;028002
CEGELEC SAS;CEGELEC SAS;M101000033608X;INSTALLATION ET MAINTENANCE ELECTRIQUE;;RPM;5689;333421964;SA;DGE;DGE;LITTORAL;WOURI;DOUALA;DOUALA 1;BONAPRISO;Bonaloka;Bon NIU;028002
ADVANS CAMEROUN;ADVANS;M070600021355B;INTERMEDIATION MONETAIRE ET FINANCIERE;;RPM;5738;33437945;SA;DGE;DGE;LITTORAL;WOURI;DOUALA;DOUALA 4;AKWA;SALLE DE FETES, RUE SYLVANIE;Bon NIU;036001
SOCIETE CAMEROUNAISE DE CREDIT AUTO;SOCCA(ALIOS FINANCE CAMEROUN);M105900000328K;INTERMEDIATION MONETAIRE ET FINANCIERE;;RPM;2552;3428729;SARL;DGE;DGE;LITTORAL;WOURI;DOUALA;DOUALA 1;DOUALA;RUE ROI ALBERT;Bon NIU;036001
SOCIETE GENERALE DU CAMEROUN;SGC;M026300006400K;INTERMEDIATION MONETAIRE ET FINANCIERE;;RPM;4042;3427010;SNC;DGE;DGE;LITTORAL;WOURI;DOUALA;DOUALA 1;AKWA;;Bon NIU;036001
LA ROYALE DES JEUX DU CAMEROUN;R.J.C;M120500031299F;JEUX ET AMUSEMENTS;;RPM;4733;79529469;SARL;DGE;DGE;LITTORAL;WOURI;DOUALA;DOUALA 1;AKWA REPUBLIQUE;NEAR AKWA PALACE;Bon NIU;042002
PARI MUTUEL URBAIN CAMEROUNAIS;PMUC;M049300000405T;JEUX ET DIVERS;;RPM;15375;233 42 86 94 / 233 42 43 41;SA;DGE;DGE;LITTORAL;WOURI;DOUALA;DOUALA 1;AKWA;BOULEVARD DE LA LIBERTE;Bon NIU;042002
AFRICA LEASING COMPANY;ALC;M120200016102A;LEASING;;RPM;3487;33 42 77 33 / 77 22 24 86;SA;DGE;DGE;LITTORAL;WOURI;DOUALA;DOUALA 1;AKWA;IMMEUBLE SOCCAR;Bon NIU;036003
CFAO TECHNOLOGIES;CFAO TECHNOLOGIES;M099800009315G;MAINTENANCE INDUSTRIELLE;;RPM;12937;3429142;SA;DGE;DGE;LITTORAL;WOURI;DOUALA;DOUALA 1;AKWA;RUE JOFFRE ( AKWA);Bon NIU;028001
TERMINAL MIXTE FRUITIER DE DOUALA;TMFD;M061000033512P;MANUTENTION;;RPM;5241;33438992/33438993/99988897;SA;DGE;DGE;LITTORAL;WOURI;DOUALA;DOUALA 1;DEIDO;Enceinte du PAD, Quai n°12;Bon NIU;034006
SOCIETE D'EXPLOITATION DES PARCS A BOIS DU CAMEROUN;SEPBC;M017100000843P;MANUTENTION GRUMES ET DEBITES;;RPM;1344;3422940;SA;DGE;DGE;LITTORAL;WOURI;DOUALA;DOUALA 4;Bonanjo;Voie N°2 Bonanjo/Zone portuaire;Bon NIU;034006
CORLAY CAMEROUN SA;CORLAY CAMEROUN;M077700001676Q;MARKETER;;RPM;214;342 30 28/230 23 24 /230 24 32;SA;DGE;DGE;LITTORAL;WOURI;DOUALA;DOUALA 1;AKWA;114 BOULEVARD DE LA LIBERTE;Bon NIU;032014
GULF OF GUINEA INVEST SHIPPING &TRADING;GULFIN S&T CO;M050900027774W;MARKETER;;RPM;3876;33431256;SA;DGE;DGE;LITTORAL;WOURI;DOUALA;DOUALA 1;PORT AUTONOME DE DOUALA;IMMEUBLE CAMSHIP;Bon NIU;032014
LIBYA OIL CAMEROUN;LIBYA OIL CAMEROUN;M015200001255R;MARKETER;;RPM;4058;343 51 00;SA;DGE;DGE;LITTORAL;WOURI;DOUALA;DOUALA 1;AKWA;RUE JOFFRE;Bon NIU;032014
TRADING ET EXPLOITATION;TRADEX;M069900009659K;MARKETER;;RPM;1468;343 63 75/343 79 17;SA;DGE;DGE;LITTORAL;WOURI;DOUALA;DOUALA 1;AKWA;;Bon NIU;032014
DHL INTERNATIONAL CAMEROUN;DHL;M108100000401U;MESSAGERIE;;RPM;3582;342-36-36;SARL;DGE;DGE;LITTORAL;WOURI;DOUALA;DOUALA 1;BONANJO;Face Banque Atlantique;Bon NIU;034007
COMPAGNIE DES PRODUITS METALLIQUES;PROMETAL;M090800025564R;METALLURGIE;;RPM;3061;233 37 85 85/95;SA;DGE;DGE;LITTORAL;WOURI;DOUALA;DOUALA 3;ZI MAGZI BASSA;ZI MAGZI BASSA;Bon NIU;023000
METAFRIQUE STEEL;METAFRIQUE STEEL;M081000032594D;METALLURGIE;;RPM;15509;677382955;SA;DGE;DGE;ND;ND;ND;ND;ZONE IND;BASSA VERS PPG;Bon NIU;023000
EXPRESS UNION FINANCE;EXPRESS UNION FINANCE;M020100021296Z;MICROFINANCE;;RPM;8332;2 22 20 32 80/699 50 53 85 / 679 53 26 21 / 675 29 51 01 / 679 53 24 37 / 699 41 47 19;SA;DGE;DGE;CENTRE;MFOUNDI;YAOUNDE;YAOUNDE 2;ETOAMEKI;CARREFOUR ETOAMEKI;Bon NIU;036004
CREDIT COMMUNAUTAIRE D'AFRIQUE;CCA;M129700010262T;MICRO-FINANCE;;RPM;30388;22 22 13 87;SA;DGE;DGE;CENTRE;MFOUNDI;YAOUNDE;YAOUNDE 1;CENTRE COMMERCIAL;BONANDJO;Bon NIU;036004
AGENCE DE CREDIT POUR L'ENTREPRISE PRIVEE AU CAMEROUN;ACEP CAMEROUN;M100500019404S;MICROFINANCES;;RPM;14614;22 21 98 70;SA;DGE;DGE;CENTRE;MFOUNDI;YAOUNDE;YAOUNDE 2;BASTOS;DERRIER AMBASS CHINE;Bon NIU;036004
SOCIETE DE DISTRIBUTION ALIMENTAIRE DU CAMEROUN;SODIACAM;M126600000776J;NEGOCE PRODUITS ALIMENTAIRES;;RPM;1171;233422039/699503753;SA;DGE;DGE;LITTORAL;WOURI;DOUALA;DOUALA 1;AKWA;Boulevard LECLERC;Bon NIU;032005
EMPLOI SERVICE;EMPLOI SERVICE;M079400001121P;PLACEMENT MAIN D'OEUVRE;;RPM;5212;33423491;SARL;DGE;DGE;LITTORAL;WOURI;DOUALA;DOUALA 1;BONADIBON;Nouvelle route;Bon NIU;038001
CAMEROON TELECOMMUNICATION;CAMTEL;M099800009853S;POSTES ET TELECOMMUNICATIONS;;RPM;1571;2234065;SA;DGE;DGE;CENTRE;MFOUNDI;YAOUNDE;YAOUNDE 1;YAOUNDE;;Bon NIU;035004
ERICSSON CAMEROON S.A;ERICSSON CAMEROON;M100100013050X;POSTES ET TELECOMMUNICATIONS;;RPM;12915;77548212;SA;DGE;DGE;LITTORAL;WOURI;DOUALA;DOUALA 1;;IMMEUBLE GICAM;Bon NIU;035004
ESER CONTRACTING & INDUSTRY;ESER CONTRACTING;M091100038085T;PREPARATION DES SITES & CONSTRUCTION D'O;;RPM;6650;99912112;SA;DGE;DGE;CENTRE;MFOUNDI;YAOUNDE;YAOUNDE 1;BASTOS;ROSA PARK AVENUE;Bon NIU;031001
LES BATISSEURS REUNIS;LES BATISSEURS REUNIS;M030400016838H;PREPARATION DES SITES & CONSTRUCTION D'O;;RPM;5908;233429393;SA;DGE;DGE;LITTORAL;WOURI;DOUALA;DOUALA 1;YOUPWE;ZONE PORTUAIRE;Bon NIU;031001
ALPHA OFFSHORE DRILLING SERVICES COMPANY;ALPHA  OFFSHORE;M061000032451P;PRESTATION SERVICES;;RPM;4389;673444722;SA;DGE;DGE;LITTORAL;WOURI;DOUALA;DOUALA 1;BONAPRISO;IMM SAPPRI CAMHEL;Bon NIU;032014
ENCOBAT SA;ENCOBAT SA;M061512338305A;PRESTATION SERVICES;;RPM;15310;691474268;SA;DGE;DGE;ND;ND;ND;ND;ANCIEN MAKUMBA;;Bon NIU;032014
SOCIETE ITG STORE SA;ITG STORE SA;M100600021662E;PRESTATION SERVICES;;RPM;812;233436361;SA;DGE;DGE;LITTORAL;WOURI;DOUALA;DOUALA 1;AKWA;COMMISSARIAT 4E;Bon NIU;032014
SOLETANCHE BACHY CAMEROUN;SOLETANCHE BACHY;M031200040266S;PRESTATION SERVICES;;RPM;6137;22206980/677616272;SAS;DGE;DGE;CENTRE;MFOUNDI;YAOUNDE;YAOUNDE 1;BASTOS;Vers CABINET AXYS;Bon NIU;032014
WEATHERFORD SERVICES&R LTD;WEATHERFORD;M020900027805F;PRESTATIONS DIVERSES;;RPM;5756;33407345;SARL;DGE;DGE;LITTORAL;WOURI;DOUALA;DOUALA 1;DEIDO;BASE UIC;Bon NIU;032014
SOCIETE PARLYM CAMEROUN;PARLYM CAMEROUN;M071100037519Z;PRESTATIONS DIVERSES ET COMMERCE;;RPM;12153;243428793;SARL;DGE;DGE;ND;ND;ND;ND;BONANJO;FIDUCIA;Bon NIU;032014
SOCIETE PARLYM INTERNATIONAL;PARLYM;M071100037551Z;PRESTATIONS DIVERSES ET COMMERCE;;RPM;12153;243428793;SA;DGE;DGE;LITTORAL;WOURI;DOUALA;DOUALA 1;BONANJO;1 rue Dikoumé Bell-Bali;Bon NIU;032014
TECHNOLOGY SHARE SERVICES AFRICA SA-;T2S AFRICA;M060800025832D;PRESTATIONS INFORMATIQUES ET TELECOM;;RPM;1925;;SA;DGE;DGE;LITTORAL;WOURI;DOUALA;DOUALA 1;BONANJO;BICEC;Bon NIU;032014
DOUAL'AIR;DOUAL'AIR;M017700008396Q;PRESTATIONS SERVICES;;RPM;310;33423110;SA;DGE;DGE;LITTORAL;WOURI;DOUALA;DOUALA 1;;Aéroport de Douala;Bon NIU;032014
PORT AUTONOME DE DOUALA;PAD;M069900009499X;PRESTATIONS SERVICES PORTUAIRES;;RPM;4020;3420133;SCP;DGE;DGE;LITTORAL;WOURI;DOUALA;DOUALA 1;DOUALA;Bonanjo;Bon NIU;032014
LES CIMENTERIES D'AFRIQUE CAMEROUN SA;CIMAF;M051200041251Y;PROD ET COM PRODUITS CHIMIQUES;;RPM;9457;79517171;SA;DGE;DGE;LITTORAL;WOURI;DOUALA;DOUALA 1;BONABERI;ZI MAGZI BONABERI;Bon NIU;020001
UNION CAMEROUNAISE DES BRASSERIES;UCB;M087100001882N;PRODUCTION BIERE ET BOISSON GAZEUSE;;RPM;638;3437491;SA;DGE;DGE;LITTORAL;WOURI;DOUALA;DOUALA 1;BASSA;ROUTE DE NDOKOTI;Bon NIU;013001
OK FOODS CAMEROUN;OK FOODS CAMEROUN;M029800008535R;PRODUCTION BISCUITS;;RPM;3033;3391246/339 28 71/72;SARL;DGE;DGE;LITTORAL;WOURI;DOUALA;DOUALA 4;BONAMATOUMBE;RUE MOORE;Bon NIU;011001
NESTLE CAMEROUN;NESTLE CAMEROUN;M038100000201T;PRODUCTION DE LAIT;;RPM;1154;3429921;SA;DGE;DGE;LITTORAL;WOURI;DOUALA;DOUALA 1;AKWA;;Bon NIU;012001
SOCIETE AFRICAINE FORESTIERE;SAFACAM;M126200000967B;PRODUCTION DES HUILES;;RPM;100;9504441;SA;DGE;DGE;LITTORAL;WOURI;DOUALA;DOUALA 1;DIZANGUE;KILOMETRE 3;Bon NIU;010001
SOCIETE CAMEROUNAISE DE TRANSFORMATION METALLURGIQUE;SCTM;M118600000580Q;PRODUCTION ET COMMERCE DE GAZ;;RPM;9091;3390016;SA;DGE;DGE;LITTORAL;WOURI;DOUALA;DOUALA 4;BONABERI;BOJONGO BEDI;Bon NIU;029002
DIBAMBA POWER DEVELOPMENT COMPANY;DPDC;M031000032483L;PRODUCTION ET DISTRIBUTION ELECTRIQ;;RPM;4077;243421553;SA;DGE;DGE;LITTORAL;WOURI;DOUALA;DOUALA 1;KOUMASSI/BALI;RUE BERTAUT;Bon NIU;029001
KRIBI POWER DEVELOPMENT COMPANY;KPDC;M090700025413Z;PRODUCTION ET DISTRIBUTION ENERGIE;;RPM;4077;243 421 553;SA;DGE;DGE;LITTORAL;WOURI;DOUALA;DOUALA 1;KOUMASSI/BALI;RUE BERTAUT;Bon NIU;029001
SOCIETE CAMEROUNAISE DE TRANSFORMATION DE BLE SA;SCTB SA;M119300001344R;PRODUCTION FARINE DE BLE;;RPM;15402;3370858;SA;DGE;DGE;LITTORAL;WOURI;DOUALA;DOUALA 1;NDOGSIMBI;DOUAL-BASSA (ZONE INDUSTRIELLE );Bon NIU;008001
SOCIETE CAMEROUNAISE DE PALMERAIES;SOCAPALM;M078000000370G;PRODUCTION HUILE DE PALME;;RPM;691;3391313;SA;DGE;DGE;LITTORAL;WOURI;DOUALA;DOUALA 1;DIBOMBARI;TILLO;Bon NIU;010001
LA PASTA;LA PASTA;M050100012144A;PRODUCTION PATES;;RPM;1887;3392916;SARL;DGE;DGE;LITTORAL;WOURI;DOUALA;DOUALA 4;;;Bon NIU;011002
SOCIETE DE FABRICATIONS DES VINS DU CAMEROUN;SOFAVINC;M129200000448L;PRODUCTION VINS;;RPM;13594;2311018;SARL;DGE;DGE;CENTRE;MFOUNDI;YAOUNDE;YAOUNDE 1;NSAM;ECHANGEUR;Bon NIU;013002
THE ENERGY OF CAMEROON;ENEO CAMEROON;M057400001633D;PRODUCTION, COLLECTE, TRANSPORT ET DISTR;;RPM;4077;3428309;SA;DGE;DGE;LITTORAL;WOURI;DOUALA;DOUALA 1;BONANJO;AVENUE CHARLES DE GAULLE;Bon NIU;029001
LABOREX CAMEROUN;LABOREX CAMEROUN;M017500000059P;PRODUITS PHARMACEUTIQUES;;RPM;483;33438869;SA;DGE;DGE;LITTORAL;WOURI;DOUALA;DOUALA 1;Ndongbong;Rue pasteur Lotin SAME;Bon NIU;020003
COMMERCE GENERAL ET INTERNATIONAL;COGENI;M119100000795L;QUINCAILLERIE;;RPM;5751;233424703;SARL;DGE;DGE;CENTRE;MFOUNDI;YAOUNDE;YAOUNDE 1;AKWA;NGODI;Bon NIU;032006
SOCIETE QUIFEUROU CAMEROUN;SOQUICAM;M058900000111H;QUINCAILLERIE;;RPM;6787 ;2 33 50 63 00;SARL;DGE;DGE;LITTORAL;WOURI;DOUALA;DOUALA 2;BONANJO;Port autonome;Bon NIU;032006
SOCIETE DE REPRESENTATION ET DE COMMERCE;SOREPCO;M078900001041R;QUINCAILLERIE ET PRODUITS ALIMENTAIRES;;RPM;2854;33 42 72 92/699 50 33 09;SA;DGE;DGE;LITTORAL;WOURI;DOUALA;DOUALA 1;AKWA;;Bon NIU;032006
SOCIETE CAMEROUNAISE DE RAFFINAGE MAYA & CIE;SCR MAYA;M018800000655Y;RAFFINAGE HUILE;;RPM;2851;3391334;SA;DGE;DGE;LITTORAL;WOURI;DOUALA;DOUALA 4;BONABERI;;Bon NIU;010002
SOCIETE NATIONALE DE RAFFINERIE;SONARA;M127600000247N;RAFFINAGE PETROLE BRUT;;RPM;385;3423815/333 22 38;SA;DGE;DGE;SOUTH WEST;FAKO;LIMBE;LIMBE 2e;CAP LIMBOH;CAP LIMBOH;Bon NIU;010002
HYGIENE ET SALUBRITE DU CAMEROUN;HYSACAM;M029600007893Z;RAMASSAGE DES ORDURES;;RPM;1420;233378087;SA;DGE;DGE;LITTORAL;WOURI;DOUALA;DOUALA 1;DOUALA BASSA;DOUALA;Bon NIU;030003
WÄRTSILA CENTRAL AFRICA;WÄRTSILA CENTRAL AFRICA;M110700023596N;RECHERCHE DEVELOPPEMENT EN MOTEUR DIESEL;;RPM;15198;33 43 28 76;SA;DGE;DGE;LITTORAL;WOURI;DOUALA;DOUALA 1;AKWA;RUE LOTTIN SAME;Bon NIU;038006
EUROIL LIMITED;EUROIL;M119500012111E;RECHERCHE ET EXPLORATION PETROLIERE;;RPM;93;233438656/233437272;SA;DGE;DGE;LITTORAL;WOURI;DOUALA;DOUALA 1;AKWA;A COTE DE L'UNIVERSITE DE LA COTE;Bon NIU;005001
GAZ DU CAMEROUN;GAZ DU CAMEROUN;M010700023025B;RECHERCHE ET EXPLORATION PETROLIERE;;RPM;4312;233428209/233437453;SARL;DGE;DGE;LITTORAL;WOURI;DOUALA;DOUALA 1;BONAPRISO ANCIEN SNEC;RUE VASNITEX;Bon NIU;005001
GLENCORE EXPLORATION LTD;GLENCORE;M040800024299W;RECHERCHE ET EXPLORATION PETROLIERE;;RPM;4736;670287893;SARL;DGE;DGE;LITTORAL;WOURI;DOUALA;DOUALA 1;BONAPRISO;RUE UTA;Bon NIU;005001
ADDAX PETROLEUM CAMEROUN;ADDAX;M100200014425F;RECHERCHE PETROLIERE;;RPM;1468;33437318;SA;DGE;DGE;LITTORAL;WOURI;DOUALA;DOUALA 1;BONANJO;FACE DIRECTION CAMAIR PLATEAU DJOSS;Bon NIU;005002
BOLUDA CAMEROUN;BOLUDA CAMEROUN;M030000016474Q;REMORQUAGE DES NAVIRES,LAMANAGE;;RPM;2341;3436970;SARL;DGE;DGE;LITTORAL;WOURI;DOUALA;DOUALA 1;BONANJO;CRTV;Bon NIU;034006
CHANTIER NAVAL et Industrie du Cameroun;CNIC;M028800000369S;REPARATION NAVIRES;;RPM;2389;33 40 34 88/ 33 40 15 60;SA;DGE;DGE;LITTORAL;WOURI;DOUALA;DOUALA 1;DOUALA/ZONE INDUSTRIELLE;DEIDO/Zonz industrielle;Bon NIU;028001
SODEXO CAMEROUN;SODEXO CAMEROUN;M077700008355E;RESTAURATION;;RPM;992;342 82 80/342 06 76;SA;DGE;DGE;LITTORAL;WOURI;DOUALA;DOUALA 1;AKWA;Rue CASTEL NAU;Bon NIU;033001
AZUR S.A;AZUR;M019500008536N;SAVONNERIE;;RPM;378;33433699;SA;DGE;DGE;LITTORAL;WOURI;DOUALA;DOUALA 1;YASSA;;Bon NIU;020002
SAVONS OLEAGINEUX ET COSMETIQUES CAMEROU;S.O.C CAMEROUN SARL;M017500000100E;SAVONNERIE;;RPM;636;3441370;SARL;DGE;DGE;OUEST;MIFI;BAFOUSSAM;BAFOUSSAM 1er;BAFOUSSAM;BAFOUSSAM;Bon NIU;020002
SOCIETE CAMEROUNAISE DE SAVONNERIE;SCS;M059500013696U;SAVONNERIE;;RPM;29;3445869;SARL;DGE;DGE;OUEST;MIFI;BAFOUSSAM;BAFOUSSAM 2e;KAMKO;ROUTE BAMENDA ( DERRIERE PALACE );Bon NIU;020002
CENTRE INDUSTRIEL ET FORESTIER DE MINDOUROU;CIFM;M059600008291Q;SCIERIE;;RPM;394;3426892;SA;DGE;DGE;LITTORAL;WOURI;DOUALA;DOUALA 1;DOUALA;N°478 AVENUE DES COCOTIERS;Bon NIU;017001
SOCIETE DES GRUMES DU CAMEROUN;GRUMCAM;M106800000308A;SCIERIE;;RPM;1959;3391979;SARL;DGE;DGE;LITTORAL;WOURI;DOUALA;DOUALA 4;BONABERI;MAMBANDA;Bon NIU;017001
CIBLE RH EMPLOI;CIBLE RH;M100300015976N;SECURITE SOCIALE;;RPM;3462;33438888/22221026/699806029;SARL;DGE;DGE;LITTORAL;WOURI;DOUALA;DOUALA 1;AKWA;Face Total;Bon NIU;039002
BAKER HUGHES  CAMEROON S.A;BAKER HUGHES;M017800000423D;SOUS TRAITANCE PETROLIERE;;RPM;1245;33407301/99022683;SA;DGE;DGE;LITTORAL;WOURI;DOUALA;DOUALA 1;BONAPRISO;IMMEUBLE BICEC;Bon NIU;005003
SOCIETE DE DISTRIBUTION DU CAMEROUN;SODICAM;M089400000479Q;SUPERMARCHE;;RPM;1171;3422039;SA;DGE;DGE;LITTORAL;WOURI;DOUALA;DOUALA 1;BONADOUMA;;Bon NIU;032008
SABM;SABM;M027800001456F;SYLVICULTURE ET EXPLOITATION;;RPM;3181;3422439;;DGE;DGE;LITTORAL;WOURI;DOUALA;;;;Bon NIU;003001
ECAM PLACAGE;ECAM PLACAGE;M037600001188N;SYLVICULTURE ET EXPLOITATION FORESTIERE;;RPM;76;2281730;SA;DGE;DGE;CENTRE;NYONG ET SO'O;MBALMAYO;MBALMAYO;MBALMAYO;NSENG-NLONG;Bon NIU;003001
EXPLOITATION FORESTIERE MIGUEL KHOURY;EFMK;M040400018203U;SYLVICULTURE ET EXPLOITATION FORESTIERE;;RPM;3181;342 24 39;SARL;DGE;DGE;LITTORAL;WOURI;DOUALA;DOUALA 2;BONAPRISO;107 RUE DOMINIQUE SAVIO;Bon NIU;003001
GREEN VALLEY, INC;GREEN VALLEY, INC;M069500010962X;SYLVICULTURE ET EXPLOITATION FORESTIERE;;RPM;1605;3428095;SA;DGE;DGE;LITTORAL;WOURI;DOUALA;DOUALA 1;km 25 axe lourd Douala Edéa;MISSOLE;Bon NIU;003001
SOCIETE INDUSTRIELLE ET FORESTIERE DE LA LOKOUNJE;SFIL;M027200001877M;SYLVICULTURE ET EXPLOITATION FORESTIERE;;RPM;12065;3428095;SA;DGE;DGE;LITTORAL;WOURI;DOUALA;DOUALA 1;km 25 axe lourd Douala Edéa;MISSOLE;Bon NIU;003001
IHS MAURITIUS CAMEROON LIMITED;IHS CAMEROON;M091200042863X;TELECOMMUNICATION;;RPM;1245;70960379;SA;DGE;DGE;LITTORAL;WOURI;DOUALA;DOUALA 1;AKWA;IMMEUBLE BICEC AKWA;Bon NIU;035004
VIETTEL CAMEROUN;VIETTEL CAMEROUN;M051211113444N;TELECOMMUNICATION;;RPM;87;75689689;SARL;DGE;DGE;LITTORAL;WOURI;DOUALA;YAOUNDE 1;AKWA;FACE PALAIS DIKA AKWA;Bon NIU;035004
VODACOMBUSINESS CAMEROON;VODACOM;M101100040359P;TELECOMMUNICATION;;RPM;4510;243438056;SA;DGE;DGE;LITTORAL;WOURI;DOUALA;DOUALA 1;AKWA;IMMEUBLE DOUALA STOCK EXCHANGE;Bon NIU;035004
HUAWEI TECHNOLOGIES COMPANY CAMEROON;HUAWEI TECHNOLOGIES;M110500019442U;TELECOMMUNICATIONS ET MAINTENANCE;;RPM;4427;22200199;SA;DGE;DGE;CENTRE;MFOUNDI;YAOUNDE;YAOUNDE 1;BASTOS;DESCENTE DERRIERE KETCH;Bon NIU;035004
MOBILE TELECOMMUNICATION NETWORK;MTN;M099800009100C;TELEPHONIE MOBILE;;RPM;15574;3437606;SA;DGE;DGE;LITTORAL;WOURI;DOUALA;DOUALA 1;;BOULEVARD DE LA LIBERTE;Bon NIU;035004
ORANGE CAMEROUN SA;ORANGE;M059900009243M;TELEPHONIE MOBILE;;RPM;1864;342 01 11;SA;DGE;DGE;LITTORAL;WOURI;DOUALA;DOUALA 1;AKWA;RUE LIBERTE;Bon NIU;035004
SOCIETE CAMEROUNAISE DE PURIFICATION DE SEL;SOCAPURSEL SA;M019900012074X;TRAITEMENT ET RAFFINAGE DE SEL;;RPM;15136;3401321;SA;DGE;DGE;LITTORAL;WOURI;DOUALA;DOUALA 1;ZONE PORTUAIRE;BASE ELF;Bon NIU;003003
HYDROCARBURES ANALYSES CONTROLES;HYDRAC;M058200008380F;TRAITEMENT HYDROCARBURES;;RPM;12806;33370436;SA;DGE;DGE;LITTORAL;WOURI;DOUALA;DOUALA 3;NDOKOTI;Route du centre industriel;Bon NIU;005001
INTERNATIONAL SUGAR COMPANY;INSUCO S.A;M011512261206T;TRANSFORMATION AGRO ALIMENTAIRE;;RPM;16297;699003251;SA;DGE;DGE;ND;ND;ND;ND;AKWA;FACE CENTRE LINGUIST;Bon NIU;012002
COMPAGNIE CAMEROUNAISE DE L'ALUMINIUM SA;ALUCAM;M125400001024N;TRANSFORMATION ALUMINIUM;;RPM;54;233 50 44 00;SA;DGE;DGE;LITTORAL;SANAGA-MARITIME;EDEA;EDEA 1er;ILE SANAGA EDEA;A COTE DE CMES A 1 KM DE L'AXE LOURD;Bon NIU;023000
SOCIETE CAMEROUNAISE DE TRANSFORMATION DE L'ALUMINIUM;SOCATRAL;M096000001022A;TRANSFORMATION ALUMUNIUM;;RPM;291;3464311;SA;DGE;DGE;LITTORAL;SANAGA-MARITIME;EDEA;EDEA 2e;EDEA;EDEA;Bon NIU;023000
SOCIETE INDUSTRIELLE CAMEROUNAISE DES CACAOS;SIC CACAO;M044900001073G;TRANSFORMATION CACAO;;RPM;570;3408810;SA;DGE;DGE;LITTORAL;WOURI;DOUALA;DOUALA 1;BASSA;;Bon NIU;009001
ALPICAM INDUSTRIE;ALPICAM INDUSTRIE;M099600008376K;TRANSFORMATION DE BOIS;;RPM;2130;3391979;SARL;DGE;DGE;LITTORAL;WOURI;DOUALA;DOUALA 4;BONABERI;ZONE INDUSTRIEL Bonabéri;Bon NIU;017001
SOCIETE PLACAGES DU CAMEROUN;PLACAM;M019700005624T;TRANSFORMATION DE BOIS;;RPM;1686;3432578;SA;DGE;DGE;LITTORAL;WOURI;DOUALA;DOUALA 1;YASSA BAKOKO;AXE LOURD YDE-DLA;Bon NIU;017001
SOCIETE LE GRAND MOULIN DU CAMEROUN;SGMC;M118500001872A;TRANSFORMATION DES CEREALES;;RPM;12474;33432376;SA;DGE;DGE;LITTORAL;WOURI;DOUALA;DOUALA 1;BONANJO;;Bon NIU;011001
SOCIETE INDUSTRIELLE DE MBANG;SIM SA;M129500009839H;TRANSFORMATION GRUMES;;RPM;2644;699800495;SA;DGE;DGE;CENTRE;MFOUNDI;YAOUNDE;YAOUNDE 4;AHALA II;BARRIERE;Bon NIU;017001
SOCIETE INDUSTRIELLE DE TRANSFORMATION DE BLE AU CAMEROUN;SITRABCAM;M010200013373L;TRANSFORMATION INDUSTRIELLE BLE;;RPM;9442;33392309;SARL;DGE;DGE;LITTORAL;WOURI;DOUALA;DOUALA 1;BOMONO;BA MBENGUE;Bon NIU;008001
OK PLAST-CAM;OK PLAST-CAM;M070100013112E;TRANSFORMATION PLASTIQUE;;RPM;3033;339 14 27;SA;DGE;DGE;LITTORAL;WOURI;DOUALA;DOUALA 4;BONABERI;zone MAGZI;Bon NIU;021003
SOCIETE CAMEROUNAISE DE PRODUITS LAITIERS SA;CAMLAIT;M117200000887N;TRANSFORMATION PRODUITS LAITIERS;;RPM;1838;3374460;SA;DGE;DGE;LITTORAL;WOURI;DOUALA;DOUALA 1;DOUALA-BASSA;ZONE INDUSTRIELLE A COTE SHO-TRACTAFRIC;Bon NIU;012001
SOCIETE NOUVELLE DE  CONTREPLAQUES DU CAMEROUN;SN COCAM;M019300001421D;TRANSFORMATION VENTE GRUMES;;RPM;3181;3422439;SA;DGE;DGE;LITTORAL;WOURI;DOUALA;DOUALA 1;;;Bon NIU;017001
SOCIETE CAMEROUNAISE D'OPERATIONS MARITIMES;SOCOMAR;M019700003909J;TRANSIT/ACONNAGE;;RPM;12351;3424550;SA;DGE;DGE;LITTORAL;WOURI;DOUALA;DOUALA 1;;;Bon NIU;034006
DAMCO CAMEROUN S.A;DAMCO CAMEROUN SA;M120900029454G;TRANSITAIRE;;RPM;12414;33500500;SA;DGE;DGE;LITTORAL;WOURI;DOUALA;DOUALA 1;BONANJO;PLACE UDEAC;Bon NIU;034006
GROUPE DES ENTREPRISES DE TRANSPORT MARITIME ET AERIEN;GETMA CAMEROUN SA;M109200007625L;TRANSITAIRE;;RPM;4144;673430820;SA;DGE;DGE;LITTORAL;WOURI;DOUALA;DOUALA 1;BONANJO;Avenue Charles Degaulle;Bon NIU;034006
APM TERMINALS CAMEROUN SA;APM  TERMINALS;M011400048523K;TRANSITAIRE ACCONIER;;RPM;12414;33433854;SA;DGE;DGE;LITTORAL;WOURI;DOUALA;DOUALA 1;BONANJO;AVANT COPS;Bon NIU;034006
MI OVERSEAS LIMITED CAMEROON BRANCH;MI OVERSEAS;M109900009686F;TRANSITAIRE ACCONIER;;RPM;1043;99914843;SA;DGE;DGE;LITTORAL;WOURI;DOUALA;DOUALA 1;VERS UIC;AVANT COPS;Bon NIU;034006
GEODIS PROJECTS CAMEROON;GP CAM;M030300014847W;TRANSPORT;;RPM;359;99684781;SARL;DGE;DGE;LITTORAL;WOURI;DOUALA;DOUALA 1;BONANJO;Derrière hotel le Méridien;Bon NIU;034004
SOCIETE DU LITTORAL POUR EXPLOITATION;SOLET;M079300001730L;TRANSPORT;;RPM;914;3427928;SARL;DGE;DGE;LITTORAL;WOURI;DOUALA;DOUALA 1;;;Bon NIU;034004
TRANSPORT IMPORT EXPORT;TRANSIMEX;M079800008395L;TRANSPORT;;RPM;3191;3001828;SA;DGE;DGE;LITTORAL;WOURI;DOUALA;DOUALA 1;Boanajo;Zone Naval (à côté de NFL BANK);Bon NIU;034004
TRANSPORT JEAN KHOURY;TJK;M029500000357T;TRANSPORT;;RPM;5683;33 47 41 09/677 99 28 13;SARL;DGE;DGE;LITTORAL;WOURI;DOUALA;DOUALA 1;Bonanjo;Face Afriland Frist Bank, Ambassade d'Espagne;Bon NIU;034004
TRANSPORT OMAIS AHMED;TRANSPORT OMAIS AHMED;P014000000103M;TRANSPORT;;RPP;18;697 89 9704/697 89 9704;ENTREPRISE IND.;DGE;DGE;ADAMAOUA;VINA;NGAOUNDERE;NGAOUNDERE 2e;MABANGA;;Bon NIU;034004
TRANSPORT OMAIS KASSIM SELECTA SUARL;TRANSPORT OMAIS KASSIM;M070100012441W;TRANSPORT;;RPM;72;22252505;SARL;DGE;DGE;ADAMAOUA;VINA;NGAOUNDERE;NGAOUNDERE 2e;GARE FERROVIAIRE;;Bon NIU;034004
UNITED TRANSPORT AFRICA;UTA;M077800010977F;TRANSPORT;;RPM;1912;339-63-31;SA;DGE;DGE;LITTORAL;WOURI;DOUALA;DOUALA 4;BONABERI;;Bon NIU;034004
HELI-UNION SUCCURSALE;HELI-UNION;M021100035806E;TRANSPORT AERIEN PAR HELICOPTERE;;RPM;5439;99800163;SA;DGE;DGE;LITTORAL;WOURI;DOUALA;DOUALA 1;BONAPRISO;IMMeuble SAPPRI CAMHEL;Bon NIU;034005
COMPAGNIE FORESTIERE DE L'EST;CFE;M108900004386A;TRANSPORT BOIS;;RPM;442;2241432;SARL;DGE;DGE;EST;KADEY;BERTOUA;BERTOUA 2e;BERTOUA;BERTOUA;Bon NIU;034004
DELTA TRANSPORT;DELTA TRANSPORT;M011000029885J;TRANSPORT DE MARCHANDISES;;RPM;171;77600707/55980066/77374044;SARL;DGE;DGE;LITTORAL;WOURI;DOUALA;DOUALA 1;YOUPWE;Derrière GETMA;Bon NIU;034004
STE DE TRANSPORT DE COMMERCE ET DIVERS;SOTRAC SARL;M101412175624T;TRANSPORT DE MARCHANDISES;;RPM;11135;674906855;SARL;DGE;DGE;ND;ND;ND;ND;BONABERI;FACE CAMTEL;Bon NIU;034004
TRANS AFRIQUE LOGISTICS CAMEROUN;TRANS AFRIQUE LOGISTICS;M041000031224B;TRANSPORT DE MARCHANDISES;;RPM;15303;33140628/33425790;SA;DGE;DGE;LITTORAL;WOURI;DOUALA;DOUALA 2;BASE NAVALE;Zone portuaire;Bon NIU;034004
ZALI SARL;ZALI SARL;M020500018135W;TRANSPORT DE MARCHANDISES;;RPM;310;33442733;SARL;DGE;DGE;OUEST;MIFI;BAFOUSSAM;BAFOUSSAM 1er;DJELEUG IV;FEU ROUGE;Bon NIU;034004
SOCIETE DE TRANSPORT ET DE COMMERCE;STC;M100300016212R;TRANSPORT DES GRUMES;;RPM;15012;33 04 03 43;SA;DGE;DGE;LITTORAL;WOURI;DOUALA;DOUALA 1;AKWA;DOMAINE PORTUAIRE;Bon NIU;034004
ENTREPRISE DE TRANSPORT DES HYDROCARBURE;ETH;M010300015121P;TRANSPORT ET LOGISTIQUE;;RPM;15;33446627;SARL;DGE;DGE;OUEST;MIFI;BAFOUSSAM;BAFOUSSAM 2e;BAFOUSSAM;FACE AIRPORT HOTEL;Bon NIU;034004
CAMEROON RAILWAYS SA;CAMRAIL;M069800008230L;TRANSPORT FERROVIAIRE;;RPM;766;3404940;SA;DGE;DGE;LITTORAL;WOURI;DOUALA;DOUALA 1;BESSENGUE;Gare centrale;Bon NIU;034001
CAMEROON OIL TRANSPORTATION COMPANY - S.A.;COTCO;M089700006137L;TRANSPORT HYDROCARBURE;;RPM;3738;3433500;SA;DGE;DGE;LITTORAL;WOURI;DOUALA;DOUALA 1;BONAPRISO;164 RUE TOYOTA;Bon NIU;034004
SOCIETE TRANSPORT OMAIS KASSIM ABOU KHALED;STOKAK;M091000041470R;TRANSPORT ROUTIER DE MARCHANDISES;;RPM;18;2225 12 59/75294119;SARL;DGE;DGE;SOUTH WEST;MANYU;MAMFE;MAMFE;;;Bon NIU;034004
ADVANCED MARITIME TRANSPORT;AMT CAMEROUN;M041000031177E;TRANSPORT TRANSIT;;RPM;15651;696464646;SA;DGE;DGE;LITTORAL;WOURI;DOUALA;DOUALA 1;BONANJO;AVENUE DE GAULLE;Bon NIU;034004
SINOMACH CAMEROUN;SINOMACH CAMEROUN;M051512328604C;TRAVAUX D'INSTALLATION ET DE FINITION;;RPM;13185;691574870;SARL;DGE;DGE;CENTRE;MFOUNDI;YAOUNDE;YAOUNDE 1;BASTOS;ROND POINT BASTOS;Bon NIU;031002
CHINA FIRST HIGHWAY ENGINEERING COMPANY;CFHECC;M121200043820D;TRAVAUX PUBLICS;;RPM;6532;;SA;DGE;DGE;LITTORAL;WOURI;DOUALA;DOUALA 3;MBANGA BAKOKO;BASE CRBC;Bon NIU;031001
EGIS CAMEROUN;EGIS CAMEROUN;M018000000822D;TRAVAUX PUBLICS;;RPM;911;2221185;SA;DGE;DGE;CENTRE;MFOUNDI;YAOUNDE;YAOUNDE 1;CENTRE VILLE;Hypodrome;Bon NIU;031001
RAZEL CAMEROUN;RAZEL CAMEROUN;M077800000953N;TRAVAUX PUBLICS;;RPM;11306;2220306;SA;DGE;DGE;CENTRE;MFOUNDI;YAOUNDE;YAOUNDE 1;;Le Titanic;Bon NIU;031001
SOCIETE DE ROUTES ET DE BATIMENTS;SOROUBAT;M081612554672W;TRAVAUX PUBLICS;;RPM;13031;233429963;SA;DGE;DGE;LITTORAL;WOURI;DOUALA;DOUALA 2;AKWA;BOULEVARD DE LA LIBERTE;Bon NIU;031001
ROUTE D'AFRIQUE;ROUTD'AF;M041300045685N;TRAVAUX PUBLICS ET PRIVES;;RPM;12117;679744607;SA;DGE;DGE;LITTORAL;WOURI;DOUALA;DOUALA 3;BASSA;Terminus;Bon NIU;031001
NEGRI CAMEROUN  PARC A BOIS;NEGRI CAMEROUN  PARC A BO;M081512436346A;TRAVAUX SOUS MARINS;;RPM;12153;233428793;SA;DGE;DGE;LITTORAL;WOURI;DOUALA;DOUALA 1;BONANJO;VALLEE DES MINISTRES;Bon NIU;031001
BOLLORE TRANSPORT ET LOGISTICS CAMEROUN;BOLLORE TRANSPORT ET LOGI;M114900000734H;USURE;;RPM;450;233 50 02 33;SA;DGE;DGE;LITTORAL;WOURI;DOUALA;DOUALA 1;BONANJO;Vallée Tokoto - Zone des Professions Maritimes;Bon NIU;034006
HALLI BURTON (SAS);HALLI BURTON (SAS);M019900008029N;USURE;;RPM;5442;3422696;SUCC;DGE;DGE;LITTORAL;WOURI;DOUALA;DOUALA 1;YOUPWE;Zone portuaire;Bon NIU;034006
BOISSONS VINS SPIRITUEUX SAS;BVS SAS;M061612546946U;VENTE DE BOISSONS;;RPM;0;6000000;SA;DGE;DGE;LITTORAL;WOURI;DOUALA;DOUALA 1;BBR;BBR;Bon NIU;033002
PHARMACAM;PHARMACAM;M038700000710R;VENTE DE PRODUITS PHARMACEUTIQUES;;RPM;11565;22310023;SA;DGE;DGE;CENTRE;MFOUNDI;YAOUNDE;YAOUNDE 1;NSAM;CARREFOUR;Bon NIU;032007
TRACTAFRIC MOTORS SA;TRACTAFRIC MOTORS SA;M098300000302T;VENTE DE VEHICULES;;RPM;4181;3378836;SA;DGE;DGE;LITTORAL;WOURI;DOUALA;DOUALA 1;BASSA;;Bon NIU;032001
TOTAL CAMEROUN S A;TOTAL  CAMEROUN S A;M017600001859S;VENTE DES PRODUITS PETROLIERS;;RPM;4048;342 11 24/230 33 77/342 63 41;SA;DGE;DGE;LITTORAL;WOURI;DOUALA;DOUALA 1;AKWA;BOULEVARD DE LA LIBERTE;Bon NIU;032014
COLOR CERAMICA;COLOR CERAMICA;M029900008885E;VENTE PEINTURE;;RPM;5999;33433355;SA;DGE;DGE;LITTORAL;WOURI;DOUALA;DOUALA 1;;Boulevard LECLERC;Bon NIU;032007
SOCIETE MODERNE DE PNEUMATIQUE DU CAMEROUN;SMPC;M045800000404J;VENTE PNEUS;;RPM;1039;3394686;SARL;DGE;DGE;LITTORAL;WOURI;DOUALA;DOUALA 4;BONABERI;Grand hangard;Bon NIU;032003
AGRI SHOP SARL;AGRI SHOP SARL;M010500017904H;VENTE PRODUITS CHIMIQUES;;RPM;25263;22230896;SARL;DGE;DGE;ND;ND;ND;ND;MBALMAYO;MBALMAYO;Bon NIU;032007
LOUIS DREYFUS COMMODITIES CAMEROUN;LDC CAMEROUN;M018200000325R;VENTE PRODUITS CHIMIQUES;;RPM;2368;33399116;SA;DGE;DGE;LITTORAL;WOURI;DOUALA;DOUALA 4;BONABERI;Zone industrielle;Bon NIU;032007
POLYPHARMA SARL;POLYPHARMA SARL;M059000001754U;VENTE PRODUITS PARA MEDICAUX;;RPM;8143;33400865;SARL;DGE;DGE;LITTORAL;WOURI;DOUALA;DOUALA 1;BESSENGUE;Entre la gare et le feu rouge;Bon NIU;032007
RW KING;RW KING;M018000000428R;VENTE TEXTILE;;RPM;4022;33425945;SARL;DGE;DGE;LITTORAL;WOURI;DOUALA;DOUALA 1;AKWA;Boulevard LECLERC;Bon NIU;032007
