Client;Mission;Division;Invoice N°;Date;Manager;Partner;Etat;Montant facturé;Montant payé;Solde à payer;;
PAD;Assist. Tax & legal 2021;Tax;016/EBP/2023/EFB/SHV;07/06/2021;AE;EB;En attente;2 000 000;0;2 000 000;;
CECEC;Assistance juridique;Legal Services;001/EBP/2021/ARO;07/06/2021;AE;EB;En attente;1 500 000;0;1 500 000;;
PSK SARL;Assistance juridique et fiscale permanente;Tax;006/EBP/2021/ARO;08/06/2021;AE;EB;En attente;250 000;0;250 000;;
MBOKA;Assistance juridique;Legal Services;002/EBP/2021/ARO;08/06/2021;AE;EB;En attente;2 500 000;0;2 500 000;;
SABC;Audit de la TVA sur le fuel;Tax;008/EBP/2021/EFB/ARO;05/08/2021;AE;EB;En attente;2 838 700;0;2 838 700;;
EXCO;Due diligence juridique, fiscale et sociale;Tax;011/EBP/2021/EFB/ARO;16/09/2021;AE;EB;En attente;1 574 297;0;1 574 297;;
SABC;Assistance à la négociation de la convention d'établissement;Tax;009/EBP/2021/EFB/ARO;27/09/2021;AE;EB;En attente;70 000 000;0;70 000 000;;
SABC;Assistance fiscale;Tax;015/EBP-LAW/2021/EFB/ARO;03/11/2021;AE;EB;En attente;8 200 000;0;8 200 000;;
SABC;Assistance fiscale;Tax;017/EBP-LAW/2021/EFB/ARO;03/11/2021;AE;EB;En attente;2 580 000;0;2 580 000;;
SABC;Assistance à la négociation de la convention d'établissement;Tax;018/EBP/2021/EFB/ARO;10/11/2021;AE;EB;En attente;20 000 000;0;20 000 000;;
SOFOMEUTEX;Assistance à la VGC des exercices 2017-2020;Tax;;06/12/2021;AE;EB;En attente;2 000 000;0;2 000 000;;
EXCO;Due diligence juridique, fiscale et sociale;Tax;021/EBP/2021/EFB/ARO;13/12/2021;AE;EB;En attente;3 673 359;0;3 673 359;;
SABC;Assistance à VGC 2018 et 2019;Tax;031/EBP/2021/EFB/ARO;27/12/2021;AE;EB;En attente;31 480 000;0;31 480 000;;
SABC;Assistance à VGC 2018 et 2019;Tax;033/EBP/2021/EFB/ARO;27/12/2021;AE;EB;En attente;15 640 000;0;15 640 000;;
SABC;Assistance fiscale;Tax;034/EBP/2021/EFB/ARO;27/12/2021;AE;EB;En attente;15 200 000;0;15 200 000;;
SABC;Assistance fiscale;Tax;032/EBP/2021/EFB/ARO;27/12/2021;AE;EB;En attente;4 440 000;0;4 440 000;;
CECEC;Assistance juridique;Legal Services;027/EBP/2021/ARO;27/12/2021;AE;EB;En attente;3 500 000;0;3 500 000;;
SABC;Gestion de la paie des Expatriés;Tax;036/EBP-LAW/2022/EFB/ARO;04/04/2022;AE;EB;En attente;3 877 465;0;3 877 465;;
MBOKA;Assistance juridique (Rédaction des actes juridiques);Legal Services;037/EBP/2022/EFB/ANE;06/04/2022;AE;EB;En attente;1 660 000;0;1 660 000;;
REC;Assistance à la VGC des exercices 2017-2020;Tax;040/EBP/2022/EFB/ARO;28/04/2022;AE;EB;En attente;5 986 054;0;5 986 054;;
REC;Assistance à la VGC des exercices 2017-2020;Tax;041/EBP/2022/EFB/ARO;28/04/2022;AE;EB;En attente;63 492 063;0;63 492 063;;
VISION 4;Assistance à contentieux fiscal;Tax;039/EBP/2022/EFB/ARO/NAE;28/04/2022;AE;N/A;En attente;16 771 488;0;16 771 488;;
VISION 4;Assistance à contentieux fiscal;Tax;039/EBP/2022/EFB/ARO/NAE;28/04/2022;AE;N/A;En attente;16 771 488;0;16 771 488;;
M. MBOCK;Assistance juridique;Legal Services;044/EBP/2022/EFB/ARO/NAE;10/05/2022;AE;EB;En attente;838 574;0;838 574;;
ABC;Assistance juridique et fiscale permanente;Tax;048/EBP/2022/EFB/NAE;10/05/2022;AE;EB;En attente;461 538;0;461 538;;
ABC;Assistance juridique et fiscale permanente;Tax;0047/EBP/2022/EFB/NAE;10/05/2022;AE;EB;En attente;450 000;0;450 000;;
ABC;Assistance juridique et fiscale permanente;Tax;045/EBP/2022/EFB/NAE;10/05/2022;AE;EB;En attente;75 000;0;75 000;;
PAD;Assist. Tax & legal 2021;Tax;053/EBP/2022/EFB/NAE;30/05/2022;AE;EB;En attente;9 000 000;0;9 000 000;;
PBIC;Avis juridique et fiscal;Tax;065/EBP/2022/EFB/ARO;18/07/2022;AO;EB;En attente;900 000;0;900 000;;
WFG;Assistance juridique;Tax;072/EBP/2022/EFB/NAE;02/08/2022;AE;EB;En attente;3 000 000;0;3 000 000;;
REC;Assistance fiscale, juridique et sociale permanente;Tax;070/EBP/2022/EFB/NAE;02/08/2022;AE;EB;En attente;1 500 000;0;1 500 000;;
REC;Assistance à la VGC des exercices 2017-2020;Tax;092/EBP/2022/EFB/NAE;22/09/2022;AE;EB;En attente;5 420 624;0;5 420 624;;
NHPC;Assistance au remboursement des crédits de TVA;Tax;092/EBP/2022/EFB/NAE;22/09/2022;AE;EB;En attente;5 420 624;0;5 420 624;;
WF CAM;Assistance fiscale et comptable;Tax;093/EBP/2022/EFB/ARO;26/09/2022;AE;EB;En attente;2 600 000;0;2 600 000;;
CNCC;Offre de formation;Audit;003/EBP/2022/EFB/SHV;11/10/2022;MK;SV;En attente;2 200 000;0;2 200 000;;
EB-TAX;MFE/Tenue de comptabilité Webb Fontaine;Audit;004/EBP/2O22/EFB/SHV;21/10/2022;AE;SV;En attente;1 350 000;0;1 350 000;;
MSF;Assistance à contrôle CNPS;Tax;105/EBP/2022/EFB/NAE;04/11/2022;AE;EB;En attente;1 000 000;0;1 000 000;;
NHPC;Assistance au remboursement des crédits de TVA;Tax;104/EBP/2022/EFB/NAE;04/11/2022;AE;EB;En attente;2 000 000;0;2 000 000;;
REC;Assistance fiscale, juridique et sociale permanente;Tax;108/EBP/2022/EFB/NAE;07/11/2022;AE;EB;En attente;1 500 000;0;1 500 000;;
REC;Assistance fiscale, juridique et sociale permanente;Tax;107/EBP/2022/EFB/NAE;07/11/2022;AE;EB;En attente;1 500 000;0;1 500 000;;
IHS;"Training under the topic ""Implementation and management of a tax risk map""";Tax;119/EBP/2022/EFB/NAE;24/11/2022;AE;EB;En attente;5 600 000;0;5 600 000;;
ABAM SA;Assistance juridique et fiscale permanente;Tax;128/EBP/2022/EFB/NAE;09/12/2022;AE;EB;En attente;7 500 000;0;7 500 000;;
REC;Assistance fiscale, juridique et sociale permanente;Tax;133/EBP/2022/EFB/NAE;15/12/2022;AE;EB;En attente;1 500 000;0;1 500 000;;
EBP AUDIT;Rémunération avances de fonds consenties à EBP Audit;Tax;137/EB-P/2022/EFB/ARO;31/12/2022;AO;EB;En attente;3 668 864;0;3 668 864;;
EBP AUDIT;Assistance juridique et sociale;Tax;136/EB-P/2022/EFB/ARO;31/12/2022;AO;EB;En attente;17 190 000;0;17 190 000;;
CIA CAPITAL INVEST;Assistance juridique (Rédaction d'un protocole d'accord et d'une convention d'avance de trésorerie);Legal Services;001/EBP/2024/EFB/NAE;05/01/2023;AE;EB;En attente;2 500 000;0;2 500 000;;
REC;Assistance fiscale, juridique et sociale permanente;Tax;002/EBP/2023/EFB/NAE;10/01/2023;AE;EB;En attente;1 500 000;0;1 500 000;;
NHPC;Veille fiscale permanente et audit fiscal trimestriel;Tax;004/EBP/2023/EFB/NAE;10/01/2023;AE;EB;En attente;6 000 000;0;6 000 000;;
PAD;Revue du traitement comptable et fiscal des investissements réalisés pour le compte de Etat;Audit;003/EBP/2023/EFB/SHV;13/01/2023;SV;SV;En attente;7 144 500;0;7 144 500;;
EB-TAX;MFE/Tenue de comptabilité Webb Fontaine;Audit;002/EBP/2023/EFB/SHV;17/01/2023;AE;SV;En attente;540 000;0;540 000;;
ASCA;Participation au séminaire de la loi de finances 2023;Tax;023/EBP/2023/EFB/NAE;18/01/2023;AE;EB;En attente;200 000;0;200 000;;
GPCAM;Participation au séminaire de la loi de finances 2023;Tax;022/EBP/2023/EFB/NAE;18/01/2023;SV;EB;En attente;200 000;0;200 000;;
CFAO;Participation au séminaire de la loi de finances 2023;Tax;014/EBP/2023/EFB/NAE;18/01/2023;AE;EB;En attente;300 000;0;300 000;;
SGC;Participation au séminaire de la loi de finances 2023;Tax;039/EBP/2023/EFB/NAE;24/01/2023;AO;EB;En attente;200 000;0;200 000;;
ENEO;Participation au séminaire de la loi de finances 2023;Tax;037/EBP/2023/EFB/NAE;24/01/2023;AO;EB;En attente;1 300 000;0;1 300 000;;
CECEC;Participation au séminaire de la loi de finances 2023;Tax;037/EBP/2023/EFB/NAE;24/01/2023;AO;EB;En attente;300 000;0;300 000;;
ABAM SA;Assistance juridique et fiscale permanente;Tax;042/EBP/2023/EFB/NAE;30/01/2023;AE;EB;En attente;604 167;0;604 167;;
CECEC;Participation au séminaire de la loi de finances 2023;Tax;049/EBP/2023/EFB/NAE;31/01/2023;AO;EB;En attente;300 000;0;300 000;;
ATASSUR;COMMISSION JANVIER ATLANTIC;Assurance;002/01/SOA;03/02/2023;LET;SV;En attente;205 071;0;205 071;;
ELECNOR;Frais de mission;Tax;052/EBP/2023/EFB/NAE;03/02/2023;AE;EB;En attente;255 000;0;255 000;;
ELECNOR;Assistance à l'examen des arguments formulés par ELECNOR en vue du recouvrement du trop retenu de TSR et Médiation;Tax;053/EBP/2023/EFB/NAE;06/02/2023;AE;EB;En attente;1 000 000;0;1 000 000;;
EB-TAX;MFE/REVISION COMPTABLE VESTALIA;Audit;010/EBP/2023/EFB/SHV;06/02/2023;CN;CN;En attente;630 000;0;630 000;;
EB-TAX;MFE/REVISION COMPTABLE PRODIFOODS;Audit;012/EBP/2023/EFB/SHV;06/02/2023;SV;SV;En attente;630 000;0;630 000;;
EB-TAX;MFE/REVISION COMPTABLE BCL;Audit;009/EBP/2023/EFB/SHV;06/02/2023;SV;SV;En attente;630 000;0;630 000;;
EB-TAX;MFE/REVISION COMPTABLE SIPAL;Audit;011/EBP/2023/EFB/SHV;06/02/2023;SV;SV;En attente;630 000;0;630 000;;
SIPAL;Revue fiscale annuelle des comptes et montage de la DSF;Tax;057/EBP/2023/EFB/NAE;06/02/2023;AE;EB;En attente;1 400 000;0;1 400 000;;
PBIC;COMMISSION JAN PBGI;Assurance;001/01/2023;08/02/2023;LET;SV;En attente;440 240;0;440 240;;
EB-TAX;MFE N°008/TENUE DE COMPTABILITE JANVIER 22 - WEBB FONTAINE;Audit;014/EBP/2023/EFB/SHV;10/02/2023;SV;SV;En attente;180 000;0;180 000;;
EB-TAX;MFE/ASSSITANCE DSF 2022 WEBB FONTAINE;Audit;013/EBP/2023/EFB/SHV;13/02/2023;SV;SV;En attente;1 000 000;0;1 000 000;;
PRODIFOODS;Commissariat aux comptes;Audit;007/EBP/2023/EFB/SHV;14/02/2023;MK;SV;Payé;750 000;0;750 000;;
SIPAL;Commissariat aux comptes;Audit;008/EBP/2023/EFB/SHV;14/02/2023;RN;EB;En attente;1 100 000;0;1 100 000;;
REC;Assistance à contrôle sur pièces 2021;Tax;065/EBP/2023/EFB/NAE;15/02/2023;AE;EB;En attente;4 500 000;0;4 500 000;;
ELECNOR;Frais de mission;Tax;066/EBP/2023/EFB/NAE;16/02/2023;AE;EB;En attente;120 000;0;120 000;;
PBIC;COMMISSION FEVRIER PBGI;Assurance;001/02/SOA/23;02/03/2023;LET;SV;En attente;97 027;0;97 027;;
EB-TAX;MFE N°006/ASSISTANCE DSF 2022 - MSF;Audit;015/EBP/2023/EFB/SHV;06/03/2023;SV;SV;En attente;1 000 000;0;1 000 000;;
PAD;Assist. Tax & legal 2021;Tax;015/EBP/2023/EFB/SHV;06/03/2023;AE;EB;En attente;1 000 000;0;1 000 000;;
EB-TAX;MFE N°10 Assistance élaboration DSF NHPC/EB-TAX;Audit;016/EBP/2023/EFB/SHV;08/03/2023;SV;SV;En attente;2 000 000;0;2 000 000;;
ABAM SA;Assistance juridique et fiscale permanente;Tax;078/EBP/2023/EFB/NAE;09/03/2023;AE;EB;En attente;500 000;0;500 000;;
ABAM SA;Assistance juridique et fiscale permanente;Tax;076/EBP/2023/EFB/NAE;09/03/2023;AE;EB;En attente;500 000;0;500 000;;
EB-TAX;MFE014_VESTALIA  - Assistance élaboration DSF Janv 2023;Audit;018/EBP/2023/EFB/SHV;13/03/2023;CN;SV;En attente;150 000;0;150 000;;
EB-TAX;MFE011 SIPAL  - Assistance élaboration DSF Janv 2023;Audit;019/EBP/2023/EFB/SHV;13/03/2023;SV;SV;En attente;1 000 000;0;1 000 000;;
EB-TAX;MFE012 PRODIFOODS - Assistance élaboration DSF Janv 2023;Audit;020/EBP/2023/EFB/SHV;13/03/2023;SV;SV;En attente;1 000 000;0;1 000 000;;
PAD;Assist. Tax & legal 2021;Tax;017/EBP/2023/EFB/SHV;13/03/2023;AE;EB;En attente;1 500 000;0;1 500 000;;
PAD;Assist. Tax & legal 2021;Tax;017/EBP/2023/EFB/SHV;13/03/2023;AE;EB;En attente;1 500 000;0;1 500 000;;
PAD;Assist. Tax & legal 2021;Tax;017/EBP/2023/EFB/SHV;13/03/2023;AE;EB;En attente;1 500 000;0;1 500 000;;
REC;Assistance à contrôle sur pièces 2021;Tax;083/EBP/2023/EFB/NAE;15/03/2023;AE;EB;En attente;15 873 016;0;15 873 016;;
EB-TAX;MFE/ASSSITANCE DSF 2022 LA REGIONAL;Audit;021/EBP/2023/EFB/SHV;20/03/2023;SV;SV;En attente;2 000 000;0;2 000 000;;
EB-TAX;MFE/Tenue de comptabilité Webb Fontaine Février 2023;Audit;022/EBP/2023/EFB/SHV;21/03/2023;SV;SV;En attente;180 000;0;180 000;;
CFAO;Assistance aux opérations de régularisation des impôts et taxes sur salaires au titre de l’exercice 2023;Tax;070/EBP/2024/EFB/NAE;27/03/2023;AO;EB;En attente;1 000 000;0;1 000 000;;
SCI VESTAL;Revue fiscale annuelle des comptes et montage de la DSF;Tax;089/EBP/2023/EFB/NAE;29/03/2023;AE;EB;En attente;500 000;0;500 000;;
EB-TAX;MFE/Assistance au montage de la Déclaration Statistique et Fiscale  (DSF) de l’exercice 2022.;Audit;023/EBP/2023/EFB/SHV;29/03/2023;CN;SV;En attente;800 000;0;800 000;;
AXA;COMMISION JAN A MARS AXA;Assurance;002/123/SOA/23;29/03/2023;LET;SV;En attente;873 806;0;873 806;;
SIPAL;Revue fiscale annuelle des comptes et montage de la DSF;Tax;086/EBP/2023/EFB/NAE;29/03/2023;AE;EB;En attente;1 500 000;0;1 500 000;;
PBIC;COMMISSION MARS PBGI;Assurance;001/03/SOA/23;04/04/2023;LET;SV;En attente;208 743;0;208 743;;
WF CAM;Assistance fiscale et comptable;Tax;097/EBP/2023/EFB/NAE;05/04/2023;AE;EB;En attente;1 120 000;0;1 120 000;;
ABAM SA;Assistance juridique et fiscale permanente;Tax;098/EBP/2023/EFB/NAE;05/04/2023;AE;EB;En attente;500 000;0;500 000;;
MSF;Assistance juridique et fiscale permanente;Tax;004/EBP/2023/EFB/NAE;05/04/2023;AE;EB;En attente;375 000;0;375 000;;
REC;Assistance fiscale, juridique et sociale permanente;Tax;101/EBP/2023/EFB/NAE;05/04/2023;AE;EB;En attente;4 000 000;0;4 000 000;;
ABS S.A;Projet ALPHA;Tax;104/EBP/2023/EFB/NAE;06/04/2023;AE;EB;En attente;3 088 000;0;3 088 000;;
ABAM SA;Analyse des incidences juridiques  et fiscales des options de correction de la SNC de la société ABAM;Tax;103/EBP/2023/EFB/NAE;06/04/2023;AE;EB;En attente;1 000 000;0;1 000 000;;
ABAM SA;Etude des options juridiques et restructuration des capitaux propres;Tax;100/EBP/2023/EFB/NAE;06/04/2023;AE;EB;En attente;5 504 000;0;5 504 000;;
EB-TAX;Assistance comptable à la production de la Balance générale  de l’exercice 2022.;Audit;025/EBP/2023/EFB/SHV;10/04/2023;SV;SV;En attente;2 500 000;0;2 500 000;;
EB-TAX;MFE/Tenue de comptabilité Webb Fontaine;Audit;024/EBP/2023/EFB/SHV;10/04/2023;AE;SV;En attente;180 000;0;180 000;;
ABC;Avis juridique sur les contrats Partners;Tax;109/EBP/2023/EFB/NAE;18/04/2023;AE;EB;En attente;600 000;0;600 000;;
EB-TAX;MFE/REVISION COMPTABLE VESTALIA;Audit;027/EBP/2023/EFB/SHV;27/04/2023;CN;CN;En attente;630 000;0;630 000;;
EB-TAX;MFE/REVISION COMPTABLE PRODIFOODS;Audit;026/EBP/2023/EFB/SHV;27/04/2023;SV;SV;En attente;630 000;0;630 000;;
EB-TAX;MFE/REVISION COMPTABLE BCL;Audit;029/EBP/2023/EFB/SHV;27/04/2023;SV;SV;En attente;630 000;0;630 000;;
EB-TAX;MFE/REVISION COMPTABLE SIPAL;Audit;028/EBP/2023/EFB/SHV;27/04/2023;SV;SV;En attente;630 000;0;630 000;;
ATASSUR;COMMISSION ATLANTIC AVRIL;Assurance;004/05/SOA;04/05/2023;LET;SV;En attente;56 190;0;56 190;;
WF CAM;Assistance fiscale et comptable;Tax;113/EBP/2023/EFB/NAE;05/05/2023;AE;EB;En attente;1 120 000;0;1 120 000;;
ABAM SA;Assistance juridique et fiscale permanente;Tax;117/EBP/2023/EFB/NAE;05/05/2023;AE;EB;En attente;500 000;0;500 000;;
EB-TAX;Tenue de comptabilité Avril 2023;Audit;030/EBP/2023/EFB/SHV;12/05/2023;SV;SV;En attente;180 000;0;180 000;;
ABC;Analyse des modalités juridiques d'apposition des signatures électroniques sur les conventions d'ouverture de comptes titres;Tax;123/EBP/2023/EFB/NAE;23/05/2023;AE;EB;En attente;1 300 000;0;1 300 000;;
DPDC S.A;Assistance with customs post clearance control;Douane;003/EBP/2023/EFB/SAB;31/05/2023;SAB;SAB;En attente;4 250 000;0;4 250 000;;
LOXEA;Assistance à contrôle sur pièces des exercices 2019, 2020 et 2021;Tax;126/EBP/2023/EFB/NAE;31/05/2023;AE;EB;En attente;7 000 000;0;7 000 000;;
TELCAR;Etude juridique, fiscale et douanière;Tax;127/EBP/2023/EFB/NAE;01/06/2023;AE;EB;En attente;5 000 000;0;5 000 000;;
HORUS;Assistance juridique et fiscale permanente;Tax;132/EBP/2023/EFB/NAE;05/06/2023;AE;EB;En attente;2 500 000;0;2 500 000;;
ABS S.A;Assistance juridique et fiscale permanente;Tax;137/EBP/2023/EFB/NAE;05/06/2023;AE;EB;En attente;650 000;0;650 000;;
ABAM SA;Assistance juridique et fiscale permanente;Tax;136/EBP/2023/EFB/NAE;05/06/2023;AE;EB;En attente;500 000;0;500 000;;
PSK SARL;Assistance juridique et fiscale permanente;Tax;134/EBP/2023/EFB/NAE;05/06/2023;AE;EB;En attente;200 000;0;200 000;;
MSF;Assistance juridique et fiscale permanente;Tax;131/EBP/2023/EFB/NAE;05/06/2023;AE;EB;En attente;375 000;0;375 000;;
ABC;Assistance juridique et fiscale permanente;Tax;138/EBP/2023/EFB/NAE;05/06/2023;AE;EB;En attente;250 000;0;250 000;;
NHPC;Assistance à Vérification Générale de Comptabilité (VGC) 2020;Tax;129/EBP/2023/EFB/NAE;05/06/2023;AE;EB;En attente;3 200 000;0;3 200 000;;
SIPAL;Revue fiscale annuelle des comptes et montage de la DSF;Tax;148/EBP/2023/EFB/NAE;22/06/2023;AE;EB;En attente;1 400 000;0;1 400 000;;
CFAO;Assistance à contrôle et contentieux douaniers;Douane;005/EBP/2023/EFB/SAB;30/06/2023;SAB;SAB;En attente;6 000 000;0;6 000 000;;
EBP AUDIT;Revue fiscale de la DSF 2022 suivant MFE LA REGIONALE BANK S.A;Tax;153/EB-P/2023/EFB/ARO;04/07/2023;AO;EB;En attente;1 000 000;0;1 000 000;;
EBP AUDIT;Rémunération avances de fonds consenties à EBP Audit;Tax;154/EB-P/2023/EFB/ARO;04/07/2023;AO;EB;En attente;2 089 475;0;2 089 475;;
SABC;Gestion de la paie des Expatriés;Tax;155/EBP-LAW/2023/EFB/ARO;04/07/2023;AE;EB;En attente;5 132 463;0;5 132 463;;
HORUS;Frais de mission;Tax;156/EBP/2023/EFB/NAE;07/07/2023;AE;EB;En attente;35 000;0;35 000;;
HORUS;Assistance juridique et fiscale permanente;Tax;158/EBP/2023/EFB/NAE;18/07/2023;AE;EB;En attente;2 500 000;0;2 500 000;;
ABS S.A;Assistance juridique et fiscale permanente;Tax;162/EBP/2023/EFB/NAE;18/07/2023;AE;EB;En attente;650 000;0;650 000;;
ABAM SA;Assistance juridique et fiscale permanente;Tax;161/EBP/2023/EFB/NAE;18/07/2023;AE;EB;En attente;500 000;0;500 000;;
PSK SARL;Assistance juridique et fiscale permanente;Tax;159/EBP/2023/EFB/NAE;18/07/2023;AE;EB;En attente;200 000;0;200 000;;
MSF;Assistance juridique et fiscale permanente;Tax;157/EBP/2023/EFB/NAE;18/07/2023;AE;EB;En attente;375 000;0;375 000;;
ABC;Assistance juridique et fiscale permanente;Tax;163/EBP/2023/EFB/NAE;18/07/2023;AE;EB;En attente;250 000;0;250 000;;
WFG;Assistance juridique, fiscale et sociale ponctuelle;Tax;165/EBP/2023/EFB/NAE;18/07/2023;AE;EB;En attente;608 000;0;608 000;;
BOMS;Etudes des impacts fiscaux - Schémas contractuels;Tax;172/EBP/2023/EFB/NAE;21/07/2023;AO;EB;En attente;1 809 000;0;1 809 000;;
EDF;Participation au séminaire de la loi de finances 2023;Tax;032/EBP/2023/EFB/SHV;21/07/2023;SV;EB;En attente;5 103 000;0;5 103 000;;
ABAM SA;Assistance juridique et fiscale permanente;Tax;177/EBP/2023/EFB/NAE;03/08/2023;AE;EB;En attente;500 000;0;500 000;;
HORUS;Assistance juridique et fiscale permanente;Tax;184/EBP/2023/EFB/NAE;04/08/2023;AE;EB;En attente;2 500 000;0;2 500 000;;
ABS S.A;Analyse juridique de la capacité du FGIS à contracter un emprunt et à émettre des obligations;Tax;185/EBP/2023/EFB/NAE;04/08/2023;AE;EB;En attente;2 944 000;0;2 944 000;;
PSK SARL;Assistance juridique et fiscale permanente;Tax;183/EBP/2023/EFB/NAE;04/08/2023;AE;EB;En attente;200 000;0;200 000;;
MSF;Assistance juridique et fiscale permanente;Tax;182/EBP/2023/EFB/NAE;04/08/2023;AE;EB;En attente;375 000;0;375 000;;
ABC;Assistance juridique et fiscale permanente;Tax;180/EBP/2023/EFB/NAE;04/08/2023;AE;EB;En attente;250 000;0;250 000;;
NHPC;inventaires des immobilisations;Audit;033/EBP/2023/EFB/SHV;28/08/2023;SV;SV;En attente;7 044 025;0;7 044 025;;
EB-TAX;MFE N°007 /AUDIT FINANCIER ET COMPTABLE 2022 - MSF;Audit;034/EBP/2023/EFB/SHV;29/08/2023;SV;SV;En attente;2 820 000;0;2 820 000;;
HORUS;Assistance juridique et fiscale permanente;Tax;195/EBP/2023/EFB/NAE;01/09/2023;AE;EB;En attente;2 500 000;0;2 500 000;;
ABS S.A;Assistance juridique et fiscale permanente;Tax;191/EBP/2023/EFB/NAE;01/09/2023;AE;EB;En attente;650 000;0;650 000;;
ABAM SA;Assistance juridique et fiscale permanente;Tax;190/EBP/2023/EFB/NAE;01/09/2023;AE;EB;En attente;500 000;0;500 000;;
PSK SARL;Assistance juridique et fiscale permanente;Tax;196/EBP/2023/EFB/NAE;01/09/2023;AE;EB;En attente;200 000;0;200 000;;
MSF;Assistance juridique et fiscale permanente;Tax;194/EBP/2023/EFB/NAE;01/09/2023;AE;EB;En attente;375 000;0;375 000;;
NHPC;Assistance au remboursement des crédits de TVA;Tax;193/EBP/2023/EFB/NAE;01/09/2023;AE;EB;En attente;2 000 000;0;2 000 000;;
SABC;Assistance à obtention des visas de contrats de travail des expatriés;Tax;199/EBP/2023/EFB/NAE;06/09/2023;AO;EB;En attente;500 000;0;500 000;;
NHPC;Veille fiscale permanente et audit fiscal trimestriel;Tax;202/EBP/2023/EFB/NAE;06/09/2023;AE;EB;En attente;6 000 000;0;6 000 000;;
NHPC;inventaires des immobilisations;Audit;035/EBP/2023/EFB/SHV;20/09/2023;SV;SV;En attente;4 696 017;0;4 696 017;;
NHPC;Frais relatifs aux déplacements effectués dans le cadre de l'assistance à remboursement des crédits de TVA (28 février au 08 juin 2022);Tax;206/EBP/2023/EFB/NAE;21/09/2023;AE;EB;En attente;1 295 000;0;1 295 000;;
NHPC;Assistance au remboursement des crédits de TVA;Tax;207/EBP/2023/EFB/NAE;21/09/2023;AE;EB;En attente;2 800 000;0;2 800 000;;
NHPC;Assistance au remboursement des crédits de TVA;Tax;208/EBP/2023/EFB/NAE;27/09/2023;AE;EB;En attente;20 000 000;0;20 000 000;;
ABS S.A;Assistance juridique et fiscale permanente;Tax;211/EBP/2023/EFB/NAE;03/10/2023;AE;EB;En attente;650 000;0;650 000;;
ABAM SA;Assistance juridique et fiscale permanente;Tax;210/EBP/2023/EFB/NAE;03/10/2023;AE;EB;En attente;500 000;0;500 000;;
PSK SARL;Assistance juridique et fiscale permanente;Tax;215/EBP/2023/EFB/NAE;03/10/2023;AE;EB;En attente;200 000;0;200 000;;
MSF;Assistance juridique et fiscale permanente;Tax;214/EBP/2023/EFB/NAE;03/10/2023;AE;EB;En attente;375 000;0;375 000;;
SABC;Gestion de la paie des Expatriés;Tax;216/EBP-LAW/EFB/ARO;03/10/2023;AE;EB;En attente;4 740 970;0;4 740 970;;
NHPC;Assistance au remboursement des crédits de TVA;Tax;213/EBP/2023/EFB/NAE;03/10/2023;AE;EB;En attente;2 000 000;0;2 000 000;;
GLOBELEQ;Assistance for post clearance control;Douane;007/EBP/2023/EFB/SAB;12/10/2023;SAB;SAB;En attente;3 250 000;0;3 250 000;;
NHPC;Assistance au remboursement des crédits de TVA;Tax;224/EBP/2023/EFB/NAE;27/10/2023;AE;EB;En attente;20 000 000;0;20 000 000;;
KBC S.A;Assistance à rédaction d'un protocole d'accord portant modalités de cession mutuelle des participations;Tax;227/EBP/2023/EFB/NAE;30/10/2023;AE;EB;En attente;1 800 000;0;1 800 000;;
CFAO;Assistance à contrôle et contentieux fiscal;Tax;225/EBP/2023/EFB/NAE;30/10/2023;AE;EB;En attente;15 000 000;0;15 000 000;;
DGF;Assistance à contrôle sur pièces des exercices 2019, 2020 et 2021;Tax;228/EBP/2023/EFB/NAE;01/11/2023;AE;EB;En attente;2 250 000;0;2 250 000;;
TRACTAFRIC EQUIPMENT CAMEROUN;Assistance à contrôle douanier à postériori;Douane;008/EBP/2023/EFB/SAB;01/11/2023;SAB;SAB;En attente;5 000 000;0;5 000 000;;
TRADEX;Assistance à contrôle et contentieux douaniers;Douane;009/EBP/2023/EFB/SAB;03/11/2023;SAB;SAB;En attente;9 750 000;0;9 750 000;;
NHPC;Assistance au remboursement des crédits de TVA;Tax;229/EBP/2023/EFB/NAE;03/11/2023;AE;EB;En attente;2 000 000;0;2 000 000;;
ABS S.A;Assistance juridique et fiscale permanente;Tax;231/EBP/2023/EFB/NAE;07/11/2023;AE;EB;En attente;650 000;0;650 000;;
GCSA;Assistance à obtention des visas de contrat de travail des expatriés;Tax;236/EBP-LAW/2023/EFB/ARO;07/11/2023;AO;EB;En attente;250 000;0;250 000;;
ABAM SA;Assistance juridique et fiscale permanente;Tax;230/EBP/2023/EFB/NAE;07/11/2023;AE;EB;En attente;500 000;0;500 000;;
PSK SARL;Assistance juridique et fiscale permanente;Tax;234/EBP/2023/EFB/NAE;07/11/2023;AE;EB;En attente;200 000;0;200 000;;
MSF;Assistance juridique et fiscale permanente;Tax;233/EBP/2023/EFB/NAE;07/11/2023;AE;EB;En attente;375 000;0;375 000;;
SABC;Assistance à obtention des visas de contrats de travail des expatriés;Tax;235/EBP-LAW/2023/EFB/ARO;07/11/2023;AO;EB;En attente;250 000;0;250 000;;
PSK SARL;Assistance juridique et fiscale permanente;Tax;239/EBP/2023/EFB/NAE;09/11/2023;AE;EB;En attente;200 000;0;200 000;;
LONGSTAR;Assistance à obtention d'une facilité douanière (entrepôt) et assistance douanière permanente;Douane;011/EBP/2023/EFB/SAB;10/11/2023;SAB;SAB;En attente;2 500 000;0;2 500 000;;
CFAO;Assistance à contrôle et contentieux fiscal;Tax;238/EBP/2023/EFB/NAE;11/11/2023;AE;EB;En attente;1 335 000;0;1 335 000;;
TRADEX;Assistance à contrôle et contentieux douaniers;Douane;012/EBP/2023/EFB/SAB;13/11/2023;SAB;SAB;En attente;9 750 000;0;9 750 000;;
LONGSTAR;Etude relative aux régimes économiques et douaniers applicables au secteur automobile;Douane;013/EBP/2023/EFB/SAB;15/11/2023;SAB;SAB;En attente;26 455 026;0;26 455 026;;
LONGSTAR;Structuration du plan d'affaires (Projet portant d'une usine de montage d'engins lourds et de camions à Yassa);Douane;014/EBP/2023/EFB/SAB;21/11/2023;SAB;SAB;En attente;112 645 630;0;112 645 630;;
AMT CAMEROUN S.A;Assistance juridique et fiscale permanente;Tax;242/EBP/2023/EFB/NAE;27/11/2023;AE;EB;En attente;1 000 000;0;1 000 000;;
GCSA;Gestion de la paie des expatriés;Tax;243/EBP/2023/EFB/NAE;27/11/2023;CN;CN;En attente;1 600 000;0;1 600 000;;
CFAO;Assistance à contrôle et contentieux fiscal;Tax;244/EBP/2023/EFB/NAE;27/11/2023;AE;EB;En attente;1 665 000;0;1 665 000;;
NHPC;Assistance au remboursement des crédits de TVA;Tax;241/EBP/2023/EFB/NAE;27/11/2023;AE;EB;En attente;20 000 000;0;20 000 000;;
GCSA;Gestion de la paie des expatriés;Tax;258/EBP-LAW/2023/EFB/ARO;06/12/2023;CN;CN;En attente;735 310;0;735 310;;
ABAM SA;Assistance juridique et fiscale permanente;Tax;252/EBP/2023/EFB/NAE;06/12/2023;AE;EB;En attente;650 000;0;650 000;;
ABAM SA;Assistance juridique et fiscale permanente;Tax;251/EBP/2023/EFB/NAE;06/12/2023;AE;EB;En attente;500 000;0;500 000;;
PSK SARL;Assistance juridique et fiscale permanente;Tax;255/EBP/2023/EFB/NAE;06/12/2023;AE;EB;En attente;200 000;0;200 000;;
MSF;Assistance juridique et fiscale permanente;Tax;254/EBP/2023/EFB/NAE;06/12/2023;AE;EB;En attente;375 000;0;375 000;;
NHPC;Assistance au remboursement des crédits de TVA;Tax;256/EBP/2023/EFB/NAE;06/12/2023;AE;EB;En attente;2 000 000;0;2 000 000;;
NHPC;Assistance au remboursement des crédits de TVA;Tax;256/EBP/2023/EFB/NAE;06/12/2023;AE;EB;En attente;2 000 000;0;2 000 000;;
DGDDIT;Assistance permanente, conseil et suivi de la mise en œuvre de l'antenne DGDDI su Tchad au Cameroun;Douane;016/EBP/2023/EFB/SAB;07/12/2023;SAB;SAB;En attente;2 000 000;0;2 000 000;;
DGDDIT;Assistance à l'élaboration d'une fiche technique en préparation des rencontres à tenir avec la DGD du Cameroun et les acteurs de la chaîne logistique;Douane;016/EBP/2023/EFB/SAB;07/12/2023;SAB;SAB;En attente;2 000 000;0;2 000 000;;
LONGSTAR;Assistance douanière permanente;Douane;015/EBP/2023/EFB/SAB;07/12/2023;SAB;SAB;En attente;600 000;0;600 000;;
NHPC;Assistance au remboursement des crédits de TVA;Tax;263/EBP/2023/EFB/NAE;08/12/2023;AE;EB;En attente;900 000;0;900 000;;
TCHARITRANS;Assistance à contrôle et contentieux fiscal;Tax;264/EBP/2023/EFB/NAE;11/12/2023;AE;EB;En attente;1 048 218;0;1 048 218;;
SME;Assistance à obtention des avantages fiscaux et douaniers prévues par le Code minier;Douane;017/EBP/2023/EFB/SAB;12/12/2023;SAB;SAB;En attente;6 000 000;0;6 000 000;;
CFAO;Assistance à contrôle et contentieux fiscal;Tax;265/EBP/2023/EFB/NAE;12/12/2023;AE;EB;En attente;20 000 000;0;20 000 000;;
MSF;Assistance juridique et fiscale permanente;Tax;266/EBP/2023/EFB/NAE;15/12/2023;AE;EB;En attente;375 000;0;375 000;;
HORUS;Assistance juridique et fiscale permanente;Tax;007/EBP/2024/EFB/NAE;08/01/2024;AE;EB;En attente;670 860;0;670 860;;
ABAM SA;Assistance juridique et fiscale permanente;Tax;002/EBP/2024/EFB/NAE;08/01/2024;AE;EB;En attente;500 000;0;500 000;;
PSK SARL;Assistance juridique et fiscale permanente;Tax;005/EBP/2024/EFB/NAE;08/01/2024;AE;EB;En attente;200 000;0;200 000;;
NHPC;Assistance au remboursement des crédits de TVA;Tax;006/EBP/2024/EFB/NAE;08/01/2024;AE;EB;En attente;2 000 000;0;2 000 000;;
LONGSTAR;Assistance douanière permanente;Douane;002/EBP/2024/EFB/SAB;16/01/2024;SAB;SAB;En attente;600 000;0;600 000;;
LABOREX;Assistance à Vérification Générale de Comptabilité (VGC) 2019-2021;Tax;011/EBP/2024/EFB/NAE;17/01/2024;AE;EB;En attente;4 200 000;0;4 200 000;;
SAE;Participation au séminaire de la loi de finances 2024;Tax;014/EBP/2024/EFB/NAE;18/01/2024;AE;EB;En attente;100 000;0;100 000;;
MSF;Participation au séminaire de la loi de finances 2024;Tax;015/EBP/2024/EFB/NAE;22/01/2024;AE;EB;En attente;300 000;0;300 000;;
AMT CAMEROUN S.A;Participation au séminaire de la loi de finances 2024;Tax;016/EBP/2024/EFB/NAE;23/01/2024;AE;EB;En attente;100 000;0;100 000;;
SIPAL;Participation au séminaire de la loi de finances 2024;Tax;018/EBP/2024/EFB/NAE;24/01/2024;AE;EB;En attente;100 000;0;100 000;;
KAKOTEL;Participation au séminaire de la loi de finances 2024;Tax;030/EBP/2024/EFB/NAE;30/01/2024;AE;EB;En attente;300 000;0;300 000;;
TOTAL;Participation au séminaire de la loi de finances 2024;Tax;026/EBP/2024/EFB/NAE;30/01/2024;AE;EB;En attente;100 000;0;100 000;;
HEVECAM;Participation au séminaire de la loi de finances 2024;Tax;028/EBP/2024/EFB/NAE;30/01/2024;AE;EB;En attente;800 000;0;800 000;;
ASCA;Participation au séminaire de la loi de finances 2024;Tax;023/EBP/2024/EFB/NAE;30/01/2024;AE;EB;En attente;200 000;0;200 000;;
TELCAR;Participation au séminaire de la loi de finances 2024;Tax;020/EBP/2024/EFB/NAE;30/01/2024;AE;EB;En attente;200 000;0;200 000;;
MAÎTRE CHE;Participation au séminaire de la loi de finances 2024;Tax;024/EBP/2024/EFB/NAE;30/01/2024;CN;CN;En attente;100 000;0;100 000;;
CFAO;Participation au séminaire de la loi de finances 2024;Tax;019/EBP/2024/EFB/NAE;30/01/2024;AE;EB;En attente;300 000;0;300 000;;
SABC;Participation au séminaire de la loi de finances 2024;Tax;022/EBP/2024/EFB/NAE;30/01/2024;AE;EB;En attente;200 000;0;200 000;;
CECEC;Participation au séminaire de la loi de finances 2024;Tax;027/EBP/2024/EFB/NAE;30/01/2024;AE;EB;En attente;100 000;0;100 000;;
NHPC;Participation au séminaire de la loi de finances 2024;Tax;025/EBP/2024/EFB/NAE;30/01/2024;AE;EB;En attente;800 000;0;800 000;;
BCL;Participation au séminaire de la loi de finances 2024;Tax;029/EBP/2024/EFB/NAE;30/01/2024;AE;EB;En attente;100 000;0;100 000;;
DGF;Assistance à contentieux fiscal des exercices 2021 & 2022;Tax;033/EBP/2024/EFB/NAE;05/02/2024;AE;EB;En attente;1 700 000;0;1 700 000;;
ABC;Assistance juridique et fiscale permanente;Tax;036/EBP/2024/EFB/NAE;05/02/2024;AE;EB;En attente;250 000;0;250 000;;
NHPC;Assistance au remboursement des crédits de TVA;Tax;041/EBP/2024/EFB/NAE;06/02/2024;AE;EB;En attente;3 600 000;0;3 600 000;;
NHPC;Assistance au remboursement des crédits de TVA;Tax;040/EBP/2024/EFB/NAE;06/02/2024;AE;EB;En attente;600 000;0;600 000;;
NHPC;Assistance au remboursement des crédits de TVA;Tax;041/EBP/2024/EFB/NAE;06/02/2024;AE;EB;En attente;3 600 000;0;3 600 000;;
NHPC;Assistance au remboursement des crédits de TVA;Tax;040/EBP/2024/EFB/NAE;06/02/2024;AE;EB;En attente;600 000;0;600 000;;
LONGSTAR;Assistance douanière permanente;Douane;017/EBP/2024/EFB/SAB;07/02/2024;SAB;SAB;En attente;600 000;0;600 000;;
MSF;Assistance juridique et fiscale permanente;Tax;042/EBP/2024/EFB/NAE;20/02/2024;AE;EB;En attente;375 000;0;375 000;;
AMT;Assistance à la signature d'un protocole d'accord;Tax;046/EBP/2024/EFB/NAE;27/02/2024;AE;EB;En attente;5 705 146;0;5 705 146;;
ABS S.A;Assistance juridique et fiscale permanente;Tax;048/EBP/2024/EFB/NAE;05/03/2024;AE;EB;En attente;650 000;0;650 000;;
ABC;Assistance juridique et fiscale permanente;Tax;049/EBP/2024/EFB/NAE;05/03/2024;AE;EB;En attente;250 000;0;250 000;;
LONGSTAR;Assistance douanière permanente;Douane;018/EBP/2024/EFB/SAB;06/03/2024;SAB;SAB;En attente;600 000;0;600 000;;
AMT CAMEROUN S.A;Assistance juridique et fiscale permanente;Tax;054/EBP/2024/EFB/NAE;11/03/2024;AE;EB;En attente;900 000;0;900 000;;
PSK SARL;Assistance juridique et fiscale permanente;Tax;056/EBP/2024/EFB/NAE;11/03/2024;AE;EB;En attente;200 000;0;200 000;;
PSK SARL;Assistance juridique et fiscale permanente;Tax;055/EBP/2024/EFB/NAE;11/03/2024;AE;EB;En attente;200 000;0;200 000;;
DPDC S.A;Assistance with customs post clearance control;Douane;020/EBP/2024/EFB/SAB;21/03/2024;SAB;SAB;En attente;4 250 000;0;4 250 000;;
KPDC;Assistance for Post Clearance Control;Douane;021/EBP/2024/EFB/SAB;21/03/2024;SAB;SAB;En attente;5 000 000;0;5 000 000;;
CIA CAPITAL INVEST;Assistance juridique (Rédaction d'un protocole d'accord et d'une convention d'avance de trésorerie);Legal Services;065/EBP/2024/EFB/NAE;26/03/2024;AE;EB;En attente;1 500 000;0;1 500 000;;
NHPC;Assistance à Vérification Générale de Comptabilité (VGC) 2020;Tax;064/EBP/2024/EFB/NAE;26/03/2024;AE;EB;En attente;1 350 000;0;1 350 000;;
AMT CAMEROUN S.A;Assistance à l'élaboration de la DSF rectificative de l'exercice2022 et de la DSF de l'exercice 2023;Tax;073/EBP/2024/EFB/NAE;27/03/2024;AE;EB;En attente;4 000 000;0;4 000 000;;
SABC;Gestion de la paie des Expatriés;Tax;069/EBP/2024/EFB/NAE;27/03/2024;AE;EB;En attente;7 883 171;0;7 883 171;;
SIPAL;Revue fiscale annuelle des comptes et montage de la DSF;Tax;068/EBP/2024/EFB/NAE;27/03/2024;AE;EB;En attente;1 400 000;0;1 400 000;;
BCL;Revue fiscale annuelle des comptes et montage de la DSF;Tax;067/EBP/2024/EFB/NAE;27/03/2024;AE;EB;En attente;1 900 000;0;1 900 000;;
AMT CAMEROUN S.A;Assistance permanente-Douane;Douane;023/EBP/2024/EFB/SAB;01/04/2024;SAB;SAB;En attente;9 000 000;0;9 000 000;;
AMT CAMEROUN S.A;Assistance permanente-Douane;Douane;023/EBP/2024/EFB/SAB;01/04/2024;SAB;SAB;En attente;4 500 000;0;4 500 000;;
LONGSTAR;Assistance douanière permanente;Douane;025/EBP/2024/EFB/SAB;05/04/2024;SAB;SAB;En attente;600 000;0;600 000;;
CECEC;Assistance juridique;Legal Services;074/EBP/2024/EFB/NAE;09/04/2024;AE;EB;En attente;57 000;0;57 000;;
BCL;DSF 2023;Audit;076/EBP/2024/EFB/NAE;11/04/2024;CYD;BRM;En attente;25 000;0;25 000;;
DGF;Assistance à contrôle sur pièces des exercices 2019, 2020 et 2021;Tax;077/EBP/2024/EFB/NAE;15/04/2024;AE;EB;En attente;500 000;0;500 000;;
HORUS;Assistance juridique et fiscale permanente;Tax;086/EBP/2024/EFB/NAE;16/04/2024;AE;EB;En attente;670 860;0;670 860;;
ABS S.A;Assistance juridique et fiscale permanente;Tax;083/EBP/2024/EFB/NAE;16/04/2024;AE;EB;En attente;650 000;0;650 000;;
LABOREX;Assistance à Vérification Générale de Comptabilité (VGC) 2019-2021;Tax;079/EBP/2024/EFB/NAE;16/04/2024;AE;EB;En attente;3 000 000;0;3 000 000;;
ABC;Assistance juridique et fiscale permanente;Tax;085/EBP/2024/EFB/NAE;16/04/2024;AE;EB;En attente;250 000;0;250 000;;
NHPC;Assistance au remboursement des crédits de TVA;Tax;082/EBP/2024/EFB/NAE;16/04/2024;AE;EB;En attente;2 000 000;0;2 000 000;;
AMT;Assistance à la signature d'un protocole d'accord;Tax;088/EBP/2024/EFB/NAE;23/04/2024;AE;EB;En attente;2 756 789;0;2 756 789;;
NHPC;Frais de mission : Assistance à VGC 2020 à 2022;Tax;090/EBP/2024/EFB/NAE;23/04/2024;AE;EB;En attente;255 000;0;255 000;;
NHPC;Assistance à Vérification Générale de Comptabilité (VGC) 2020;Tax;089/EBP/2024/EFB/NAE;23/04/2024;AE;EB;En attente;2 240 000;0;2 240 000;;
AMT CAMEROUN S.A;Assistance juridique et fiscale permanente;Tax;027/EBP/2024/EFB/SAB;29/04/2024;AE;EB;En attente;1 000 000;0;1 000 000;;
AMT CAMEROUN S.A;Assistance juridique et fiscale permanente;Tax;026/EBP/2024/EFB/SAB;29/04/2024;AE;EB;En attente;1 000 000;0;1 000 000;;
MSF;Assistance juridique et fiscale permanente;Tax;093/EBP/2024/EFB/NAE;29/04/2024;AE;EB;En attente;2 000 000;0;2 000 000;;
REC;Assistance fiscale, juridique et sociale permanente;Tax;094/EBP/2024/EFB/NAE;29/04/2024;AE;EB;En attente;4 000 000;0;4 000 000;;
NHPC;Assistance à Vérification Générale de Comptabilité (VGC) 2020;Tax;092/EBP/2024/EFB/NAE;29/04/2024;AE;EB;En attente;670 000;0;670 000;;
NHPC;Assistance au remboursement des crédits de TVA;Tax;091/EBP/2024/EFB/NAE;29/04/2024;AE;EB;En attente;20 000 000;0;20 000 000;;
HORUS;Assistance juridique et fiscale permanente;Tax;098/EBP/2024/EFB/NAE;08/05/2024;AE;EB;En attente;670 860;0;670 860;;
HORUS;Assistance juridique et fiscale permanente;Tax;098/EBP/2024/EFB/NAE;08/05/2024;AE;EB;En attente;670 860;0;670 860;;
ABS S.A;Assistance juridique et fiscale permanente;Tax;097/EBP/2024/EFB/NAE;08/05/2024;AE;EB;En attente;650 000;0;650 000;;
ABS S.A;Assistance juridique et fiscale permanente;Tax;097/EBP/2024/EFB/NAE;08/05/2024;AE;EB;En attente;650 000;0;650 000;;
ABAM SA;Assistance juridique et fiscale permanente;Tax;100/EBP/2024/EFB/NAE;08/05/2024;AE;EB;En attente;500 000;0;500 000;;
ABAM SA;Assistance juridique et fiscale permanente;Tax;100/EBP/2024/EFB/NAE;08/05/2024;AE;EB;En attente;500 000;0;500 000;;
MSF;Assistance juridique et fiscale permanente;Tax;099/EBP/2024/EFB/NAE;08/05/2024;AE;EB;En attente;1 000 000;0;1 000 000;;
MSF;Assistance juridique et fiscale permanente;Tax;099/EBP/2024/EFB/NAE;08/05/2024;AE;EB;En attente;375 000;0;375 000;;
ABC;Assistance juridique et fiscale permanente;Tax;096/EBP/2024/EFB/NAE;08/05/2024;AE;EB;En attente;250 000;0;250 000;;
ABC;Assistance juridique et fiscale permanente;Tax;096/EBP/2024/EFB/NAE;08/05/2024;AE;EB;En attente;250 000;0;250 000;;
TSG CAMEROUN S.A;Assistance à secrétariat juridique;Legal Services;103/EBP/2024/EFB/NAE;13/05/2024;GO;EB;En attente;500 000;0;500 000;;
LONGSTAR;Assistance douanière permanente;Douane;029/EBP/2024/EFB/SAB;13/05/2024;SAB;SAB;En attente;600 000;0;600 000;;
MSF;Assitance montage DSF 2022;Audit;101/EBP/2024/EFB/NAE;13/05/2024;SV;SV;En attente;3 000 000;0;3 000 000;;
MSF;Assistance à contrôle CNPS;Tax;102/EBP/2024/EFB/NAE;13/05/2024;AE;EB;En attente;490 000;0;490 000;;
NHPC;Assistance au remboursement des crédits de TVA;Tax;106/EBP/2024/EFB/NAE;17/05/2024;AE;EB;En attente;2 000 000;0;2 000 000;;
LABOREX;Assistance à Vérification Générale de Comptabilité (VGC) 2019-2021;Tax;107/EBP/2024/EFB/NAE;22/05/2024;AE;EB;En attente;1 260 000;0;1 260 000;;
LABOREX;Assistance à Vérification Générale de Comptabilité (VGC) 2019-2021;Tax;110/EBP/2024/EFB/NAE;30/05/2024;AE;EB;En attente;452 342 547;0;452 342 547;;
ABAM SA;Analyse des incidences juridiques  et fiscales des options de correction de la SNC de la société ABAM;Tax;00206399;05/06/2024;AE;EB;En attente;7 500 000;0;7 500 000;;
ABS S.A;Assistance juridique et fiscale permanente;Tax;115/EBP/2024/EFB/NAE;11/06/2024;AE;EB;En attente;650 000;0;650 000;;
ABAM SA;Secrétariat juridique;Legal Services;113/EBP/2024/EFB/NAE;11/06/2024;AE;EB;En attente;500 000;0;500 000;;
AMT CAMEROUN S.A;DSF & ANALYSE DES COMPTES;Audit;007;12/06/2024;ALM;BRM;En attente;2 500;0;2 500;;
TSG CAMEROUN S.A;Assistance à secrétariat juridique;Legal Services;119/EBP/2024/EFB/NAE;26/06/2024;GO;EB;En attente;500 000;0;500 000;;
MSF;Assistance juridique et fiscale permanente;Tax;117/EBP/2024/EFB/NAE;01/07/2024;AE;EB;En attente;375 000;0;375 000;;
ABC;Assistance juridique et fiscale permanente;Tax;114/EBP/2024/EFB/NAE;01/07/2024;AE;EB;En attente;250 000;0;250 000;;
NHPC;Assistance au remboursement des crédits de TVA;Tax;118/EBP/2024/EFB/NAE;01/07/2024;AE;EB;En attente;2 000 000;0;2 000 000;;
SABC;Gestion de la paie des Expatriés;Tax;120/EBP-LAW/2024/EFB/ARO;02/07/2024;AE;EB;En attente;5 875 160;0;5 875 160;;
ABS S.A;Assistance juridique et fiscale permanente;Tax;123/EBP/2024/EFB/NAE;10/07/2024;AE;EB;En attente;650 000;0;650 000;;
ABAM SA;Assistance juridique et fiscale permanente;Tax;121/EBP/2024/EFB/NAE;10/07/2024;AE;EB;En attente;500 000;0;500 000;;
MSF;Assistance juridique et fiscale permanente;Tax;125/EBP/2024/EFB/NAE;10/07/2024;AE;EB;En attente;375 000;0;375 000;;
ABC;Assistance juridique et fiscale permanente;Tax;122/EBP/2024/EFB/NAE;10/07/2024;AE;EB;En attente;250 000;0;250 000;;
AMT CAMEROUN S.A;Assistance juridique et fiscale permanente;Tax;128/EBP/2024/EFB/NAE;16/07/2024;AE;EB;En attente;900 000;0;900 000;;
GRACEDOM INVEST S.A;Analyse financière;Audit;006;22/07/2024;ALM;BRM;En attente;14 000 000;0;14 000 000;;
BEST WIN;Assistance juridique : ingénierie juridique;Legal Services;129/EBP/2024/EFB/NAE;23/07/2024;GO;EB;En attente;8 000 000;0;8 000 000;;
NHPC;Assistance à saisine du DGI d’une réclamation contentieuse suite à VGC des exercices 2020, 2021 et 2022;Tax;131/EBP/2024/EFB/NAE;29/07/2024;AE;EB;En attente;15 000 000;0;15 000 000;;
NHPC;Veille fiscale permanente et audit fiscal trimestriel;Tax;134/EBP/2024/EFB/NAE;29/07/2024;AE;EB;En attente;6 000 000;0;6 000 000;;
NHPC;Veille fiscale permanente et audit fiscal trimestriel;Tax;133/EBP/2024/EFB/NAE;29/07/2024;AE;EB;En attente;6 000 000;0;6 000 000;;
NHPC;Veille fiscale permanente et audit fiscal trimestriel;Tax;132/EBP/2024/EFB/NAE;29/07/2024;AE;EB;En attente;6 000 000;0;6 000 000;;
NHPC;Assistance au remboursement des crédits de TVA;Tax;130/EBP/2024/EFB/NAE;29/07/2024;AE;EB;En attente;2 000 000;0;2 000 000;;
HORUS;Assistance juridique et fiscale permanente;Tax;138/EBP/2024/EFB/NAE;01/08/2024;AE;EB;En attente;670 860;0;670 860;;
ABS S.A;Assistance juridique et fiscale permanente;Tax;137/EBP/2024/EFB/NAE;01/08/2024;AE;EB;En attente;650 000;0;650 000;;
ABC;Assistance juridique et fiscale permanente;Tax;136/EBP/2024/EFB/NAE;01/08/2024;AE;EB;En attente;250 000;0;250 000;;
KHPC;Assistance fiscale et sociale permanente;Tax;140/EBP/2024/EFB/NAE;05/08/2024;AE;EB;En attente;8 000 000;0;8 000 000;;
SABC;Assistance à obtention des visas de contrats de travail des expatriés;Tax;141/EBP-LAW/2024/EFB/ARO;06/08/2024;AO;EB;En attente;250 000;0;250 000;;
KHPC;Assistance à contrôle de régularisation CNPS 2022;Tax;142/EBP/2024/EFB/NAE;16/08/2024;AE;EB;En attente;3 000 000;0;3 000 000;;
KHPC;Assistance à l'optimisation de la paie;Tax;145/EBP/2024/EFB/NAE;21/08/2024;AE;EB;En attente;65 000;0;65 000;;
KHPC;Assistance à contrôle de régularisation CNPS 2022;Tax;144/EBP/2024/EFB/NAE;21/08/2024;AE;EB;En attente;65 000;0;65 000;;
ABS S.A;Assistance juridique et fiscale permanente;Tax;149/EBP/2024/EFB/NAE;23/08/2024;AE;EB;En attente;650 000;0;650 000;;
MSF;Assistance juridique et fiscale permanente;Tax;151/EBP/2024/EFB/NAE;23/08/2024;AE;EB;En attente;375 000;0;375 000;;
ABC;Assistance juridique et fiscale permanente;Tax;148/EBP/2024/EFB/NAE;23/08/2024;AE;EB;En attente;250 000;0;250 000;;
NHPC;Assistance au remboursement des crédits de TVA;Tax;152/EBP/2024/EFB/NAE;23/08/2024;AE;EB;En attente;2 000 000;0;2 000 000;;
AMT CAMEROUN S.A;AUDIT DES CREANCES;Audit;008;26/08/2024;ALM;BRM;En attente;7 500 000;0;7 500 000;;
NHPC;Assistance à saisine du DGI d’une réclamation contentieuse suite à VGC des exercices 2020, 2021 et 2022;Tax;156/EBP/2024/EFB/NAE;28/08/2024;AE;EB;En attente;485 000;0;485 000;;
ABAM SA;Analyse des incidences juridiques  et fiscales des options de correction de la SNC de la société ABAM;Tax;157/EBP/2024/EFB/NAE;02/09/2024;AE;EB;En attente;20 000 000;0;20 000 000;;
CALLENS CAMEROUN S.A;Assistance à la régularisation de la paie des employés;Tax;160/EBP/2024/EFB/NAE;04/09/2024;AE;EB;En attente;1 100 000;0;1 100 000;;
PAD;Assistance à VGC 2020 à 2022;Tax;158/EBP/2024/EFB/NAE;04/09/2024;AE;EB;En attente;16 771 488;0;16 771 488;;
JOCCIDALO PETROLEUM;Assistance à secrétariat juridique et à rédaction des contrats;Legal Services;160/EBP/2024/EFB/NAE;10/09/2024;GO;EB;En attente;3 174 603;0;3 174 603;;
AMT CAMEROUN S.A;AUDIT DES CREANCES;Audit;009;12/09/2024;ALM;BRM;En attente;7 500 000;0;7 500 000;;
AMT CAMEROUN S.A;DSF & ANALYSE DES COMPTES;Audit;010;12/09/2024;ALM;BRM;En attente;5 000 000;0;5 000 000;;
NHPC;Assistance à saisine du DGI d’une réclamation contentieuse suite à VGC des exercices 2020, 2021 et 2022;Tax;164/EBP/2024/EFB/NAE;24/09/2024;AE;EB;En attente;6 380 000;0;6 380 000;;
MEN GROUP;Assistance juridique et fiscale permanente;Tax;173/EBP/2024/EFB/NAE;04/10/2024;AE;EB;En attente;500 000;0;500 000;;
AMT CAMEROUN S.A;Assistance juridique et fiscale permanente;Tax;166/EBP/2024/EFB/NAE;04/10/2024;AE;EB;En attente;900 000;0;900 000;;
ABAM SA;Assistance juridique et fiscale permanente;Tax;172/EBP/2024/EFB/NAE;04/10/2024;AE;EB;En attente;500 000;0;500 000;;
MSF;Assistance juridique et fiscale permanente;Tax;168/EBP/2024/EFB/NAE;04/10/2024;AE;EB;En attente;375 000;0;375 000;;
ABC;Assistance juridique et fiscale permanente;Tax;171/EBP/2024/EFB/NAE;04/10/2024;AE;EB;En attente;250 000;0;250 000;;
NHPC;Assistance au remboursement des crédits de TVA;Tax;179/EBP/2024/EFB/NAE;28/10/2024;AE;EB;En attente;20 000 000;0;20 000 000;;
MEN GROUP;Assistance juridique et fiscale permanente;Tax;185/EBP/2024/EFB/NAE;04/11/2024;AE;EB;En attente;500 000;0;500 000;;
KHPC;Assistance à obtention de contrat de travail expatrié;Tax;190/EBP/2024/EFB/NAE;04/11/2024;AE;EB;En attente;320 000;0;320 000;;
KHPC;Assistance à obtention de contrat de travail expatrié;Tax;189/EBP/2024/EFB/NAE;04/11/2024;AE;EB;En attente;250 000;0;250 000;;
HORUS;Assistance juridique et fiscale permanente;Tax;184/EBP/2024/EFB/NAE;04/11/2024;AE;EB;En attente;670 860;0;670 860;;
ABC;Assistance juridique et fiscale permanente;Tax;182/EBP/2024/EFB/NAE;04/11/2024;AE;EB;En attente;250 000;0;250 000;;
AMT CAMEROUN S.A;Assistance juridique et fiscale permanente;Tax;191/EBP/2024/EFB/NAE;07/11/2024;AE;EB;En attente;1 900 000;0;1 900 000;;
AMT CAMEROUN S.A;Commissariat Aux comptes;Audit;012;21/11/2024;CYD;BRM;En attente;1 800 000;0;1 800 000;;
NHPC;Assistance au remboursement des crédits de TVA;Tax;193/EBP/2024/EFB/NAE;25/11/2024;AE;EB;En attente;2 000 000;0;2 000 000;;
MSF;Assistance à contrôle CNPS;Tax;188/EBP/2024/EFB/NAE;26/11/2024;AE;EB;En attente;195 000;0;195 000;;
AMT CAMEROUN S.A;DSF & ANALYSE DES COMPTES;Audit;013;29/11/2024;ALM;BRM;En attente;7 000 000;0;7 000 000;;
MERMO OIL;Assistance à secrétariat juridique;Legal Services;198/EBP/2024/EFB/ARO;02/12/2024;GO;EB;En attente;1 000 000;0;1 000 000;;
HORUS;Assistance juridique et fiscale permanente;Tax;202/EBP/2024/EFB/NAE;05/12/2024;AE;EB;En attente;670 860;0;670 860;;
ABAM SA;Assistance juridique et fiscale permanente;Tax;199/EBP/2024/EFB/NAE;05/12/2024;AE;EB;En attente;500 000;0;500 000;;
ABC;Assistance juridique et fiscale permanente;Tax;200/EBP/2024/EFB/NAE;05/12/2024;AE;EB;En attente;250 000;0;250 000;;
SCBC;Assistance à controle et contentieux douanier;Douane;061/EBP/2024/EFB/SAB;11/12/2024;SDO;SAB;En attente;3 250 000;0;3 250 000;;
REC;Assistance fiscale, juridique et sociale permanente;Tax;210/EBP/2024/EFB/NAE;17/12/2024;AE;EB;En attente;4 000 000;0;4 000 000;;
REC;Assistance fiscale, juridique et sociale permanente;Tax;209/EBP/2024/EFB/NAE;17/12/2024;AE;EB;En attente;4 000 000;0;4 000 000;;
NHPC;Assistance au remboursement des crédits de TVA;Tax;219/EBP/2024/EFB/NAE;30/12/2024;AE;EB;En attente;2 000 000;0;2 000 000;;
MEN GROUP;Assistance juridique et fiscale permanente;Tax;006/EBP/2025/EFB/NAE;07/01/2025;AE;EB;En attente;500 000;0;500 000;;
MEN GROUP;Assistance juridique et fiscale permanente;Tax;008/EBP/2025/EFB/NAE;09/01/2025;AE;EB;En attente;500 000;0;500 000;;
HORUS;Assistance juridique et fiscale permanente;Tax;005/EBP/2025/EFB/NAE;09/01/2025;AE;EB;En attente;670 860;0;670 860;;
ABAM SA;Analyse des incidences juridiques  et fiscales des options de correction de la SNC de la société ABAM;Tax;001/EBP/2025/EFB/NAE;09/01/2025;AE;EB;En attente;500 000;0;500 000;;
ABC;Assistance juridique et fiscale permanente;Tax;002/EBP/2025/EFB/NAE;09/01/2025;AE;EB;En attente;250 000;0;250 000;;
LOXEA;Participation au séminaire de la loi de finances 2025;Tax;015/EBP/2025/EFB/ARO/NAE;20/01/2025;AE;EB;En attente;200 000;0;200 000;;
HEVECAM;Participation au séminaire de la loi de finances 2025;Tax;017/EBP/2025/EFB/ARO/NAE;20/01/2025;AE;EB;En attente;1 080 000;0;1 080 000;;
OCEAN;Participation au séminaire de la loi de finances 2025;Tax;020/EBP/2025/EFB/ARO/NAE;21/01/2025;AE;EB;En attente;200 000;0;200 000;;
KHPC;Participation au séminaire de la loi de finances 2025;Tax;022/EBP/2025/EFB/ARO/NAE;21/01/2025;AE;EB;En attente;360 000;0;360 000;;
TELCAR;Participation au séminaire de la loi de finances 2025;Tax;019/EBP/2025/EFB/ARO/NAE;21/01/2025;AE;EB;En attente;400 000;0;400 000;;
TRACTAFRIC EQUIPMENT CAMEROUN;Participation au séminaire de la loi de finances 2025;Tax;024/EBP/2025/EFB/ARO/NAE;22/01/2025;SAB;EB;En attente;100 000;0;100 000;;
CECEC;Participation au séminaire de la loi de finances 2025;Tax;026/EBP/2025/EFB/ARO/NAE;22/01/2025;AE;EB;En attente;200 000;0;200 000;;
AVD;Participation au séminaire de la loi de finances 2024;Tax;017/EBP/2024/EFB/NAE;24/01/2025;AE;EB;En attente;100 000;0;100 000;;
Etude Me Grâce NKAKE BOLLANGA;Participation au séminaire de la loi de finances 2025;Tax;039/EBP/2025/EFB/ARO/NAE;28/01/2025;LarissaNdome;EB;En attente;1 000 000;0;1 000 000;;
ARTS ET METIERS SARL;Participation au séminaire de la loi de finances 2025;Tax;037/EBP/2025/EFB/ARO/NAE;28/01/2025;JDY;EB;En attente;100 000;0;100 000;;
ASCA;Participation au séminaire de la loi de finances 2025;Tax;030/EBP/2025/EFB/ARO/NAE;28/01/2025;AE;EB;En attente;400 000;0;400 000;;
ACCESS;Participation au séminaire de la loi de finances 2025;Tax;040/EBP/2025/EFB/ARO/NAE;28/01/2025;AE;EB;En attente;300 000;0;300 000;;
ABAM SA;Analyse des incidences juridiques  et fiscales des options de correction de la SNC de la société ABAM;Tax;035/EBP/2025/EFB/ARO/NAE;28/01/2025;AE;EB;En attente;360 000;0;360 000;;
SABC;Participation au séminaire de la loi de finances 2025;Tax;027/EBP/2025/EFB/ARO/NAE;28/01/2025;AO;EB;En attente;100 000;0;100 000;;
NHPC;Participation au séminaire de la loi de finances 2025;Tax;034/EBP/2025/EFB/ARO/NAE;28/01/2025;AE;EB;En attente;1 780 000;0;1 780 000;;
MEN GROUP;Assistance juridique et fiscale permanente;Tax;050/EBP/2025/EFB/NAE;03/02/2025;AE;EB;En attente;500 000;0;500 000;;
HORUS;Assistance juridique et fiscale permanente;Tax;049/EBP/2025/EFB/NAE;03/02/2025;AE;EB;En attente;670 860;0;670 860;;
ABC;Assistance juridique et fiscale permanente;Tax;046/EBP/2025/EFB/NAE;03/02/2025;AE;EB;En attente;250 000;0;250 000;;
KHPC;Assistance à obtention Carte de Séjour expatrié;Tax;053/EBP/2025/EFB/NAE;12/02/2025;AE;EB;En attente;135 000;0;135 000;;
KHPC;Assistance fiscale et sociale permanente;Tax;043/EBP/2025/EFB/NAE;12/02/2025;AE;EB;En attente;160 000;0;160 000;;
REC;Assistance à contrôle CNPS de l'exercice 2023;Tax;056/EBP/2025/EFB/NAE;19/02/2025;AE;EB;En attente;2 500 000;0;2 500 000;;
MEN GROUP;Assistance juridique et fiscale permanente;Tax;063/EBP/2025/EFB/NAE;05/03/2025;AE;EB;En attente;500 000;0;500 000;;
HORUS;Assistance juridique et fiscale permanente;Tax;062/EBP/2025/EFB/NAE;05/03/2025;AE;EB;En attente;670 860;0;670 860;;
ABC;Assistance juridique et fiscale permanente;Tax;060/EBP/2025/EFB/NAE;05/03/2025;AE;EB;En attente;750 000;0;750 000;;
ABAM SA;Assistance juridique et fiscale permanente;Tax;014/EBF/2025/EFB/SAB;20/03/2025;AE;EB;En attente;2 500 000;0;2 500 000;;
AMT CAMEROUN S.A;Revue de la liasse fiscale annuelle (DSF) de l'exercice 2024;Tax;068/EBP/2025/EFB/NAE;25/03/2025;AE;EB;En attente;3 000 000;0;3 000 000;;
DHL;Assistance à VGC des exercices 2020 2021 et 2022;Tax;074/EBP/2025/EFB/NAE;25/03/2025;AE;EB;En attente;30 000;0;30 000;;
DHL;Assistance à VGC des exercices 2020 2021 et 2022;Tax;067/EBP/2025/EFB/NAE;25/03/2025;AE;EB;En attente;3 500 000;0;3 500 000;;
REC;Revue de la liasse fiscale annuelle (DSF) de l'exercice 2024;Tax;071/EBP/2025/EFB/NAE;25/03/2025;AE;EB;En attente;3 000 000;0;3 000 000;;
REC;Assistance fiscale, juridique et sociale permanente;Tax;070/EBP/2025/EFB/NAE;25/03/2025;AE;EB;En attente;4 000 000;0;4 000 000;;
DGF;Assistance à contentieux fiscal des exercices 2021 & 2022;Tax;076/EBP/2025/EFB/NAE;26/03/2025;AE;EB;En attente;30 000;0;30 000;;
DGF;Assistance à contentieux fiscal des exercices 2021 & 2022;Tax;075/EBP/2025/EFB/NAE;26/03/2025;AE;EB;En attente;4 000 000;0;4 000 000;;
DGF;Assistance à contentieux fiscal des exercices 2021 & 2022;Tax;079/EBP/2025/EFB/NAE;01/04/2025;AE;EB;En attente;227 500;0;227 500;;
DHL;Assistance à VGC des exercices 2020 2021 et 2022;Tax;080/EBP/2025/EFB/NAE;01/04/2025;AE;EB;En attente;225 000;0;225 000;;
MEN GROUP;Assistance juridique et fiscale permanente;Tax;086/EBP/2025/EFB/NAE;08/04/2025;AE;EB;En attente;500 000;0;500 000;;
HORUS;Assistance juridique et fiscale permanente;Tax;085/EBP/2025/EFB/NAE;08/04/2025;AE;EB;En attente;670 860;0;670 860;;
NHPC;Veille fiscale permanente et audit fiscal trimestriel;Tax;088/EBP/2025/EFB/NAE;11/04/2025;AE;EB;En attente;6 000 000;0;6 000 000;;
KAKOTEL;ASSISTANCE COMPTABLE;Audit;004;14/04/2025;ALM;BRM;En attente;3 000 000;0;3 000 000;;
KAKOTEL;ASSISTANCE COMPTABLE;Audit;003;14/04/2025;ALM;BRM;En attente;3 000 000;0;3 000 000;;
KAKOTEL;ASSISTANCE COMPTABLE;Audit;002;14/04/2025;ALM;BRM;En attente;3 000 000;0;3 000 000;;
KHPC;Assistance à l'optimisation de la paie;Tax;089/EBP/2025/EFB/NAE;21/04/2025;AE;EB;En attente;3 500 000;0;3 500 000;;
TSG CAMEROUN S.A;Assistance à rédaction des actes juridiques;Tax;091/EBP/2025/EFB/NAE;22/04/2025;AE;EB;En attente;750 000;0;750 000;;
KHPC;Assistance à l'optimisation de la paie;Tax;094/EBP/2025/EFB/NAE;24/04/2025;AE;EB;En attente;135 000;0;135 000;;
DGF;Assistance à contentieux fiscal des exercices 2021 & 2022;Tax;096/EBP/2025/EFB/NAE;24/04/2025;AE;EB;En attente;195 000;0;195 000;;
DHL;Assistance à VGC des exercices 2020 2021 et 2022;Tax;095/EBP/2025/EFB/NAE;24/04/2025;AE;EB;En attente;195 000;0;195 000;;
MEN GROUP;Assistance juridique et fiscale permanente;Tax;101/EBP/2025/EFB/NAE;06/05/2025;AE;EB;En attente;500 000;0;500 000;;
KHPC;Assistance fiscale et sociale permanente;Tax;104/EBP/2025/EFB/NAE;06/05/2025;AE;EB;En attente;5 000 000;0;5 000 000;;
HORUS;Assistance juridique et fiscale permanente;Tax;102/EBP/2025/EFB/NAE;06/05/2025;AE;EB;En attente;670 860;0;670 860;;
ACCESS;Assistance juridique et fiscale permanente;Tax;099/EBP/2025/EFB/NAE;06/05/2025;AE;EB;En attente;800 000;0;800 000;;
ABAM SA;Assistance juridique et fiscale permanente;Tax;098/EBP/2025/EFB/NAE;06/05/2025;AE;EB;En attente;500 000;0;500 000;;
AMT;Formation du personnel en rédaction administrative;RH;003/EBP/2025/EFB/NAE;12/05/2025;AE;EB;En attente;2 250 000;0;2 250 000;;
PAD;Assistance à VGC 2020 à 2022;Tax;105/EBP/2025/EFB/NAE;12/05/2025;AE;EB;En attente;16 771 488;0;16 771 488;;
MONSIEUR BAHA Robert;Assistance à déclaration préremplie de l’impôt sur les Sociétés et l’Impôt sur le Revenu des Personnes Physiques;Tax;107/EBP/2025/EFB/NAE;28/05/2025;AE;EB;En attente;4 192 872;0;4 192 872;;
ENEO;Ais juridique et fiscal relatif au statut des avances sur consommation et éligibilité au transfert à la CDEC;Tax;108/EBP/2025/EFB/NAE;28/05/2025;AE;EB;En attente;4 000 000;0;4 000 000;;
MEN GROUP;Assistance juridique et fiscale permanente;Tax;112/EBP/2025/EFB/NAE;02/06/2025;AE;EB;En attente;500 000;0;500 000;;
HORUS;Assistance juridique et fiscale permanente;Tax;111/EBP/2025/EFB/NAE;02/06/2025;AE;EB;En attente;670 860;0;670 860;;
ACCESS;Assistance juridique et fiscale permanente;Tax;110/EBP/2025/EFB/NAE;02/06/2025;AE;EB;En attente;800 000;0;800 000;;
ABAM SA;Assistance juridique et fiscale permanente;Tax;109/EBP/2025/EFB/NAE;02/06/2025;AE;EB;En attente;500 000;0;500 000;;
EMRALD;Revue fiscale des opérations des exercices non prescrits (2021_2024);Tax;114/EBP/2025/EFB/NAE;04/06/2025;AE;EB;En attente;1 850 000;0;1 850 000;;
TSG CAMEROUN S.A;Assistance à la tenue du secrétariat juridique : Approbation des comptes de l'exercice 2024;Legal Services;115/EBP/2025/EFB/NAE;11/06/2025;AE;EB;En attente;600 000;0;600 000;;
DGF;Assistance à contentieux fiscal des exercices 2021 & 2022;Tax;119/EBP/2025/EFB/NAE;13/06/2025;AE;EB;En attente;255 000;0;255 000;;
DGF;Assistance à contentieux fiscal des exercices 2021 & 2022;Tax;120/EBP/2025/EFB/NAE;13/06/2025;AE;EB;En attente;1 300 000;0;1 300 000;;
DHL;Assistance à VGC des exercices 2020 2021 et 2022;Tax;118/EBP/2025/EFB/NAE;13/06/2025;AE;EB;En attente;55 000;0;55 000;;
DHL;Assistance à VGC des exercices 2020 2021 et 2022;Tax;117/EBP/2025/EFB/NAE;13/06/2025;AE;EB;En attente;1 300 000;0;1 300 000;;
SABC;Assistance à obtention des visas de contrats de travail des expatriés;Tax;116/EBP/2025/EFB/NAE;13/06/2025;AO;EB;En attente;500 000;0;500 000;;
EMRALD;Revue fiscale des opérations des exercices non prescrits (2021_2024);Tax;122/EBP/2025/EFB/NAE;24/06/2025;AE;EB;En attente;1 850 000;0;1 850 000;;
AMT CAMEROUN S.A;DSF & ANALYSE DES COMPTES;Audit;001;03/10/2025;ALM;BRM;En attente;7 000 000;0;7 000 000;;
ACCESS;Assistance juridique et fiscale permanente;Tax;204/EBP/2024/EFB/NAE;05/12/2025;AE;EB;En attente;800 000;0;800 000;;
MSF;Assistance juridique et fiscale permanente;Tax;113/EBP/2025/EFB/NAE;02/06/2025;AE;EB;;375 000;354 375;20 625;;
AMT CAMEROUN S.A;Assistance juridique et fiscale permanente;Tax;100/EBP/2025/EFB/NAE;08/05/2025;AE;EB;;900 000;1 023 750;-123 750;;
MSF;Assistance juridique et fiscale permanente;Tax;103/EBP/2025/EFB/NAE;06/05/2025;AE;EB;;375 000;354 375;20 625;;
TSG CAMEROUN S.A;Assistance à rédaction des actes juridiques;Tax;097/EBP/2025/EFB/NAE;05/05/2025;AE;EB;;750 000;708 750;41 250;;
MSF;Assistance au montage et à la revue de la DSF de l'exercice 2024;Tax;090/EBP/2025/EFB/NAE;21/04/2025;AE;EB;;1 000 000;945 000;55 000;;
MSF;Assistance juridique et fiscale permanente;Tax;087/EBP/2025/EFB/NAE;08/04/2025;AE;EB;;375 000;375 000;0;;
ABAM SA;Assistance juridique et fiscale permanente;Tax;083/EBP/2025/EFB/NAE;08/04/2025;AE;EB;;500 000;1 137 500;-637 500;;
ACCESS;Assistance à VGC des exercices 2020, 2021 et 2022;Tax;084/EBP/2025/EFB/NAE;08/04/2025;AE;EB;;800 000;910 000;-110 000;;
SABC;Gestion de la paie des Expatriés;Tax;081/EBP/2025/EFB/NAE;02/04/2025;AE;EB;;5 119 459;5 006 831;112 628;;
MSF;Assistance au montage et à la revue de la DSF de l'exercice 2024;Tax;069/EBP/2025/EFB/NAE;25/03/2025;AE;EB;;1 000 000;945 000;55 000;;
ACCESS;Revue de la liasse fiscale annuelle (DSF) de l'exercice 2024;Tax;072/EBP/2025/EFB/NAE;25/03/2025;AE;EB;;2 000 000;2 275 000;-275 000;;
NHPC;Assistance à évaluation de la dépense fiscale de l'exercice 2024;Tax;066/EBP/2025/EFB/NAE;13/03/2025;AE;EB;;6 000 000;9 450 000;-3 450 000;;
KHPC;Assistance juridique et fiscale permanente complémentaire;Tax;065/EBP/2025/EFB/NAE;13/03/2025;AE;EB;;19 500 000;19 071 000;429 000;;
MSF;Assistance juridique et fiscale permanente;Tax;064/EBP/2025/EFB/NAE;05/03/2025;AE;EB;;375 000;354 375;20 625;;
ABAM SA;Assistance juridique et fiscale permanente;Tax;059/EBP/2025/EFB/NAE;05/03/2025;AE;EB;;500 000;568 750;-68 750;;
ACCESS;Assistance juridique et fiscale permanente;Tax;061/EBP/2025/EFB/NAE;05/03/2025;AE;EB;;800 000;910 000;-110 000;;
ACCESS;Assistance à VGC des exercices 2020, 2021 et 2022;Tax;057/EBP/2025/EFB/NAE;21/02/2025;AE;EB;;7 000 000;7 962 500;-962 500;;
ACCESS;Assistance à VGC des exercices 2020, 2021 et 2022;Tax;055/EBP/2025/EFB/NAE;19/02/2025;AE;EB;;2 500 000;2 843 750;-343 750;;
ABS S.A;Assistance juridique et fiscale permanente;Tax;047/EBP/2025/EFB/NAE;12/02/2025;AE;EB;;975 000;1 109 063;-134 063;;
KHPC;Assistance à obtention Carte de Séjour expatrié;Tax;052/EBP/2025/EFB/NAE;12/02/2025;AE;EB;;400 000;378 000;22 000;;
MSF;Assistance juridique et fiscale permanente;Tax;051/EBP/2025/EFB/NAE;03/02/2025;AE;EB;;375 000;354 375;20 625;;
ABAM SA;Assistance juridique et fiscale permanente;Tax;045/EBP/2025/EFB/NAE;03/02/2025;AE;EB;;500 000;568 750;-68 750;;
ACCESS;Assistance juridique et fiscale permanente;Tax;048/EBP/2025/EFB/NAE;03/02/2025;AE;EB;;800 000;910 000;-110 000;;
LOXEA;Assistance à VGC des exercices 2020, 2021 et 2022;Tax;041/EBP/2025/EFB/NAE;03/02/2025;AE;EB;;15 000 000;14 175 000;825 000;;
KHPC;Assistance fiscale et sociale permanente;Tax;044/EBP/2025/EFB/NAE;03/02/2025;AE;EB;;1 666 667;1 575 000;91 667;;
SITRAB-CAM;Assistance du dossier API;Finances;001/EX-EO/2025/EFB/LTM;03/02/2025;SAN;LEO;Payé;3 000 000;3 000 000;0;;
NHPC;Assistance au remboursement des crédits de TVA;Tax;033/EBP/2025/EFB/NAE;28/01/2025;AE;EB;;2 000 000;1 890 000;110 000;;
NHPC;Assistance au remboursement des crédits de TVA;Tax;032/EBP/2025/EFB/NAE;28/01/2025;AE;EB;;10 030 121;9 478 464;551 657;;
MAÎTRE CHE;Participation au séminaire de la loi de finances 2025;Tax;038/EBP/2025/EFB/ARO/NAE;28/01/2025;AE;EB;;100 000;119 260;-19 260;;
TOTAL;Participation au séminaire de la loi de finances 2025;Tax;036/EBP/2025/EFB/ARO/NAE;28/01/2025;AE;EB;;700 000;661 500;38 500;;
AVD;Participation au séminaire de la loi de finances 2025;Tax;028/EBP/2025/EFB/ARO/NAE;28/01/2025;AE;EB;;167 715;200 000;-32 285;;
EVERWELL CAMEROUN CABLES and ENGINEERING SA;Participation au séminaire de la loi de finances 2025;Tax;025/EBP/2025/EFB/ARO/NAE;22/01/2025;AE;EB;;200 000;227 500;-27 500;;
SGC;Participation au séminaire de la loi de finances 2025;Tax;023/EBP/2025/EFB/ARO/NAE;21/01/2025;AE;EB;;540 000;510 300;29 700;;
ENGINE OIL;Participation au séminaire de la loi de finances 2025;Tax;021/EBP/2025/EFB/ARO/NAE;21/01/2025;JDY;EB;;720 000;704 160;15 840;;
MSF;Participation au séminaire de la loi de finances 2025;Tax;016/EBP/2025/EFB/ARO/NAE;20/01/2025;AE;EB;;400 000;455 000;-55 000;;
CFAO;Participation au séminaire de la loi de finances 2025;Tax;014/EBP/2025/EFB/ARO/NAE;20/01/2025;AE;EB;;400 000;378 000;22 000;;
COTRAF;Participation au séminaire de la loi de finances 2025;Tax;013/EBP/2025/EFB/ARO/NAE;20/01/2025;AE;EB;;200 000;200 000;0;;
BRIGHT;Participation au séminaire de la loi de finances 2025;Tax;018/EBP/2025/EFB/ARO/NAE;20/01/2025;AE;EB;;200 000;238 500;-38 500;;
AMT CAMEROUN S.A;Participation au séminaire de la loi de finances 2025;Tax;012/EBP/2025/EFB/ARO/NAE;17/01/2025;AE;EB;;1 220 000;760 000;460 000;;
KHPC;Assistance juridique et fiscale permanente complémentaire;Tax;011/EBP/2025/EFB/NAE;13/01/2025;AE;EB;;13 000 000;12 285 000;715 000;;
DHL;Assistance à insertion dans la liste des entreprises habilitées à opérer la retenue à la source de la TVA et de l’AIR au titre de l’exercice 2025;Tax;010/EBP/2025/EFB/NAE;10/01/2025;AE;EB;;3 500 000;3 307 500;192 500;;
NHPC;Veille fiscale permanente et audit fiscal trimestriel;Tax;007/EBP/2025/EFB/NAE;09/01/2025;AE;EB;;6 000 000;5 670 000;330 000;;
ACCESS;Assistance juridique et fiscale permanente;Tax;004/EBP/2025/EFB/NAE;09/01/2025;AE;EB;;800 000;910 000;-110 000;;
ABS S.A;Assistance juridique et fiscale permanente;Tax;003/EBP/2025/EFB/NAE;09/01/2025;AE;EB;;650 000;739 375;-89 375;;
SABC;Gestion de la paie des Expatriés;Tax;211/EBP-LAW/2024/EFB/ARO;26/12/2024;AE;EB;;5 947 577;5 816 730;130 847;;
MSF;Assistance juridique et fiscale permanente;Tax;215/EBP/2024/EFB/NAE;26/12/2024;AE;EB;;375 000;316 563;58 437;;
GCSA;Gestion de la paie des expatriés;Tax;212/EBP/2024/EFB/NAE;26/12/2024;CN;CN;;2 410 917;2 278 317;132 600;;
SOCAVER;Gestion de la paie des expatriés;Tax;213/EBP-LAW/2024/EFB/ARO;26/12/2024;AO;EB;;1 772 999;1 733 993;39 006;;
SEMC;Gestion de la paie des expatriés;Tax;214/EBP-LAW/2024/EFB/ARO;26/12/2024;AE;EB;;1 350 316;1 320 609;29 707;;
SCBC;Assistance à controle et contentieux douanier;Douane;061/EBP/2024/EFB/SAB;11/12/2024;SDO;SAB;Payé;3 250 000;3 250 000;0;;
KHPC;Assistance fiscale et sociale permanente;Tax;207/EBP/2024/EFB/NAE;09/12/2024;AE;EB;;330 000;311 850;18 150;;
KHPC;Assistance fiscale et sociale permanente;Tax;208/EBP/2024/EFB/NAE;09/12/2024;AE;EB;;160 000;151 200;8 800;;
KHPC;Formation paie : Détermination de l’allocation congés payés et paramétrage dans le logiciel SAGE PAIE;Tax;206/EBP/2024/EFB/NAE;09/12/2024;AE;EB;;1 500 000;1 417 500;82 500;;
EWERWELL;Assistance fiscale et douanière;Douane;058/EBP/2024/EFB/SAB;06/12/2024;SDO;SAB;;4 000 000;3 780 000;220 000;;
MSF;Assistance juridique et fiscale permanente;Tax;203/EBP/2024/EFB/NAE;05/12/2024;AE;EB;;375 000;426 563;-51 563;;
ACCESS;Assistance à VGC des exercices 2020, 2021 et 2022;Tax;205/EBP/2024/EFB/NAE;05/12/2024;AE;EB;;2 500 000;2 843 750;-343 750;;
ACCESS;Assistance juridique et fiscale permanente;Tax;204/EBP/2024/EFB/NAE;05/12/2024;AE;EB;;800 000;910 000;-110 000;;
ABS S.A;Assistance juridique et fiscale permanente;Tax;201/EBP/2024/EFB/NAE;05/12/2024;AE;EB;;650 000;739 375;-89 375;;
NOTICAM SA;Assistance à recherche de financement;Finances;010/EX-EO/2024/EFB/LTM;02/12/2024;JDY;LEO;Payé;22 960 000;22 960 000;0;;
KHPC;Assistance à obtention Carte de Séjour expatrié;Tax;196/EBP/2024/EFB/NAE;27/11/2024;AE;EB;;400 000;378 000;22 000;;
KHPC;Assistance à obtention Carte de Séjour expatrié;Tax;197/EBP/2024/EFB/NAE;27/11/2024;AE;EB;;140 000;132 300;7 700;;
PAD;Assistance à obtention d'une remise totale ou d'une modération des pénalités et intérêts de retard;Tax;194/EBP/2024/EFB/NAE;26/11/2024;AE;EB;;16 771 488;15 849 056;922 432;;
MSF;Assistance à contrôle CNPS;Tax;195/EBP/2024/EFB/NAE;26/11/2024;AE;EB;;2 000 000;2 385 000;-385 000;;
AMT;Assistance à la recherche de financement;Finances;009/EX-EO/2024/EFB/LTM;20/11/2024;JDY;LEO;Payé;2 000 000;2 000 000;0;;
NHPC;Assistance au remboursement des crédits de TVA;Tax;187/EBP/2024/EFB/NAE;04/11/2024;AE;EB;;2 000 000;1 890 000;110 000;;
MSF;Assistance juridique et fiscale permanente;Tax;186/EBP/2024/EFB/NAE;04/11/2024;AE;EB;;375 000;447 188;-72 188;;
ABAM SA;Assistance juridique et fiscale permanente;Tax;181/EBP/2024/EFB/NAE;04/11/2024;AE;EB;;500 000;568 750;-68 750;;
ABS S.A;Assistance juridique et fiscale permanente;Tax;183/EBP/2024/EFB/NAE;04/11/2024;AE;EB;;650 000;739 375;-89 375;;
AFRI@FINAN;Etude de marché;Finances;007/EX-EO/2024/EFB/LTM;04/11/2024;LEO;LEO;Payé;2 500 000;2 500 000;0;;
NOTICAM SA;Assistance à recherche de financement;Finances;008/EX-EO/2024/EFB/LTM;04/11/2024;JDY;LEO;Payé;5 247 657;5 247 657;0;;
CAMEROON INTERNATIONALE TRADE SARL;Assistance à recherche de financement;Finances;011/EX-EO/2024/EFB/LTM;30/10/2024;JDY;LEO;Payé;500 000;500 000;0;;
NHPC;"Formation sous le thème : ""Fiscalité des fournisseurs, de la paie et des sociétés""";Tax;180/EBP/2024/EFB/NAE;28/10/2024;AE;EB;;1 300 000;1 228 500;71 500;;
SABC;Assistance à obtention des visas de contrats de travail des expatriés;Tax;178/EBP-LAW/2024/EFB/ARO;28/10/2024;AO;EB;;250 000;244 500;5 500;;
SABC;Gestion de la paie des Expatriés;Tax;177/EBP/2024/EFB/NAE;21/10/2024;AE;EB;;5 281 860;5 165 659;116 201;;
SABC;Assistance à obtention des visas de contrats de travail des expatriés;Tax;176/EBP/2024/EFB/NAE;21/10/2024;AO;EB;;500 000;596 250;-96 250;;
KHPC;Assistance à obtention de contrat de travail expatrié;Tax;175/EBP/2024/EFB/NAE;17/10/2024;AE;EB;;200 000;189 000;11 000;;
CFAO;Revue du paramétrage de l'IRPP sur le revenu exceptionnel;Tax;174/EBP/2024/EFB/NAE;07/10/2024;CN;CN;;500 000;472 500;27 500;;
NHPC;Assistance au remboursement des crédits de TVA;Tax;167/EBP/2024/EFB/NAE;04/10/2024;AE;EB;;2 000 000;1 890 000;110 000;;
ABS S.A;Assistance juridique et fiscale permanente;Tax;170/EBP/2024/EFB/NAE;04/10/2024;AE;EB;;650 000;739 375;-89 375;;
HORUS;Assistance juridique et fiscale permanente;Tax;169/EBP/2024/EFB/NAE;04/10/2024;AE;EB;;670 860;800 000;-129 140;;
KHPC;Assistance à l'optimisation de la paie;Tax;165/EBP/2024/EFB/NAE;03/10/2024;AE;EB;;5 870 021;5 547 170;322 851;;
CFAO;Assistance à souscription de la déclaration annuelle de revenus;Tax;161/EBP/2024/EFB/NAE;30/09/2024;AE;EB;;2 000 000;1 890 000;110 000;;
MEN GROUP;Assistance à Vérification Générale de Comptabilité (VGC) 2019-2022;Tax;153/EBP/2024/EFB/NAE;27/08/2024;AE;EB;;130 000;147 875;-17 875;;
MEN GROUP;Assistance juridique et fiscale permanente;Tax;154/EBP/2024/EFB/NAE;27/08/2024;AE;EB;;1 000 000;1 137 500;-137 500;;
ABAM SA;Assistance juridique et fiscale permanente;Tax;147/EBP/2024/EFB/NAE;23/08/2024;AE;EB;;500 000;568 750;-68 750;;
HORUS;Assistance juridique et fiscale permanente;Tax;150/EBP/2024/EFB/NAE;23/08/2024;AE;EB;;670 860;800 000;-129 140;;
GROUPE KEDE SARL;Assistance à recherche de financement;Finances;004/EX-EO/2024/EFB/LTM;22/08/2024;JDY;LEO;Payé;1 000 000;1 000 000;0;;
KHPC;Assistance fiscale et sociale permanente;Tax;143/EBP/2024/EFB/NAE;21/08/2024;AE;EB;;490 000;463 050;26 950;;
ABAM SA;Assistance juridique et fiscale permanente;Tax;135/EBP/2024/EFB/NAE;01/08/2024;AE;EB;;500 000;568 750;-68 750;;
NHPC;Assistance au remboursement des crédits de TVA;Tax;126/EBP/2024/EFB/NAE;10/07/2024;AE;EB;;2 000 000;1 890 000;110 000;;
HORUS;Assistance juridique et fiscale permanente;Tax;124/EBP/2024/EFB/NAE;10/07/2024;AE;EB;;670 860;800 000;-129 140;;
HORUS;Assistance juridique et fiscale permanente;Tax;116/EBP/2024/EFB/NAE;01/07/2024;AE;EB;;670 860;800 000;-129 140;;
CHEC;Assistance à obtention des facilités douanières dans le cadre des APEC;Douane;032/EBP/2024/EFB/SAB;28/06/2024;SDO;SAB;Payé;3 000 000;3 000 000;0;;
J2N CONSEIL SARL;Assistance à recherche de financement;Finances;002/EX-EO/2024/EFB/LTM;26/06/2024;LEO;LEO;Payé;10 000 000;10 000 000;0;;
AMT CAMEROUN S.A;DSF & ANALYSE DES COMPTES;Audit;005;13/05/2024;ALM;BRM;Payé;5 000 000;5 634 563;-634 563;;
GRACEDOM INVEST S.A;Analyse financière;Audit;004;13/05/2024;ALM;BRM;Payé;10 500 000;11 943 750;-1 443 750;;
AFRI@FINAN;Etude de marché;Finances;001/EX-EO/2024/EFL/LTM;19/04/2024;LEO;LEO;Payé;7 500 000;7 500 000;0;;
MSF;Assistance juridique et fiscale permanente;Tax;087/EBP/2024/EFB/NAE;16/04/2024;AE;EB;Payé;375 000;426 563;-51 563;;
ABAM SA;Assistance juridique et fiscale permanente;Tax;084/EBP/2024/EFB/NAE;16/04/2024;AE;EB;;500 000;568 750;-68 750;;
CFAO;Assistance à la déclaration préremplie;Tax;080/EBP/2024/EFB/NAE;16/04/2024;AE;EB;;840 000;793 800;46 200;;
CFAO;Assistance à la déclaration préremplie;Tax;081/EBP/2024/EFB/NAE;16/04/2024;AE;EB;;255 000;240 975;14 025;;
NHPC;Assistance au remboursement des crédits de TVA;Tax;074/EBP/2024/EFB/NAE;04/04/2024;AE;EB;Payé;60 000 000;56 700 000;3 300 000;;
LABOREX;Assistance à Vérification Générale de Comptabilité (VGC) 2019-2021;Tax;072/EBP/2024/EFB/NAE;27/03/2024;AE;EB;Payé;5 000 000;4 725 000;275 000;;
CFAO;Assistance aux opérations de régularisation des impôts et taxes sur salaires au titre de l’exercice 2023;Tax;070/EBP/2024/EFB/NAE;27/03/2024;AO;EB;;1 000 000;945 000;55 000;;
CFAO;Assistance à la déclaration préremplie;Tax;071/EBP/2024/EFB/NAE;27/03/2024;AE;EB;;2 000 000;1 890 000;110 000;;
NHPC;Assistance à l'évaluation de la dépense fiscale de la société NHPC au titre de l'exercice 2023;Tax;063/EBP/2024/EFB/NAE;25/03/2024;AE;AO;Payé;6 000 000;5 670 000;330 000;;
AMT CAMEROUN S.A;DSF & ANALYSE DES COMPTES;Audit;071;20/03/2024;ALM;BRM;;1 500 000;1 706 250;-206 250;;
REC;Assistance au montage de la DSF de l'exercice 2023;Tax;062/EBP/2024/EFB/NAE;15/03/2024;AE;EB;Payé;3 000 000;3 412 500;-412 500;;
MIOD;ASSISTANCE COMPTABLE;Audit;003;12/03/2024;ALM;BRM;Payé;1 750 000;1 750 000;0;;
LONGSTAR;Audit préalable des acquit-à-caution;Douane;019/EBP/2024/EFB/SAB;11/03/2024;SAB;SAB;Payé;10 603 107;10 019 936;583 171;;
MIOD;ASSISTANCE COMPTABLE;Audit;001;07/03/2024;ALM;BRM;Payé;500 000;500 000;0;;
MSF;Assistance juridique et fiscale permanente;Tax;050/EBP/2024/EFB/NAE;05/03/2024;AE;EB;Payé;375 000;426 563;-51 563;;
ABAM SA;Assistance juridique et fiscale permanente;Tax;047/EBP/2024/EFB/NAE;05/03/2024;AE;EB;Payé;500 000;568 750;-68 750;;
COMETAL;assistance fiscale;Legal Services;001;05/03/2024;RN;EB;Payé;800 000;800 000;0;;
HORUS;Assistance juridique et fiscale permanente;Tax;051/EBP/2024/EFB/NAE;05/03/2024;AE;EB;;670 860;800 000;-129 140;;
NHPC;Assistance au remboursement des crédits de TVA;Tax;044/EBP/2024/EFB/NAE;22/02/2024;AE;EB;Payé;20 000 000;18 900 000;1 100 000;;
LABOREX;Assistance à Vérification Générale de Comptabilité (VGC) 2019-2021;Tax;045/EBP/2024/EFB/NAE;22/02/2024;AE;EB;Payé;10 000 000;9 450 000;550 000;;
NHPC;Veille fiscale permanente et audit fiscal trimestriel;Tax;039/EBP/2024/EFB/NAE;06/02/2024;AE;EB;Payé;6 000 000;5 670 000;330 000;;
NHPC;Assistance au remboursement des crédits de TVA;Tax;037/EBP/2024/EFB/NAE;05/02/2024;AE;EB;Payé;2 000 000;1 890 000;110 000;;
ABAM SA;Assistance juridique et fiscale permanente;Tax;034/EBP/2024/EFB/NAE;05/02/2024;AE;EB;Payé;500 000;568 750;-68 750;;
ABS S.A;Assistance juridique et fiscale permanente;Tax;035/EBP/2024/EFB/NAE;05/02/2024;AE;EB;Payé;650 000;739 375;-89 375;;
HORUS;Assistance juridique et fiscale permanente;Tax;038/EBP/2024/EFB/NAE;05/02/2024;AE;EB;Payé;670 860;800 000;-129 140;;
SGC;Participation au séminaire de la loi de finances 2024;Tax;021/EBP/2024/EFB/NAE;30/01/2024;AE;EB;;200 000;189 000;11 000;;
DGF;Assistance à contrôle sur pièces des exercices 2019, 2020 et 2021;Tax;032/EBP/2024/EFB/NAE;30/01/2024;AE;EB;Payé;2 250 000;2 559 375;-309 375;;
CFAO;Assistance à contrôle et contentieux douaniers;Douane;011/EBP/2024/EFB/SAB;24/01/2024;SAB;SAB;Payé;6 000 000;5 670 000;330 000;;
KHPC;Participation au séminaire de la loi de finances 2024;Tax;013/EBP/2024/EFB/NAE;17/01/2024;AE;EB;;100 000;94 500;5 500;;
BOMS;Etudes des impacts fiscaux - Schémas contractuels;Tax;010/EBP/2024/EFB/ARO;16/01/2024;AO;EB;Payé;2 100 000;2 504 250;-404 250;;
LABOREX;Assistance à Vérification Générale de Comptabilité (VGC) 2019-2021;Tax;008/EBP/2024/EFB/NAE;09/01/2024;AE;EB;Payé;750 000;708 750;41 250;;
ABC;Assistance juridique et fiscale permanente;Tax;004/EBP/2024/EFB/NAE;08/01/2024;AE;EB;Payé;250 000;284 375;-34 375;;
ABS S.A;Assistance juridique et fiscale permanente;Tax;003/EBP/2024/EFB/NAE;08/01/2024;AE;EB;;650 000;739 375;-89 375;;
CIA CAPITAL INVEST;Assistance juridique (Rédaction d'un protocole d'accord et d'une convention d'avance de trésorerie);Legal Services;001/EBP/2024/EFB/NAE;05/01/2024;AE;EB;Payé;2 500 000;2 500 000;0;;
DGDDIT;Assistance permanente, conseil et suivi de la mise en œuvre de l'antenne DGDDI su Tchad au Cameroun;Douane;001/EBP/2024/EFB/SAB;02/01/2024;SAB;SAB;Payé;2 000 000;2 000 000;0;;
ICM;Participation au séminaire de la loi de finances 2023;Tax;048/EBP/2023/EFB/NAE;31/12/2023;AO;EB;Payé;100 000;119 250;-19 250;;
REC;Assistance fiscale, juridique et sociale permanente;Tax;268/EBP/2023/EFB/NAE;29/12/2023;AE;EB;Payé;4 000 000;4 550 000;-550 000;;
REC;Assistance fiscale, juridique et sociale permanente;Tax;269/EBP/2023/EFB/NAE;29/12/2023;AE;EB;Payé;4 000 000;4 550 000;-550 000;;
REC;Assistance à contrôle CNPS 2022;Tax;270/EBP/2023/EFB/NAE;29/12/2023;AE;EB;Payé;1 400 000;1 592 500;-192 500;;
SOCAVER;Gestion de la paie des expatriés;Tax;262/EBP-LAW/2023/EFB/ARO;08/12/2023;AO;EB;Payé;1 313 924;1 285 017;28 907;;
SEMC;Gestion de la paie des expatriés;Tax;261/EBP-LAW/2023/EFB/ARO;08/12/2023;AE;EB;Payé;1 007 494;985 329;22 165;;
DGDDIT;Assistance à l'élaboration d'une fiche technique en préparation des rencontres à tenir avec la DGD du Cameroun et les acteurs de la chaîne logistique;Douane;016/EBP/2023/EFB/SAB;07/12/2023;SAB;SAB;Payé;2 000 000;2 000 000;0;;
SABC;Gestion de la paie des Expatriés;Tax;259/EBP-LAW/2023/EFB/ARO;06/12/2023;AE;EB;Payé;4 787 020;4 681 705;105 315;;
SABC;Assistance à obtention des cartes de séjour;Tax;260/EBP-LAW/2023/EFB/ARO;06/12/2023;CN;CN;Payé;1 600 000;1 564 800;35 200;;
ABC;Assistance juridique et fiscale permanente;Tax;253/EBP/2023/EFB/NAE;06/12/2023;AE;EB;Payé;250 000;284 375;-34 375;;
HORUS;Assistance juridique et fiscale permanente;Tax;257/EBP/2023/EFB/NAE;06/12/2023;AE;EB;Payé;670 860;800 000;-129 140;;
ABC;Assistance juridique et fiscale permanente;Tax;232/EBP/2023/EFB/NAE;07/11/2023;AE;EB;;250 000;284 375;-34 375;;
CFAO;Audit fiscal et social de la paie;Tax;226/EBP/2023/EFB/NAE;30/10/2023;AE;EB;Payé;2 940 000;2 778 300;161 700;;
ABC;Assistance juridique et fiscale permanente;Tax;212/EBP/2023/EFB/NAE;03/10/2023;AE;EB;Payé;250 000;284 375;-34 375;;
CFAO;Assistance à contrôle douanier;Douane;006/EBP/2023/EFB/SAB;25/09/2023;SAB;SAB;;6 000 000;6 000 000;0;;
NHPC;Assistance au remboursement des crédits de TVA;Tax;203/EBP/2023/EFB/NAE;08/09/2023;AE;EB;Payé;20 000 000;18 900 000;1 100 000;;
ABC;Assistance juridique et fiscale permanente;Tax;192/EBP/2023/EFB/NAE;01/09/2023;AE;EB;Payé;250 000;284 375;-34 375;;
NHPC;Assistance au remboursement des crédits de TVA;Tax;181/EBP/2023/EFB/NAE;04/08/2023;AE;EB;Payé;2 000 000;1 890 000;110 000;;
ABS S.A;Assistance juridique et fiscale permanente;Tax;179/EBP/2023/EFB/NAE;04/08/2023;AE;EB;Payé;650 000;739 375;-89 375;;
NHPC;Assistance au remboursement des crédits de TVA;Tax;160/EBP/2023/EFB/NAE;18/07/2023;AE;EB;Payé;2 000 000;1 890 000;110 000;;
NHPC;Frais relatifs aux déplacements effectués dans le cadre de l'assistance à remboursement des crédits de TVA (28 février au 08 juin 2022);Tax;164/EBP/2023/EFB/NAE;18/07/2023;AE;EB;Payé;1 475 000;1 393 875;81 125;;
TAM-TAM SO;Assistance au montage de la DSF 2022;Tax;149/EBP/2023/EFB/NAE;30/06/2023;AE;EB;Payé;167 715;200 000;-32 285;;
NHPC;Veille fiscale permanente et audit fiscal trimestriel;Tax;144/EBP/2023/EFB/NAE;27/06/2023;AE;EB;Payé;6 000 000;5 670 000;330 000;;
BCL;Revue fiscale annuelle des comptes et montage de la DSF;Tax;145/EBP/2023/EFB/NAE;22/06/2023;AE;EB;Payé;1 900 000;2 265 750;-365 750;;
PRODIFOODS;Revue fiscale annuelle des comptes et montage de la DSF;Tax;146/EBP/2023/EFB/NAE;22/06/2023;AE;EB;Payé;1 250 000;1 490 625;-240 625;;
SCI VESTAL;Revue fiscale annuelle des comptes et montage de la DSF;Tax;147/EBP/2023/EFB/NAE;22/06/2023;AE;EB;Payé;250 000;298 125;-48 125;;
SCI VESTAL;Assistance juridique (Ingénierie patrimoniale et secrétariat juridique);Legal Services;143/EBP/2023/EFB/NAE;19/06/2023;AE;EB;Payé;12 000 000;14 310 000;-2 310 000;;
OTR;Formation sur « la facilitation des échanges et le temps nécessaire pour la mainlevée des marchandises »;Douane;004/EBP/2023/EFB/SAB;14/06/2023;SAB;SAB;Payé;6 000 000;3 000 000;3 000 000;;
HORUS;Assistance à contrôle et contentieux fiscal;Tax;142/EBP/2023/EFB/NAE;13/06/2023;AE;EB;Payé;25 000 000;14 812 500;10 187 500;;
LOXEA;Frais de mission;Tax;141/EBP/2023/EFB/NAE;12/06/2023;AE;EB;Payé;875 000;826 876;48 124;;
NHPC;Assistance au remboursement des crédits de TVA;Tax;135/EBP/2023/EFB/NAE;05/06/2023;AE;EB;Payé;2 000 000;1 890 000;110 000;;
NHPC;Frais relatifs aux déplacements effectués dans le cadre de l'assistance à remboursement des crédits de TVA (28 février au 08 juin 2022);Tax;130/EBP/2023/EFB/NAE;05/06/2023;AE;EB;Payé;1 275 000;1 204 875;70 125;;
NHPC;Assistance au remboursement des crédits de TVA;Tax;128/EBP/2023/EFB/NAE;01/06/2023;AE;EB;Payé;20 000 000;18 900 000;1 100 000;;
NHPC;Assistance au remboursement des crédits de TVA;Tax;115/EBP/2023/EFB/NAE;05/05/2023;AE;EB;Payé;2 000 000;1 890 000;110 000;;
NHPC;Assistance au remboursement des crédits de TVA;Tax;120/EBP/2023/EFB/NAE;05/05/2023;AE;EB;Payé;40 000 000;37 800 000;2 200 000;;
ABC;Assistance juridique et fiscale permanente;Tax;119/EBP/2023/EFB/NAE;05/05/2023;AE;EB;Payé;250 000;284 375;-34 375;;
MSF;Assistance juridique et fiscale permanente;Tax;111/EBP/2023/EFB/NAE;05/05/2023;AE;EB;Payé;375 000;426 563;-51 563;;
PSK SARL;Assistance juridique et fiscale permanente;Tax;114/EBP/2023/EFB/ARO;05/05/2023;AE;EB;Payé;200 000;238 500;-38 500;;
ABS S.A;Assistance juridique et fiscale permanente;Tax;118/EBP/2023/EFB/NAE;05/05/2023;AE;EB;Payé;650 000;739 375;-89 375;;
HORUS;Assistance juridique et fiscale permanente;Tax;112/EBP/2023/EFB/NAE;05/05/2023;AE;EB;Payé;2 500 000;2 981 250;-481 250;;
SABC;Gestion de la paie des Expatriés;Tax;110/EBP-LAW/2023/EFB/ARO;18/04/2023;AE;EB;Payé;7 233 515;7 074 378;159 137;;
SABC;Assistance à obtention des cartes de séjour;Tax;108/EBP-LAW/2022/EFB/ARO;13/04/2023;CN;CN;Payé;400 000;378 000;22 000;;
SABC;Assistance à obtention des visas de contrats de travail des expatriés;Tax;107/EBP/2023/EFB/NAE;11/04/2023;AO;EB;Payé;500 000;472 500;27 500;;
PSK SARL;Assistance juridique et fiscale permanente;Tax;105/EBP/2023/EFB/ARO;06/04/2023;AE;EB;Payé;200 000;238 500;-38 500;;
NHPC;Assistance au remboursement des crédits de TVA;Tax;096/EBP/2023/EFB/NAE;05/04/2023;AE;EB;Payé;2 000 000;1 890 000;110 000;;
NHPC;Assistance au remboursement des crédits de TVA;Tax;102/EBP/2023/EFB/NAE;05/04/2023;AE;EB;Payé;84 000 000;79 380 000;4 620 000;;
MSF;Assistance juridique et fiscale permanente;Tax;094/EBP/2023/EFB/NAE;05/04/2023;AE;EB;Payé;375 000;426 563;-51 563;;
ABS S.A;Assistance juridique et fiscale permanente;Tax;099/EBP/2023/EFB/NAE;05/04/2023;AE;EB;Payé;650 000;739 375;-89 375;;
HORUS;Assistance juridique et fiscale permanente;Tax;095/EBP/2023/EFB/NAE;05/04/2023;AE;EB;Payé;2 500 000;2 981 250;-481 250;;
DANGOTE;Participation au séminaire de formation sur les innovations de la LF 2023;Tax;091/EBP/2023/EFB/NAE;30/03/2023;AE;EB;Payé;3 300 000;3 118 500;181 500;;
BCL;Revue fiscale annuelle des comptes et montage de la DSF;Tax;085/EBP/2023/EFB/NAE;29/03/2023;AE;EB;Payé;2 000 000;2 275 000;-275 000;;
PRODIFOODS;Revue fiscale annuelle des comptes et montage de la DSF;Tax;088/EBP/2023/EFB/NAE;29/03/2023;AE;EB;Payé;1 000 000;1 137 500;-137 500;;
HORUS;Assistance à contrôle et contentieux fiscal;Tax;090/EBP/2023/EFB/NAE;29/03/2023;AE;EB;Payé;25 000 000;29 812 500;-4 812 500;;
TELCAR;Etude juridique, fiscale et douanière;Tax;084/EBP/2023/EFB/NAE;20/03/2023;AE;EB;Payé;5 000 000;4 725 000;275 000;;
NHPC;Assistance au montage de la DSF de l'exercice 2022;Tax;080/EBP/2023/EFB/NAE;13/03/2023;AE;EB;Payé;3 500 000;3 307 500;192 500;;
MSF;Assistance au montage de la DSF;Tax;081/EBP/2023/EFB/NAE;13/03/2023;AE;EB;Payé;2 000 000;2 385 000;-385 000;;
KPDC;Assistance for Post Clearance Control;Douane;002/EBP/2023/EFB/SAB;10/03/2023;SAB;SAB;Payé;5 000 000;5 000 000;0;;
NHPC;Assistance au remboursement des crédits de TVA;Tax;071/EBP/2023/EFB/NAE;09/03/2023;AE;EB;Payé;2 000 000;1 890 000;110 000;;
NHPC;Assistance au remboursement des crédits de TVA;Tax;072/EBP/2023/EFB/NAE;09/03/2023;AE;EB;Payé;2 000 000;1 890 000;110 000;;
NHPC;Frais relatifs aux déplacements effectués dans le cadre de l'assistance à remboursement des crédits de TVA (28 février au 08 juin 2022);Tax;070/EBP/2023/EFB/NAE;09/03/2023;AE;EB;Payé;3 375 000;3 189 375;185 625;;
MSF;Assistance juridique et fiscale permanente;Tax;073/EBP/2023/EFB/NAE;09/03/2023;AE;EB;Payé;375 000;447 188;-72 188;;
WF CAM;Assistance fiscale et comptable;Tax;075/EBP/2023/EFB/NAE;09/03/2023;AE;EB;Payé;1 120 000;1 335 600;-215 600;;
ABS S.A;Assistance juridique et fiscale permanente;Tax;077/EBP/2023/EFB/NAE;09/03/2023;AE;EB;Payé;650 000;739 375;-89 375;;
ABS S.A;Assistance juridique et fiscale permanente;Tax;079/EBP/2023/EFB/NAE;09/03/2023;AE;EB;Payé;650 000;739 375;-89 375;;
HORUS;Assistance juridique et fiscale permanente;Tax;074/EBP/2023/EFB/NAE;09/03/2023;AE;EB;Payé;2 500 000;2 981 250;-481 250;;
BOMS;Etudes des impacts fiscaux - Schémas contractuels;Tax;069/EBP/2023/EFB/ARO;24/02/2023;AO;EB;Payé;2 390 000;2 850 075;-460 075;;
DGDDIT;Assistance à l'élaboration d'une fiche technique en préparation des rencontres à tenir avec la DGD du Cameroun et les acteurs de la chaîne logistique;Douane;001/EBP/2023/EFB/SAB;15/02/2023;SAB;SAB;Payé;16 000 000;16 000 000;0;;
BCL;BCL Commissariat aux comptes;Audit;006/EBP/2023/EFB/SHV;14/02/2023;SV;EB;Payé;1 100 000;1 100 000;0;;
NHPC;Frais relatifs aux déplacements effectués dans le cadre de l'assistance à remboursement des crédits de TVA (28 février au 08 juin 2022);Tax;063/EBP/2023/EFB/NAE;14/02/2023;AE;EB;Payé;430 000;406 350;23 650;;
GLOBELEQ;Supervision des inventaires de stocks;Audit;004/EBP/2023/EFB/SHV;13/02/2023;SV;SV;Payé;4 300 000;4 300 000;0;;
GLOBELEQ;Supervision des inventaires de stocks;Audit;005/EBP/2O23/EFB/SHV;13/02/2023;SV;SV;Payé;3 700 000;3 700 000;0;;
WFG;Assistance juridique, fiscale et sociale ponctuelle;Tax;062/EBP/2023/EFB/NAE;10/02/2023;AE;EB;Payé;7 110 000;8 478 675;-1 368 675;;
BCL;Revue fiscale annuelle des comptes et montage de la DSF;Tax;056/EBP/2023/EFB/NAE;06/02/2023;AE;EB;Payé;1 900 000;2 265 750;-365 750;;
MSF;Assistance juridique et fiscale permanente;Tax;061/EBP/2023/EFB/NAE;06/02/2023;AE;EB;Payé;375 000;426 563;-51 563;;
PRODIFOODS;Revue fiscale annuelle des comptes et montage de la DSF;Tax;058/EBP/2023/EFB/NAE;06/02/2023;AE;EB;Payé;1 250 000;1 490 625;-240 625;;
ELECNOR;Assistance  permanente limitée;Tax;055/EBP/2023/EFB/NAE;06/02/2023;AE;EB;Payé;3 000 000;2 835 000;165 000;;
SCI VESTAL;Revue fiscale annuelle des comptes et montage de la DSF;Tax;059/EBP/2023/EFB/NAE;06/02/2023;AE;EB;Payé;250 000;298 125;-48 125;;
ELECNOR SUCCURSALE;Assistance  permanente limitée;Tax;054/EBP/2023/EFB/NAE;06/02/2023;AE;AO;;3 000 000;3 412 500;-412 500;;
NHPC;Frais relatifs aux déplacements effectués dans le cadre de l'assistance à remboursement des crédits de TVA (28 février au 08 juin 2022);Tax;051/EBP/2023/EFB/NAE;03/02/2023;AE;EB;Payé;225 000;212 625;12 375;;
WF CAM;Assistance fiscale et comptable;Tax;050/EBP/2023/EFB/NAE;03/02/2023;AE;EB;Payé;1 370 000;1 633 725;-263 725;;
PSK SARL;Participation au séminaire de la loi de finances 2023;Tax;047/EBP/2023/EFB/NAE;31/01/2023;AO;EB;Payé;100 000;119 250;-19 250;;
NHPC;Assistance au remboursement des crédits de TVA;Tax;044/EBP/2023/EFB/NAE;30/01/2023;AE;EB;Payé;6 000 000;5 670 000;330 000;;
ABAM SA;Assistance juridique et fiscale permanente;Tax;045/EBP/2023/EFB/NAE;30/01/2023;AE;EB;Payé;915 789;1 041 710;-125 921;;
ABS S.A;Assistance juridique et fiscale permanente;Tax;043/EBP/2023/EFB/NAE;30/01/2023;AE;EB;Payé;845 833;962 135;-116 302;;
ABS S.A;Assistance juridique et fiscale permanente;Tax;046/EBP/2023/EFB/NAE;30/01/2023;AE;EB;Payé;534 211;607 665;-73 454;;
CFAO;Assistance à contrôle et contentieux fiscal;Tax;041/EBP/2023/EFB/NAE;26/01/2023;AE;EB;Payé;5 000 000;5 000 000;0;;
TOTALENERG;Participation au séminaire de la loi de finances 2023;Tax;038/EBP/2023/EFB/NAE;24/01/2023;AE;EB;Payé;900 000;850 500;49 500;;
HYDIAM;Participation au séminaire de la loi de finances 2023;Tax;040/EBP/2023/EFB/NAE;24/01/2023;AO;EB;Payé;100 000;119 250;-19 250;;
SAE S.A;Participation au séminaire de la loi de finances 2023;Tax;035/EBP/2023/EFB/NAE;23/01/2023;AO;EB;Payé;100 000;119 250;-19 250;;
RW KING;Participation au séminaire de la loi de finances 2023;Tax;036/EBP/2023/EFB/NAE;23/01/2023;AO;EB;Payé;100 000;119 250;-19 250;;
NHPC;Frais relatifs aux déplacements effectués dans le cadre de l'assistance à remboursement des crédits de TVA (Décembre 2021 à Janvier 2022);Tax;031/EBP/2023/EFB/NAE;20/01/2023;AE;EB;Payé;1 895 000;1 790 775;104 225;;
DGF;Participation au séminaire de la loi de finances 2023;Tax;032/EBP/2023/EFB/NAE;20/01/2023;AO;EB;Payé;200 000;238 500;-38 500;;
CCN S.A.S;Participation au séminaire de la loi de finances 2023;Tax;025/EBP/2023/EFB/NAE;19/01/2023;AE;EB;Payé;100 000;97 800;2 200;;
BCL;Participation au séminaire de la loi de finances 2023;Tax;024/EBP/2023/EFB/NAE;18/01/2023;AE;EB;Payé;100 000;119 250;-19 250;;
MAÎTRE CHE;Participation au séminaire de la loi de finances 2023;Tax;016/EBP/2023/EFB/NAE;18/01/2023;AE;EB;Payé;100 000;119 250;-19 250;;
AZUR;Participation au séminaire de la loi de finances 2023;Tax;018/EBP/2023/EFB/NAE;18/01/2023;SV;EB;Payé;1 100 000;945 000;155 000;;
EDF;Participation au séminaire de la loi de finances 2023;Tax;017/EBP/2023/EFB/NAE;18/01/2023;SV;EB;Payé;200 000;195 600;4 400;;
WF CAM;Evaluation des droits sociaux de rupture contractuelle;Tax;015/EBP/2023/EFB/NAE;18/01/2023;AE;EB;Payé;650 000;775 125;-125 125;;
SAGRI;Participation au séminaire de la loi de finances 2023;Tax;021/EBP/2023/EFB/NAE;18/01/2023;SV;EB;Payé;1 200 000;1 365 000;-165 000;;
IBI S.A;Participation au séminaire de la loi de finances 2023;Tax;019/EBP/2023/EFB/NAE;18/01/2023;SV;EB;Payé;700 000;796 250;-96 250;;
GREENFIL;Participation au séminaire de la loi de finances 2023;Tax;020/EBP/2023/EFB/NAE;18/01/2023;SV;EB;Payé;100 000;113 750;-13 750;;
Me ESSONO;Participation au séminaire de la loi de finances 2023;Tax;026/EBP/2023/EFB/NAE;18/01/2023;AE;EB;Payé;100 000;119 250;-19 250;;
SABC;Assistance à obtention des cartes de séjour;Tax;013/EBP-LAW/2023/EFB/ARO;17/01/2023;CN;CN;Payé;1 600 000;1 512 000;88 000;;
SABC;Participation au séminaire de la loi de finances 2023;Tax;010/EBP/2023/EFB/NAE;17/01/2023;AO;EB;Payé;500 000;472 500;27 500;;
MSF;Participation au séminaire de la loi de finances 2023;Tax;007/EBP/2023/EFB/NAE;17/01/2023;AE;EB;Payé;503 145;600 000;-96 855;;
IHS;Participation au séminaire de la loi de finances 2023;Tax;009/EBP/2023/EFB/NAE;17/01/2023;AE;EB;Payé;800 000;756 000;44 000;;
WF CAM;Assistance au montage de la DSF de l'exercice 2022;Tax;011/EBP/2023/EFB/NAE;17/01/2023;AE;EB;Payé;2 000 000;2 385 000;-385 000;;
EDF;Audit des coûts de developpement;Audit;001/EBP/2023/EFB/SHV;16/01/2023;MK;SV;Payé;3 600 000;3 600 000;0;;
ORANGE;Participation au séminaire de la loi de finances 2023;Tax;006/EBP/2023/EFB/NAE;11/01/2023;AE;EB;Payé;800 000;756 000;44 000;;
NHPC;Assistance au remboursement des crédits de TVA;Tax;003/EBP/2023/EFB/ANE;10/01/2023;AE;EB;Payé;2 000 000;1 890 000;110 000;;
WF CAM;Assistance fiscale et comptable;Tax;001/EBP/2023/EFB/NAE;10/01/2023;AE;EB;Payé;1 120 000;1 335 600;-215 600;;
NHPC;Assistance au remboursement des crédits de TVA;Tax;135/EBP/2022/EFB/NAE;21/12/2022;AE;EB;Payé;10 000 000;9 450 000;550 000;;
SABC;Assistance à obtention des visas de contrats de travail des expatriés;Tax;131/EBP-LAW/2022/EFB/ARO;15/12/2022;AO;EB;Payé;150 000;146 700;3 300;;
SABC;Assistance à obtention des cartes de séjour;Tax;130/EBP-LAW/2022/EFB/ARO;15/12/2022;CN;CN;Payé;1 200 000;1 173 600;26 400;;
ABS S.A;Assistance juridique et fiscale permanente;Tax;129/EBP/2022/EFB/NAE;09/12/2022;AE;EB;Payé;7 500 000;8 531 250;-1 031 250;;
SABC;Gestion de la paie des Expatriés;Tax;127/EBP-LAW/2022/EFB/ARO;08/12/2022;AE;EB;Payé;4 260 140;4 166 417;93 723;;
SABC;Assistance à obtention des visas de contrats de travail des expatriés;Tax;125/EBP-LAW/2022/EFB/ARO;08/12/2022;AO;EB;Payé;300 000;293 400;6 600;;
WF CAM;Assistance fiscale et comptable;Tax;124/EBP/2022/EFB/NAE;07/12/2022;AE;EB;Payé;1 120 000;1 335 600;-215 600;;
NHPC;Assistance au remboursement des crédits de TVA;Tax;120/EBP/2022/EFB/NAE;29/11/2022;AE;EB;Payé;2 000 000;1 890 000;110 000;;
NHPC;Veille fiscale permanente et audit fiscal trimestriel;Tax;121/EBP/2022/EFB/NAE;29/11/2022;AE;EB;Payé;18 000 000;20 475 000;-2 475 000;;
ELECNOR;Assistance à l'introduction d'un rescrit fiscal;Tax;123/EBP/2022/EFB/NAE;29/11/2022;AE;EB;Payé;1 000 000;945 000;55 000;;
ELECNOR;Assistance à l'examen des arguments formulés par ELECNOR en vue du recouvrement du trop retenu de TSR et Médiation;Tax;122/EBP/2022/EFB/NAE;29/11/2022;AE;EB;Payé;1 100 000;519 750;580 250;;
EDF;Audit des coûts de developpement;Audit;004/EBP/2022/EFB/SHV;22/11/2022;MK;SV;Payé;6 000 000;6 000 000;0;;
ABC;Assistance juridique et fiscale permanente;Tax;118/EBP/2022/EFB/NAE;17/11/2022;AE;EB;;4 200 000;4 200 000;0;;
PAD;Audit fiscal des exercices 2019, 2020 et 2021;Tax;117/EBP/2022/EFB/NAE;15/11/2022;AE;EB;Payé;16 603 773;15 690 565;913 208;;
NHPC;Frais relatifs aux déplacements effectués dans le cadre de l'assistance à remboursement des crédits de TVA (28 février au 08 juin 2022);Tax;116/EBP/2022/EFB/NAE;10/11/2022;AE;EB;Payé;3 835 000;3 835 000;0;;
WF CAM;Assistance fiscale et comptable;Tax;115/EBP/2022/EFB/NAE;09/11/2022;AE;EB;;1 120 000;1 120 000;0;;
ABAM SA;Assistance juridique et fiscale permanente;Tax;109/EBP/2022/EFB/NAE;08/11/2022;AE;EB;Payé;776 786;776 786;0;;
ABAM SA;Assistance juridique et fiscale permanente;Tax;111/EBP/2022/EFB/NAE;08/11/2022;AE;EB;Payé;440 800;440 800;0;;
ABAM SA;Assistance juridique et fiscale permanente;Tax;113/EBP/2022/EFB/NAE;08/11/2022;AE;EB;Payé;540 196;540 196;0;;
ABS S.A;Assistance juridique et fiscale permanente;Tax;110/EBP/2022/EFB/NAE;08/11/2022;AE;EB;;673 214;673 214;0;;
ABS S.A;Assistance juridique et fiscale permanente;Tax;112/EBP/2022/EFB/NAE;08/11/2022;AE;EB;;1 009 200;1 009 200;0;;
ABS S.A;Assistance juridique et fiscale permanente;Tax;114/EBP/2022/EFB/NAE;08/11/2022;AE;EB;;909 804;909 804;0;;
SABC;Assistance à obtention des cartes de séjour;Tax;106/EBP-LAW/2022/EFB/ARO;07/11/2022;CN;CN;Payé;1 600 000;1 600 000;0;;
WF CAM;Assistance fiscale et comptable;Tax;101/EBP/2022/EFB/NAE;18/10/2022;AE;EB;Payé;2 300 000;2 300 000;0;;
NHPC;"Formation sous le thème ""Gestion des contrats : Planification et suivi de l'exécution";Tax;098/EBP/2022/EFB/NAE;04/10/2022;AE;EB;Payé;900 000;900 000;0;;
NHPC;Assistance au remboursement des crédits de TVA;Tax;097/EBP/2022/EFB/NAE;30/09/2022;AE;EB;Payé;58 000 000;54 810 000;3 190 000;;
SABC;Gestion de la paie des Expatriés;Tax;095/EBP-LAW/2022/EFB/ARO;30/09/2022;AE;EB;Payé;14 154 745;13 843 340;311 405;;
SABC;Assistance fiscale;Tax;096/EBP-LAW/2022/EFB/ARO;30/09/2022;AE;EB;Payé;1 020 000;997 460;22 540;;
SEEF SA;AUDIT CONTRACTUEL;Audit;002/EBP/2022/EFB/SHV;27/09/2022;MK;SV;Payé;1 750 000;1 750 000;0;;
NHPC;Assistance au remboursement des crédits de TVA;Tax;088/EBP/2022/EFB/NAE;22/09/2022;AE;EB;Payé;2 000 000;1 890 000;110 000;;
NHPC;Assistance au remboursement des crédits de TVA;Tax;089/EBP/2022/EFB/NAE;22/09/2022;AE;EB;Payé;2 000 000;1 890 000;110 000;;
NHPC;Assistance au renseignement des données fiscales dans le questionnaire adressé par l'API;Tax;090/EBP/2022/EFB/NAE;22/09/2022;AE;EB;Payé;5 000 000;4 725 000;275 000;;
NHPC;Assistance au remboursement des crédits de TVA;Tax;085/EBP/2022/EFB/NAE;12/09/2022;AE;EB;Payé;60 710 813;57 371 718;3 339 095;;
SEEF SA;AUDIT CONTRACTUEL;Audit;001/EBP/2022/EFB/SHV;17/08/2022;MK;SV;Payé;1 750 000;1 750 000;0;;
NHPC;Assistance au remboursement des crédits de TVA;Tax;069/EBP/2022/EFB/NAE;02/08/2022;AE;EB;Payé;2 000 000;1 890 000;110 000;;
CFAO;Assistance à la résolution du litige relatif à la facturation de la TVA au client HYSAGAM;Tax;071/EBP/2022/EFB/NAE;02/08/2022;AE;EB;Payé;2 000 000;1 890 000;110 000;;
NHPC;Assistance au remboursement des crédits de TVA;Tax;083/EBP/2022/EFB/NAE;26/07/2022;AE;EB;Payé;106 394 703;100 542 994;5 851 709;;
DANGOTE;Séminaire de formation sur les innovations de la loi de finances 2022;Tax;066/EBP/2022/EFB/NAE;26/07/2022;AE;EB;Payé;3 500 000;3 307 500;192 500;;
SABC;Gestion de la paie des Expatriés;Tax;063/EBP-LAW/2022/EFB/ARO;13/07/2022;AE;EB;Payé;6 636 706;6 490 698;146 008;;
BGFI;Assistance juridique et fiscale permanente;Tax;060/EBP/2022/EFB/NAE;27/06/2022;AE;EB;Payé;2 000 000;1 890 000;110 000;;
NHPC;Assistance au remboursement des crédits de TVA;Tax;061/EBP/2022/EFB/NAE;27/06/2022;AE;EB;Payé;2 000 000;1 134 000;866 000;;
NHPC;Assistance au remboursement des crédits de TVA;Tax;062/EBP/2022/EFB/NAE;27/06/2022;AE;EB;Payé;54 700 000;51 691 782;3 008 218;;
NHPC;Frais relatifs aux déplacements effectués dans le cadre de l'assistance à remboursement des crédits de TVA (28 février au 08 juin 2022);Tax;059/EBP/2022/EFB/NAE;21/06/2022;AE;EB;Payé;2 250 000;2 216 250;33 750;;
NHPC;Formation Implémentation et pilotage d'une cartographie des risques fiscaux;Tax;058/EBP/2022/EFB/NAE;10/06/2022;AE;EB;Payé;1 400 000;1 323 000;77 000;;
NHPC;Assistance au remboursement des crédits de TVA;Tax;056/EBP/2022/EFB/NAE;07/06/2022;AE;EB;Payé;40 000 000;37 800 000;2 200 000;;
NHPC;Assistance au remboursement des crédits de TVA;Tax;057/EBP/2022/EFB/NAE;07/06/2022;AE;EB;Payé;2 000 000;1 890 000;110 000;;
SABC;Assistance fiscale;Tax;035/EBP-LAW/2022/EFB/ARO;18/05/2022;AE;EB;Payé;8 800 000;8 316 000;484 000;;
NHPC;Assistance au remboursement des crédits de TVA;Tax;052/EBP/2022/EFB/NAE;17/05/2022;AE;EB;;40 000 000;37 800 000;2 200 000;;
NHPC;Format contr. & content. fiscal;Tax;051/EBP/2022/EFB/NAE;16/05/2022;AO;EB;Payé;1 200 000;1 134 000;66 000;;
NHPC;Assistance au remboursement des crédits de TVA;Tax;050/EBP/2022/EFB/NAE;13/05/2022;AE;EB;Payé;40 000 000;37 800 000;2 200 000;;
SABC;Assistance fiscale;Tax;043/EBP-LAW/2022/EFB/ARO;10/05/2022;AE;EB;Payé;3 200 000;3 129 600;70 400;;
ABC;Assistance juridique et fiscale permanente;Tax;046/EBP/2022/EFB/NAE;10/05/2022;AE;EB;Payé;475 000;540 313;-65 313;;
ABC;Assistance juridique et fiscale permanente;Tax;049/EBP/2022/EFB/NAE;10/05/2022;AE;EB;Payé;538 462;612 501;-74 039;;
NHPC;Assistance au remboursement des crédits de TVA;Tax;042/EBP/2022/EFB/NAE;06/05/2022;AE;EB;Payé;2 000 000;1 890 000;110 000;;
PAD;Assistance à contentieux du recouvrement des créances fiscales;Tax;038/EBP/2022/EFB/ANE;07/04/2022;AE;EB;Payé;12 000 000;11 340 000;660 000;;
NHPC;Assistance au remboursement des crédits de TVA;Tax;033/EBP/2022/EFB/NAE;30/03/2022;AE;EB;;2 000 000;1 890 000;110 000;;
NHPC;Formation et accompagnement au montage de la Déclaration Statistique et Fiscale (DSF);Tax;034/EBP/2022/EFB/NAE;30/03/2022;AE;EB;;4 500 000;4 252 500;247 500;;
ABC;Assistance juridique et fiscale permanente;Tax;029/EBP/2022/EFB/ANE;28/03/2022;AE;EB;Payé;410 256;466 666;-56 410;;
ABC;Assistance juridique et fiscale permanente;Tax;030/EBP/2022/EFB/ANE;28/03/2022;AE;EB;Payé;512 821;583 334;-70 513;;
ABC;Assistance juridique et fiscale permanente;Tax;031/EBP/2022/EFB/ANE;28/03/2022;AE;EB;Payé;76 923;87 500;-10 577;;
ABC;Assistance aux projets de construction SPV1 et SPV2;Legal Services;027/EBP/2022/EFB/NAE;28/03/2022;AE;N/A;Payé;3 000 000;3 412 500;-412 500;;
MSF;Assistance au montage de la DSF;Tax;028/EBP/2022/EFB/NAE;28/03/2022;AE;EB;Payé;1 227 050;1 395 769;-168 719;;
MSF;Assistance au montage de la DSF;Tax;025/EBP/2022/EFB/NAE;16/03/2022;AE;EB;Payé;1 227 050;1 395 769;-168 719;;
ENEO;Participation au séminaire de la loi de finances 2022;Tax;023/EB-P/2022/EFB/ARO/NAE;16/03/2022;AE;EB;;8 000 000;7 824 000;176 000;;
NHPC;Assistance au remboursement des crédits de TVA;Tax;022/EBP/2022/EFB/NAE;07/03/2022;AE;EB;Payé;2 000 000;1 890 000;110 000;;
NHPC;Assistance au remboursement des crédits de TVA;Tax;019/EBP/2022/EFB/NAE;21/02/2022;AE;EB;Payé;2 000 000;1 890 000;110 000;;
NHPC;Frais relatifs aux déplacements effectués dans le cadre de l'assistance à remboursement des crédits de TVA (Décembre 2021 à Janvier 2022);Tax;020/EBP/2022/EFB/NAE;21/02/2022;AE;EB;Payé;1 575 000;1 488 375;86 625;;
ABC;Assistance juridique et fiscale permanente;Tax;015/EBP/2022/EFB/ANE;10/02/2022;AE;EB;Payé;395 349;449 710;-54 361;;
ABC;Assistance juridique et fiscale permanente;Tax;016/EBP/2022/EFB/ANE;10/02/2022;AE;EB;Payé;372 093;846 510;-474 417;;
ABC;Assistance juridique et fiscale permanente;Tax;017/EBP/2022/EFB/ANE;10/02/2022;AE;EB;Payé;232 558;529 068;-296 510;;
ABAM SA;Secrétariat juridique;Legal Services;018/EBP/2022/EFB/ANE;10/02/2022;AE;EB;Payé;1 000 000;1 137 500;-137 500;;
NHPC;Participation au séminaire de la loi de finances 2022;Tax;014/EBP/2022/EFB/NAE;31/01/2022;N/A;N/A;Payé;2 000 000;1 890 000;110 000;;
CECEC;Participation au séminaire de la loi de finances 2022;Tax;010/EBP/2022/EFB/NAE;25/01/2022;AE;EB;Payé;83 857;100 000;-16 143;;
SABC;Participation au séminaire de la loi de finances 2022;Tax;012/EBP/2022/EFB/ARO;25/01/2022;AE;EB;Payé;167 715;158 491;9 224;;
UMA;Tax assistance as part of the general accounting audit of FY 2017-2020;Tax;011/EBP/2022/EFB/ARO/NAE;25/01/2022;AE;EB;;12 000 000;6 000 000;6 000 000;;
MSF;Participation au séminaire de la loi de finances 2022;Tax;007/EBP/2022/EFB/NAE;25/01/2022;AE;EB;Payé;167 715;190 776;-23 061;;
TMFD;Participation au séminaire de la loi de finances 2022;Tax;008/EBP/2022/EFB/NAE;25/01/2022;AE;EB;Payé;83 857;79 246;4 611;;
EOLIS;Participation au séminaire de la loi de finances 2022;Tax;009/EBP/2022/EFB/NAE;25/01/2022;AE;EB;Payé;83 857;95 388;-11 531;;
Y.M;Participation au séminaire de la loi de finances 2022;Tax;013/EBP/2022/EFB/NAE;25/01/2022;AE;EB;Payé;83 857;95 388;-11 531;;
MAÎTRE CHE;Participation au séminaire de la loi de finances 2022;Tax;021/EBP/2022/EFB/NAE;25/01/2022;AE;EB;Payé;83 857;100 000;-16 143;;
BGFI;Assistance juridique et fiscale permanente;Tax;006/EBP/2022/EFB/NAE;21/01/2022;AE;EB;Payé;1 049 750;992 014;57 736;;
NHPC;Assistance au remboursement des crédits de TVA;Tax;005/EBP/2022/EFB/NAE;20/01/2022;AE;EB;Payé;2 000 000;1 890 000;110 000;;
SABC;Gestion de la paie des Expatriés;Tax;003/EBP-LAW/2022/EFB/ARO;08/01/2022;AE;EB;Payé;4 599 959;4 346 961;252 998;;
ABC;Assistance juridique et fiscale permanente;Tax;001/EBP/2022/EFB/ANE;03/01/2022;AE;EB;;382 353;361 324;21 029;;
ABC;Assistance juridique et fiscale permanente;Tax;001/EBP/2022/EFB/ANE;03/01/2022;AE;EB;Payé;205 882;194 558;11 324;;
ABC;Assistance juridique et fiscale permanente;Tax;001/EBP/2022/EFB/ANE;03/01/2022;AE;EB;Payé;411 765;389 118;22 647;;
ABC;Assistance juridique et fiscale permanente;Tax;002/EBP/2022/EFB/ANE;03/01/2022;AE;EB;Payé;1 000 000;1 137 500;-137 500;;
NHPC;Assistance au remboursement des crédits de TVA;Tax;020/EBP/2021/EFB/NAE;08/12/2021;AE;EB;Payé;2 000 000;1 488 375;511 625;;
SABC;Assistance à VGC 2018 et 2019;Tax;016/EBP-LAW/2021/EFB/ARO;03/11/2021;AE;EB;;23 240 000;21 961 800;1 278 200;;
SABC;Assistance à VGC 2018 et 2019;Tax;014/EBP-LAW/2021/EFB/ARO;03/11/2021;AE;EB;Payé;27 040 000;25 552 800;1 487 200;;
SABC;Gestion de la paie des Expatriés;Tax;013/EBP-LAW/2021/EFB/ARO;12/10/2021;AE;EB;En attente;1 140 000;1 077 300;62 700;;
SABC;Assistance à la modification de la loi de finances 2022;Tax;019/EBP/2021/EFB/ARO;01/10/2021;AE;EB;;125 000 000;118 125 000;6 875 000;;
UMA;Assistance à contrôle douanier;Tax;004/EBP/2021/EFB/ARO/NAE;28/07/2021;AE;EB;Payé;10 000 000;5 000 000;5 000 000;;
