Client;Mission;Code Job;Division;Manager;Montant Contrat;Montant Débours;Honoraire;% Avancement;Montant Réalisé;Facturation;%facturation;Encaissement;%encaissement;Travail en cours
ABAM SA;Secrétariat juridique;LEGABA210622;Legal Services;Ashley Elang;1 000 000;0;1 000 000;0%;0;1 500 000;150%;1 137 500;114%;-1 500 000
ABAM SA;Assistance juridique et fiscale permanente;;Tax;Ashley Elang;0;0;0;0%;0;27 927 738;0%;8 486 992;0%;-27 927 738
ABAM SA;Etude des options juridiques et restructuration des capitaux propres;;Tax;Ashley Elang;5 504 000;0;5 504 000;0%;0;5 504 000;100%;0;0%;-5 504 000
ABAM SA;Analyse des incidences juridiques  et fiscales des options de correction de la SNC de la société ABAM;;Tax;Ashley Elang;1 000 000;0;1 000 000;0%;0;29 360 000;2936%;0;0%;-29 360 000
ABC;Assistance juridique et fiscale permanente;TAXABC571222;Tax;Ashley Elang;3 000 000;0;3 000 000;0%;0;16 700 000;557%;12 104 352;403%;-16 700 000
ABC;Assistance aux projets de construction SPV1 et SPV2;LEGABC000622;Legal Services;Ashley Elang;3 000 000;0;3 000 000;0%;0;3 000 000;100%;3 412 500;114%;-3 000 000
ABC;Avis juridique sur les contrats Partners;;Tax;Ashley Elang;600 000;0;600 000;0%;0;600 000;100%;0;0%;-600 000
ABC;Analyse des modalités juridiques d'apposition des signatures électroniques sur les conventions d'ouverture de comptes titres;;Tax;Ashley Elang;13 000 000;0;13 000 000;0%;0;1 300 000;10%;0;0%;-1 300 000
ABS S.A;Assistance juridique et fiscale permanente;;Tax;Ashley Elang;0;0;0;0%;0;28 047 262;0%;21 935 456;0%;-28 047 262
ABS S.A;Projet ALPHA;;Tax;Ashley Elang;3 088 000;0;3 088 000;0%;0;3 088 000;100%;0;0%;-3 088 000
ABS S.A;Analyse juridique de la capacité du FGIS à contracter un emprunt et à émettre des obligations;;Tax;Ashley Elang;2 944 000;0;2 944 000;0%;0;2 944 000;100%;0;0%;-2 944 000
ACCESS;Assistance à VGC des exercices 2020, 2021 et 2022;;Tax;Ashley Elang;0;0;0;0%;0;12 800 000;0%;14 560 000;0%;-12 800 000
ACCESS;Assistance juridique et fiscale permanente;;Tax;Ashley Elang;0;0;0;0%;0;5 600 000;0%;3 640 000;0%;-5 600 000
ACCESS;Revue de la liasse fiscale annuelle (DSF) de l'exercice 2024;;Tax;Ashley Elang;2 000 000;0;2 000 000;0%;0;2 000 000;100%;2 275 000;114%;-2 000 000
ACCESS;Participation au séminaire de la loi de finances 2025;;Tax;Ashley Elang;300 000;0;300 000;0%;0;300 000;100%;0;0%;-300 000
ADIALEA;Assistance à controle douanier;;Douane;Seraphin Doumbe;2 000 000;0;2 000 000;0%;0;0;0%;0;0%;0
AFRI@FINAN;Etude de marché;FINAFR340524;Finances;Léopold Tchako;10 000 000;0;10 000 000;100%;10 000 000;10 000 000;100%;10 000 000;100%;0
AMT;Assistance à la recherche de financement;FINAMT120325;Finances;Jean Daniel Youmbi;2 000 000;0;2 000 000;100%;2 000 000;2 000 000;100%;2 000 000;100%;0
AMT;Assistance à la signature d'un protocole d'accord;;Tax;Ashley Elang;5 705 146;0;5 705 146;0%;0;8 461 935;148%;0;0%;-8 461 935
AMT;Formation du personnel en rédaction administrative;;RH;Ashley Elang;2 250 000;0;2 250 000;0%;0;2 250 000;100%;0;0%;-2 250 000
AMT CAMEROUN S.A;Assistance à l'élaboration de la DSF rectificative de l'exercice2022 et de la DSF de l'exercice 2023;;Tax;Ashley Elang;0;0;0;0%;0;4 000 000;0%;0;0%;-4 000 000
AMT CAMEROUN S.A;Assistance juridique et fiscale permanente;;Tax;Ashley Elang;0;0;0;0%;0;8 500 000;0%;1 023 750;0%;-8 500 000
AMT CAMEROUN S.A;Assistance permanente-Douane;DOU560325;Douane;Samson Bilangna;12 000 000;0;12 000 000;100%;12 000 000;13 500 000;113%;0;0%;-1 500 000
AMT CAMEROUN S.A;DSF & ANALYSE DES COMPTES;;Audit;Alyssa Molom;0;0;0;0%;0;25 502 500;0%;7 340 813;0%;-25 502 500
AMT CAMEROUN S.A;Assistance à Vérification Générale de Comptabilité (VGC) 2020-2022;;Tax;Ashley Elang;0;0;0;0%;0;0;0%;0;0%;0
AMT CAMEROUN S.A;AUDIT DES CREANCES;;Audit;Alyssa Molom;15 000 000;0;15 000 000;0%;0;15 000 000;100%;0;0%;-15 000 000
AMT CAMEROUN S.A;Commissariat Aux comptes;;Audit;Cyrille Djiki;6 000 000;0;6 000 000;0%;0;1 800 000;30%;0;0%;-1 800 000
AMT CAMEROUN S.A;Revue de la liasse fiscale annuelle (DSF) de l'exercice 2024;;Tax;Ashley Elang;3 000 000;0;3 000 000;0%;0;3 000 000;100%;0;0%;-3 000 000
AMT CAMEROUN S.A;Participation au séminaire de la loi de finances 2025;;Tax;Ashley Elang;1 220 000;0;1 220 000;0%;0;1 220 000;100%;760 000;62%;-1 220 000
AMT CAMEROUN S.A;Participation au séminaire de la loi de finances 2024;;Tax;Ashley Elang;300 000;0;300 000;0%;0;100 000;33%;0;0%;-100 000
AMT CAMEROUN S.A;Mise à disposition et gestion de la paie du personnel détaché près des entités locales d'ADDAX PETROLEUM;;RH;Ashley Elang;0;0;0;0%;0;0;0%;0;0%;0
ARCHIBAT PLUS DESIGN;Assistance à Elaboration d’un Business Plan;FIN540225;Finances;Jean Daniel Youmbi;600 000;0;600 000;0%;0;0;0%;0;0%;0
ARTS ET METIERS SARL;Participation au séminaire de la loi de finances 2025;;Tax;Jean Daniel Youmbi;100 000;0;100 000;0%;0;100 000;100%;0;0%;-100 000
ASCA;Participation au séminaire de la loi de finances 2023;;Tax;Ashley Elang;0;0;0;0%;0;200 000;0%;0;0%;-200 000
ASCA;Participation au séminaire de la loi de finances 2025;;Tax;Ashley Elang;400 000;0;400 000;0%;0;400 000;100%;0;0%;-400 000
ASCA;Participation au séminaire de la loi de finances 2024;;Tax;Ashley Elang;200 000;0;200 000;0%;0;200 000;100%;0;0%;-200 000
ATASSUR;COMMISSION ATLANTIC AVRIL;ASSATA120523;Assurance;Leonelle Tinko;56 190;0;56 190;0%;0;56 190;100%;0;0%;-56 190
ATASSUR;COMMISSION JANVIER ATLANTIC;ASSATA520523;Assurance;Leonelle Tinko;205 071;0;205 071;0%;0;205 071;100%;0;0%;-205 071
AVD;Participation au séminaire de la loi de finances 2025;;Tax;Ashley Elang;167 715;0;167 715;0%;0;167 715;100%;200 000;119%;-167 715
AVD;Participation au séminaire de la loi de finances 2024;;Tax;Ashley Elang;100 000;0;100 000;0%;0;100 000;100%;0;0%;-100 000
AXA;COMMISION JAN A MARS AXA;ASSAXA150523;Assurance;Leonelle Tinko;873 806;0;873 806;0%;0;873 806;100%;0;0%;-873 806
AZUR;Participation au séminaire de la loi de finances 2023;;Tax;Samira Vindjedou;0;0;0;0%;0;1 100 000;0%;945 000;0%;-1 100 000
BCL;BCL Commissariat aux comptes;;Audit;Samira Vindjedou;2 200 000;0;2 200 000;0%;0;1 100 000;50%;1 100 000;50%;-1 100 000
BCL;Participation au séminaire de la loi de finances 2023;;Tax;Ashley Elang;0;0;0;0%;0;100 000;0%;119 250;0%;-100 000
BCL;Revue fiscale annuelle des comptes et montage de la DSF;;Tax;Ashley Elang;0;0;0;0%;0;7 700 000;0%;6 806 500;0%;-7 700 000
BCL;DSF 2023;;Audit;Cyrille Djiki;0;0;0;0%;0;25 000;0%;0;0%;-25 000
BCL;Participation au séminaire de la loi de finances 2024;;Tax;Ashley Elang;100 000;0;100 000;0%;0;100 000;100%;0;0%;-100 000
BEST WIN;ASSISTANCE COMPTABLE;;Audit;Cyrille Djiki;0;0;0;0%;0;0;0%;0;0%;0
BEST WIN;Assistance juridique : ingénierie juridique;;Legal Services;Grégoire ODODI BEYEKE;8 000 000;0;8 000 000;0%;0;8 000 000;100%;0;0%;-8 000 000
BGFI;Revue juridique et fiscale;;Tax;Ashley Elang;14 400 000;0;14 400 000;0%;0;0;0%;0;0%;0
BGFI;Assistance juridique et fiscale permanente;;Tax;Ashley Elang;18 000 000;0;18 000 000;0%;0;3 049 750;17%;2 882 014;16%;-3 049 750
BOMS;Etudes des impacts fiscaux - Schémas contractuels;;Tax;Alvine Aoum;2 390 000;0;2 390 000;0%;0;6 299 000;264%;5 354 325;224%;-6 299 000
BRIGHT;Participation au séminaire de la loi de finances 2025;;Tax;Ashley Elang;200 000;0;200 000;0%;0;200 000;100%;238 500;119%;-200 000
CALLENS CAMEROUN S.A;Assistance à la régularisation de la paie des employés;;Tax;Ashley Elang;0;0;0;0%;0;1 100 000;0%;0;0%;-1 100 000
CALLENS CAMEROUN S.A;Assistance à la régularisation de la paie des employés;;Tax;Ashley Elang;0;0;0;0%;0;0;0%;0;0%;0
CAMEROON INTERNATIONALE TRADE SARL;Assistance à recherche de financement;FIN510225;Finances;Jean Daniel Youmbi;500 000;0;500 000;100%;500 000;500 000;100%;500 000;100%;0
CAMEROON INTERNATIONALE TRADE SARL 2;Assistance à recherche de financement;FIN560225;Finances;Jean Daniel Youmbi;500 000;0;500 000;0%;0;0;0%;0;0%;0
CAMFISH;Assistance à recherche de financement;FIN530225;Finances;Jean Daniel Youmbi;650 000 000 000;0;650 000 000 000;0%;0;0;0%;0;0%;0
CAMLAIT;Assistance au développement;FINCAM300425;Finances;Jean Daniel Youmbi;65 000 000;0;65 000 000;0%;0;0;0%;0;0%;0
CCN S.A.S;Participation au séminaire de la loi de finances 2023;;Tax;Ashley Elang;0;0;0;0%;0;100 000;0%;97 800;0%;-100 000
CECEC;Assistance juridique;;Legal Services;Ashley Elang;5 000 000;160 000;4 840 000;75%;3 750 000;5 057 000;101%;0;0%;-1 307 000
CECEC;Participation au séminaire de la loi de finances 2022;TAXCEC530622;Tax;Ashley Elang;83 857;0;83 857;0%;0;83 857;100%;100 000;119%;-83 857
CECEC;Participation au séminaire de la loi de finances 2023;;Tax;Alvine Aoum;357 750;0;357 750;0%;0;600 000;168%;0;0%;-600 000
CECEC;Participation au séminaire de la loi de finances 2025;;Tax;Ashley Elang;200 000;0;200 000;0%;0;200 000;100%;0;0%;-200 000
CECEC;Participation au séminaire de la loi de finances 2024;;Tax;Ashley Elang;100 000;0;100 000;0%;0;100 000;100%;0;0%;-100 000
CFAO;Assistance à la résolution du litige relatif à la facturation de la TVA au client HYSAGAM;TAXCAM210722;Tax;Ashley Elang;2 000 000;0;2 000 000;0%;0;2 000 000;100%;1 890 000;95%;-2 000 000
CFAO;Participation au séminaire de la loi de finances 2023;;Tax;Ashley Elang;283 500;0;283 500;0%;0;300 000;106%;0;0%;-300 000
CFAO;Assistance à contrôle et contentieux fiscal;;Tax;Ashley Elang;20 000 000;0;20 000 000;0%;0;43 000 000;215%;5 000 000;25%;-43 000 000
CFAO;Audit fiscal et social de la paie;;Tax;Ashley Elang;2 940 000;0;2 940 000;0%;0;2 940 000;100%;2 778 300;95%;-2 940 000
CFAO;Assistance à contrôle et contentieux douaniers;;Douane;Samson Bilangna;12 000 000;0;12 000 000;0%;0;12 000 000;100%;5 670 000;47%;-12 000 000
CFAO;Assistance à contrôle et contentieux douaniers;;Douane;Samson Bilangna;12 000 000;0;12 000 000;0%;0;0;0%;0;0%;0
CFAO;Assistance à contrôle douanier;DOUCAM060325;Douane;Samson Bilangna;4 000 000;0;4 000 000;0%;0;6 000 000;150%;6 000 000;150%;-6 000 000
CFAO;Assistance aux opérations de régularisation des impôts et taxes sur salaires au titre de l’exercice 2023;;Tax;Alvine Aoum;0;0;0;0%;0;2 000 000;0%;945 000;0%;-2 000 000
CFAO;Assistance à la déclaration préremplie;;Tax;Ashley Elang;0;0;0;0%;0;3 095 000;0%;2 924 775;0%;-3 095 000
CFAO;Participation au séminaire de la loi de finances 2024;;Douane;Samson Bilangna;0;0;0;100%;0;0;0%;0;0%;0
CFAO;Assistance à souscription de la déclaration annuelle de revenus;;Tax;Ashley Elang;0;0;0;0%;0;2 000 000;0%;1 890 000;0%;-2 000 000
CFAO;Revue du paramétrage de l'IRPP sur le revenu exceptionnel;;Tax;Admin Ebvision;0;0;0;0%;0;500 000;0%;472 500;0%;-500 000
CFAO;Participation au séminaire de la loi de finances 2025;;Tax;Ashley Elang;400 000;0;400 000;0%;0;400 000;100%;378 000;95%;-400 000
CFAO;Participation au séminaire de la loi de finances 2024;;Tax;Ashley Elang;300 000;0;300 000;0%;0;300 000;100%;0;0%;-300 000
CHEC;Assistance à obtention des facilités douanières dans le cadre des APEC;DOUCHE520325;Douane;Seraphin Doumbe;3 000 000;0;3 000 000;77%;2 310 000;3 000 000;100%;3 000 000;100%;-690 000
CIA CAPITAL INVEST;Assistance juridique (Rédaction d'un protocole d'accord et d'une convention d'avance de trésorerie);;Legal Services;Ashley Elang;1 000 000;0;1 000 000;0%;0;6 500 000;650%;2 500 000;250%;-6 500 000
CNCC;Offre de formation;;Audit;Mikael Kouam;2 200 000;0;2 200 000;0%;0;2 200 000;100%;0;0%;-2 200 000
COMETAL;assistance fiscale;LEGCOM030224;Legal Services;Raphaël Ngos;1 000 000;500 000;500 000;0%;0;800 000;80%;800 000;80%;-800 000
COTOC SA;Assistance au remboursement des crédits de TVA;TAXCOT260622;Tax;Ashley Elang;0;0;0;0%;0;0;0%;0;0%;0
COTRAF;Participation au séminaire de la loi de finances 2025;;Tax;Ashley Elang;200 000;0;200 000;0%;0;200 000;100%;200 000;100%;-200 000
DAFMA & FORTRANS;Assistance à controle et contentieux douanier;DOU040325;Douane;Seraphin Doumbe;2 000 000;0;2 000 000;70%;1 400 000;0;0%;0;0%;1 400 000
DANGOTE;Séminaire de formation sur les innovations de la loi de finances 2022;TAXDAN040722;Tax;Ashley Elang;3 600 000;0;3 600 000;0%;0;3 500 000;97%;3 307 500;92%;-3 500 000
DANGOTE;Participation au séminaire de formation sur les innovations de la LF 2023;;Tax;Ashley Elang;3 300 000;0;3 300 000;0%;0;3 300 000;100%;3 118 500;95%;-3 300 000
DAVINCI INVESTMENT GROUP SARL;Assistance à recherche de financement;;Finances;Jean Daniel Youmbi;500 000 000;0;500 000 000;0%;0;0;0%;0;0%;0
DGDDIT;Assistance à l'élaboration d'une fiche technique en préparation des rencontres à tenir avec la DGD du Cameroun et les acteurs de la chaîne logistique;;Douane;Samson Bilangna;0;0;0;0%;0;20 000 000;0%;18 000 000;0%;-20 000 000
DGDDIT;Assistance permanente, conseil et suivi de la mise en œuvre de l'antenne DGDDI su Tchad au Cameroun;DOUDGD230325;Douane;Samson Bilangna;4 000 000;0;4 000 000;100%;4 000 000;4 000 000;100%;2 000 000;50%;0
DGF;Participation au séminaire de la loi de finances 2023;;Tax;Alvine Aoum;0;0;0;0%;0;200 000;0%;238 500;0%;-200 000
DGF;Assistance à contrôle sur pièces des exercices 2019, 2020 et 2021;;Tax;Ashley Elang;4 500 000;0;4 500 000;0%;0;5 000 000;111%;2 559 375;57%;-5 000 000
DGF;Assistance à contentieux fiscal des exercices 2021 & 2022;;Tax;Ashley Elang;0;0;0;0%;0;4 257 500;0%;0;0%;-4 257 500
DGF;Assistance à contentieux fiscal des exercices 2021 & 2022;;Tax;Ashley Elang;0;0;0;0%;0;3 450 000;0%;0;0%;-3 450 000
DGF;Assistance à VGC des exercices 2021 et 2022;;Tax;Ashley Elang;0;0;0;0%;0;0;0%;0;0%;0
DHL;Assistance à VGC des exercices 2020 2021 et 2022;;Tax;Ashley Elang;0;0;0;0%;0;5 305 000;0%;0;0%;-5 305 000
DHL;Assistance à insertion dans la liste des entreprises habilitées à opérer la retenue à la source de la TVA et de l’AIR au titre de l’exercice 2025;;Tax;Ashley Elang;3 500 000;0;3 500 000;0%;0;3 500 000;100%;3 307 500;95%;-3 500 000
DJILO NGASSOP IRENE;DEDOUANEMENT TOYOTA LAND CRUSER 2017 ET UNE TOYOTA LAND CRUISER 2023;EBS390324;EB Service;Robert Songo Songo;25 251 240;25 251 240;0;0%;0;0;0%;0;0%;0
DJILO NGASSOP IRENE;DEDOUANEMENT TOYOTA HIGHLANDER 2020;EBS020625;EB Service;Robert Songo Songo;0;0;0;0%;0;0;0%;0;0%;0
DJOUFACK NGOUNE SUZANNE;Dédouanement BENNE SEMI-REMORQUE;EBS040524;EB Service;Robert Songo Songo;0;0;0;0%;0;0;0%;0;0%;0
DJOUFACK NGOUNE SUZANNE;DEDOUANEMENT;EBS210724;EB Service;Robert Songo Songo;0;0;0;0%;0;0;0%;0;0%;0
DPDC S.A;Assistance with customs post clearance control;;Douane;Samson Bilangna;8 500 000;0;8 500 000;0%;0;8 500 000;100%;0;0%;-8 500 000
EB-TAX;MFE/Tenue de comptabilité Webb Fontaine;AUDEBP040123;Audit;Ashley Elang;1 890 000;0;1 890 000;0%;0;2 070 000;110%;0;0%;-2 070 000
EB-TAX;MFE/ASSSITANCE DSF 2022 WEBB FONTAINE;;Audit;Samira Vindjedou;1 000 000;0;1 000 000;0%;0;1 000 000;100%;0;0%;-1 000 000
EB-TAX;MFE/REVISION COMPTABLE SIPAL;;Audit;Samira Vindjedou;1 260 000;0;1 260 000;0%;0;1 260 000;100%;0;0%;-1 260 000
EB-TAX;MFE/REVISION COMPTABLE BCL;;Audit;Samira Vindjedou;1 260 000;0;1 260 000;0%;0;1 260 000;100%;0;0%;-1 260 000
EB-TAX;MFE/REVISION COMPTABLE PRODIFOODS;;Audit;Samira Vindjedou;1 260 000;0;1 260 000;0%;0;1 260 000;100%;0;0%;-1 260 000
EB-TAX;MFE/REVISION COMPTABLE VESTALIA;;Audit;Admin Ebvision;1 260 000;0;1 260 000;0%;0;1 260 000;100%;0;0%;-1 260 000
EB-TAX;MFE N°10 Assistance élaboration DSF NHPC/EB-TAX;;Audit;Samira Vindjedou;2 000 000;0;2 000 000;0%;0;2 000 000;100%;0;0%;-2 000 000
EB-TAX;MFE/Tenue de comptabilité Webb Fontaine Février 2023;;Audit;Samira Vindjedou;180 000;0;180 000;0%;0;180 000;100%;0;0%;-180 000
EB-TAX;MFE/ASSSITANCE DSF 2022 LA REGIONAL;;Audit;Samira Vindjedou;0;0;0;0%;0;2 000 000;0%;0;0%;-2 000 000
EB-TAX;MFE N°006/ASSISTANCE DSF 2022 - MSF;;Audit;Samira Vindjedou;1 000 000;0;1 000 000;0%;0;1 000 000;100%;0;0%;-1 000 000
EB-TAX;MFE N°008/TENUE DE COMPTABILITE JANVIER 22 - WEBB FONTAINE;;Audit;Samira Vindjedou;180 000;0;180 000;0%;0;180 000;100%;0;0%;-180 000
EB-TAX;MFE012 PRODIFOODS - Assistance élaboration DSF Janv 2023;;Audit;Samira Vindjedou;1 000 000;0;1 000 000;0%;0;1 000 000;100%;0;0%;-1 000 000
EB-TAX;MFE015 EB-PARTNERS TAX GLOBAL - Assistance élaboration DSF Janv 2023;;Audit;Samira Vindjedou;300 000;0;300 000;0%;0;0;0%;0;0%;0
EB-TAX;MFE/Assistance au montage de la Déclaration Statistique et Fiscale  (DSF) de l’exercice 2022.;;Audit;Admin Ebvision;1 500 000;0;1 500 000;0%;0;800 000;53%;0;0%;-800 000
EB-TAX;MFE011 SIPAL  - Assistance élaboration DSF Janv 2023;;Audit;Samira Vindjedou;1 000 000;0;1 000 000;0%;0;1 000 000;100%;0;0%;-1 000 000
EB-TAX;MFE014_VESTALIA  - Assistance élaboration DSF Janv 2023;;Audit;Admin Ebvision;150 000;0;150 000;0%;0;150 000;100%;0;0%;-150 000
EB-TAX;Assistance comptable à la production de la Balance générale  de l’exercice 2022.;;Audit;Samira Vindjedou;2 500 000;0;2 500 000;0%;0;2 500 000;100%;0;0%;-2 500 000
EB-TAX;MFE/017/WEBFONTAINE -Tenue de comptabilité Mars 2023;;Audit;Samira Vindjedou;180 000;0;180 000;0%;0;0;0%;0;0%;0
EB-TAX;MFE N°007 /AUDIT FINANCIER ET COMPTABLE 2022 - MSF;;Audit;Samira Vindjedou;2 250 000;0;2 250 000;0%;0;2 820 000;125%;0;0%;-2 820 000
EB-TAX;Tenue de comptabilité Avril 2023;;Audit;Samira Vindjedou;180 000;0;180 000;0%;0;180 000;100%;0;0%;-180 000
EB-TAX;DSF 2022 & 2023;;Audit;Cyrille Djiki;0;0;0;0%;0;0;0%;0;0%;0
EB-TAX;DEDOUANEMENT DE DEUX TOYOTA LANDCRUISER;EBSEBT171024;EB Service;Robert Songo Songo;0;0;0;0%;0;0;0%;0;0%;0
EBP AUDIT;Assistance juridique et sociale;TAXEBP430823;Tax;Alvine Aoum;0;0;0;0%;0;17 190 000;0%;0;0%;-17 190 000
EBP AUDIT;Rémunération avances de fonds consenties à EBP Audit;;Tax;Alvine Aoum;0;0;0;0%;0;5 758 339;0%;0;0%;-5 758 339
EBP AUDIT;Revue fiscale de la DSF 2022 suivant MFE LA REGIONALE BANK S.A;;Tax;Alvine Aoum;0;0;0;0%;0;1 000 000;0%;0;0%;-1 000 000
EBP AUDIT;DSF 2023;;Audit;Cyrille Djiki;0;0;0;0%;0;0;0%;0;0%;0
EDF;Audit des coûts de developpement;;Audit;Mikael Kouam;12 000 000;0;12 000 000;0%;0;9 600 000;80%;9 600 000;80%;-9 600 000
EDF;Participation au séminaire de la loi de finances 2023;;Tax;Samira Vindjedou;189 000;0;189 000;0%;0;5 303 000;2806%;195 600;103%;-5 303 000
ELECNOR;Assistance à l'introduction d'un rescrit fiscal;;Tax;Ashley Elang;0;0;0;0%;0;1 000 000;0%;945 000;0%;-1 000 000
ELECNOR;Assistance à l'examen des arguments formulés par ELECNOR en vue du recouvrement du trop retenu de TSR et Médiation;;Tax;Ashley Elang;0;0;0;0%;0;2 100 000;0%;519 750;0%;-2 100 000
ELECNOR;Frais de mission;;Tax;Ashley Elang;0;0;0;0%;0;375 000;0%;0;0%;-375 000
ELECNOR;Assistance  permanente limitée;;Tax;Ashley Elang;3 000 000;0;3 000 000;0%;0;3 000 000;100%;2 835 000;95%;-3 000 000
ELECNOR SUCCURSALE;Assistance  permanente limitée;;Tax;Ashley Elang;3 000 000;0;3 000 000;0%;0;3 000 000;100%;3 412 500;114%;-3 000 000
EMRALD;Revue fiscale des opérations des exercices non prescrits (2021_2024);;Tax;Ashley Elang;3 700 000;0;3 700 000;0%;0;3 700 000;100%;0;0%;-3 700 000
ENEO;Participation au séminaire de la loi de finances 2022;TAXENE120622;Tax;Ashley Elang;8 000 000;0;8 000 000;0%;0;8 000 000;100%;7 824 000;98%;-8 000 000
ENEO;Participation au séminaire de la loi de finances 2023;;Tax;Alvine Aoum;1 228 500;0;1 228 500;0%;0;1 300 000;106%;0;0%;-1 300 000
ENEO;Revue des agios et commissions bancaires pour la period 2018 - 2022;AUDENE010324;Audit;Raphaël Ngos;0;0;0;0%;0;0;0%;0;0%;0
ENEO;Participation au séminaire de la loi de finances 2025;;Tax;Alvine Aoum;360 000;0;360 000;0%;0;0;0%;0;0%;0
ENEO;Ais juridique et fiscal relatif au statut des avances sur consommation et éligibilité au transfert à la CDEC;;Tax;Ashley Elang;4 000 000;0;4 000 000;0%;0;4 000 000;100%;0;0%;-4 000 000
ENGINE OIL;Participation au séminaire de la loi de finances 2025;;Tax;Jean Daniel Youmbi;720 000;0;720 000;0%;0;720 000;100%;704 160;98%;-720 000
EOLIS;Participation au séminaire de la loi de finances 2022;TAXEOL450622;Tax;Ashley Elang;83 857;0;83 857;0%;0;83 857;100%;95 388;114%;-83 857
Etude Me Grâce NKAKE BOLLANGA;Participation au séminaire de la loi de finances 2025;;Tax;Larissa Ndome;100 000;0;100 000;0%;0;1 000 000;1000%;0;0%;-1 000 000
EVERWELL CAMEROUN CABLES and ENGINEERING SA;Participation au séminaire de la loi de finances 2025;;Tax;Ashley Elang;200 000;0;200 000;0%;0;200 000;100%;227 500;114%;-200 000
EWERWELL;Assistance fiscale et douanière;DOUEWE120325;Douane;Seraphin Doumbe;2 000 000;0;2 000 000;87%;1 740 000;4 000 000;200%;3 780 000;189%;-2 260 000
EXCELLENCE EQUIPMENT & MOTORS NGAOUNDERE SARL;DEDOUANEMENT;EBS010525;EB Service;Robert Songo Songo;0;0;0;0%;0;0;0%;0;0%;0
EXCO;Due diligence juridique, fiscale et sociale;;Tax;Ashley Elang;5 247 656;0;5 247 656;100%;5 247 656;5 247 656;100%;0;0%;0
EXE TRANSF;Transfert à l'international;;Finances;Jean Daniel Youmbi;100 000 000;0;100 000 000;0%;0;0;0%;0;0%;0
GCSA;Gestion de la paie des expatriés;;Tax;Admin Ebvision;0;0;0;0%;0;4 746 227;0%;2 278 317;0%;-4 746 227
GCSA;Assistance à obtention des visas de contrat de travail des expatriés;;Tax;Alvine Aoum;0;0;0;0%;0;250 000;0%;0;0%;-250 000
GLOBELEQ;Supervision des inventaires de stocks;;Audit;Samira Vindjedou;8 000 000;0;8 000 000;0%;0;8 000 000;100%;8 000 000;100%;-8 000 000
GLOBELEQ;Assistance for post clearance control;;Douane;Samson Bilangna;6 500 000;0;6 500 000;0%;0;3 250 000;50%;0;0%;-3 250 000
GPCAM;Participation au séminaire de la loi de finances 2023;;Tax;Samira Vindjedou;0;0;0;0%;0;200 000;0%;0;0%;-200 000
GRACEDOM INVEST S.A;Due diligence juridique, fiscale et sociale;;Tax;Ashley Elang;0;0;0;0%;0;0;0%;0;0%;0
GRACEDOM INVEST S.A;Analyse financière;;Audit;Alyssa Molom;3 500 000;0;3 500 000;0%;0;24 500 000;700%;11 943 750;341%;-24 500 000
GRACEDOM INVEST S.A;Levée de fonds;FIN330524;Finances;Léopold Tchako;35 000 000 000;0;35 000 000 000;0%;0;0;0%;0;0%;0
GREENFIL;Participation au séminaire de la loi de finances 2023;;Tax;Samira Vindjedou;0;0;0;0%;0;100 000;0%;113 750;0%;-100 000
GROUPE KEDE SARL;Assistance à recherche de financement;;Finances;Jean Daniel Youmbi;1 000 000;0;1 000 000;100%;1 000 000;1 000 000;100%;1 000 000;100%;0
HEVECAM;Participation au séminaire de la loi de finances 2025;;Tax;Ashley Elang;1 080 000;0;1 080 000;0%;0;1 080 000;100%;0;0%;-1 080 000
HEVECAM;Participation au séminaire de la loi de finances 2024;;Tax;Ashley Elang;800 000;0;800 000;0%;0;800 000;100%;0;0%;-800 000
HORUS;Assistance juridique et fiscale permanente;;Tax;Ashley Elang;30 000 000;0;30 000 000;0%;0;30 917 200;103%;14 543 750;48%;-30 917 200
HORUS;Assistance à contrôle et contentieux fiscal;;Tax;Ashley Elang;50 000 000;0;50 000 000;0%;0;50 000 000;100%;44 625 000;89%;-50 000 000
HORUS;Frais de mission;;Tax;Ashley Elang;0;0;0;0%;0;35 000;0%;0;0%;-35 000
HYDIAM;Participation au séminaire de la loi de finances 2023;;Tax;Alvine Aoum;0;0;0;0%;0;100 000;0%;119 250;0%;-100 000
IBI S.A;Participation au séminaire de la loi de finances 2023;;Tax;Samira Vindjedou;0;0;0;0%;0;700 000;0%;796 250;0%;-700 000
ICM;Participation au séminaire de la loi de finances 2023;;Tax;Alvine Aoum;0;0;0;0%;0;100 000;0%;119 250;0%;-100 000
IHS;"Training under the topic ""Implementation and management of a tax risk map""";;Tax;Ashley Elang;0;0;0;0%;0;5 600 000;0%;0;0%;-5 600 000
IHS;Participation au séminaire de la loi de finances 2023;;Tax;Ashley Elang;910 000;0;910 000;0%;0;800 000;88%;756 000;83%;-800 000
IMPLANTS & SERVICES SARL;DEDOUANEMENT D'1 CAMION PLATEAU MERCEDES BENZ AVEC GRUE ANNEE: 1977 PAR UNE MISE A LA CONSOMMATION;EBS360725;EB Service;Robert Songo Songo;0;0;0;0%;0;0;0%;0;0%;0
J2N CONSEIL SARL;Assistance à recherche de financement;FIN410624;Finances;Léopold Tchako;10 000 000;0;10 000 000;100%;10 000 000;10 000 000;100%;10 000 000;100%;0
JL2M MULTISERVICES SARL;Assistance à recherche de financement;;Finances;Admin Ebvision;100 000 000;0;100 000 000;0%;0;0;0%;0;0%;0
JOCCIDALO PETROLEUM;Assistance au montage de la DSF 2023;;Tax;Ashley Elang;0;0;0;0%;0;0;0%;0;0%;0
JOCCIDALO PETROLEUM;Levée de fonds;FIN180524;Finances;Emile Bitoungui;13 000 000 000;0;13 000 000 000;0%;0;0;0%;0;0%;0
JOCCIDALO PETROLEUM;Assistance à secrétariat juridique et à rédaction des contrats;;Legal Services;Grégoire ODODI BEYEKE;3 174 603;0;3 174 603;0%;0;3 174 603;100%;0;0%;-3 174 603
KAKOTEL;ASSISTANCE COMPTABLE;;Audit;Alyssa Molom;15 000 000;0;15 000 000;0%;0;9 000 000;60%;0;0%;-9 000 000
KAKOTEL;Participation au séminaire de la loi de finances 2024;;Tax;Ashley Elang;300 000;0;300 000;0%;0;300 000;100%;0;0%;-300 000
KBC PLC;Assistance juridique (Structuration d'une prise de participation et secrétariat juridique);;Legal Services;Grégoire ODODI BEYEKE;0;0;0;0%;0;0;0%;0;0%;0
KBC S.A;Assistance à rédaction d'un protocole d'accord portant modalités de cession mutuelle des participations;;Tax;Ashley Elang;1 800 000;0;1 800 000;0%;0;1 800 000;100%;0;0%;-1 800 000
KHPC;Assistance fiscale et sociale permanente;;Tax;Ashley Elang;0;0;0;0%;0;15 806 667;0%;2 501 100;0%;-15 806 667
KHPC;Assistance à contrôle de régularisation CNPS 2022;;Tax;Ashley Elang;0;0;0;0%;0;3 065 000;0%;0;0%;-3 065 000
KHPC;Assistance à l'optimisation de la paie;;Tax;Ashley Elang;0;0;0;0%;0;9 570 021;0%;5 547 170;0%;-9 570 021
KHPC;Assistance juridique et fiscale permanente complémentaire;;Tax;Ashley Elang;32 500 000;0;32 500 000;0%;0;32 500 000;100%;31 356 000;96%;-32 500 000
KHPC;Formation paie : Détermination de l’allocation congés payés et paramétrage dans le logiciel SAGE PAIE;;Tax;Ashley Elang;1 500 000;0;1 500 000;0%;0;1 500 000;100%;1 417 500;95%;-1 500 000
KHPC;Assistance à obtention de contrat de travail expatrié;;Tax;Ashley Elang;250 000;0;250 000;0%;0;770 000;308%;189 000;76%;-770 000
KHPC;Assistance à obtention Carte de Séjour expatrié;;Tax;Ashley Elang;400 000;0;400 000;0%;0;1 075 000;269%;888 300;222%;-1 075 000
KHPC;Participation au séminaire de la loi de finances 2025;;Tax;Ashley Elang;360 000;0;360 000;0%;0;360 000;100%;0;0%;-360 000
KHPC;Participation au séminaire de la loi de finances 2024;;Tax;Ashley Elang;100 000;0;100 000;0%;0;100 000;100%;94 500;95%;-100 000
KPDC;Assistance for Post Clearance Control;;Douane;Samson Bilangna;10 000 000;0;10 000 000;0%;0;10 000 000;100%;5 000 000;50%;-10 000 000
LABOREX;Assistance à Vérification Générale de Comptabilité (VGC) 2019-2021;;Tax;Ashley Elang;0;0;0;0%;0;476 552 547;0%;14 883 750;0%;-476 552 547
LONGSTAR;Assistance à obtention d'une facilité douanière (entrepôt) et assistance douanière permanente;;Douane;Samson Bilangna;0;0;0;0%;0;2 500 000;0%;0;0%;-2 500 000
LONGSTAR;Etude relative aux régimes économiques et douaniers applicables au secteur automobile;;Douane;Samson Bilangna;0;0;0;0%;0;26 455 026;0%;0;0%;-26 455 026
LONGSTAR;Structuration du plan d'affaires (Projet portant d'une usine de montage d'engins lourds et de camions à Yassa);;Douane;Samson Bilangna;0;0;0;0%;0;112 645 630;0%;0;0%;-112 645 630
LONGSTAR;Assistance douanière permanente;;Douane;Samson Bilangna;0;0;0;0%;0;3 600 000;0%;0;0%;-3 600 000
LONGSTAR;Audit préalable des acquit-à-caution;;Douane;Samson Bilangna;0;0;0;0%;0;10 603 107;0%;10 019 936;0%;-10 603 107
LONGSTAR;Assistance à controle douanier;DOULON220325;Douane;Seraphin Doumbe;7 200 000;0;7 200 000;100%;7 200 000;0;0%;0;0%;7 200 000
LOXEA;Assistance à contrôle sur pièces des exercices 2019, 2020 et 2021;;Tax;Ashley Elang;0;0;0;0%;0;7 000 000;0%;0;0%;-7 000 000
LOXEA;Frais de mission;;Tax;Ashley Elang;0;0;0;0%;0;875 000;0%;826 876;0%;-875 000
LOXEA;Assistance à VGC des exercices 2020, 2021 et 2022;;Tax;Ashley Elang;0;0;0;0%;0;15 000 000;0%;14 175 000;0%;-15 000 000
LOXEA;Participation au séminaire de la loi de finances 2025;;Tax;Ashley Elang;200 000;0;200 000;0%;0;200 000;100%;0;0%;-200 000
M. MBOCK;Assistance juridique;LEGM. 540622;Legal Services;Ashley Elang;1 650 000;0;1 650 000;0%;0;838 574;51%;0;0%;-838 574
MAÎTRE CHE;Participation au séminaire de la loi de finances 2022;TAXMA?570622;Tax;Ashley Elang;83 857;0;83 857;0%;0;83 857;100%;100 000;119%;-83 857
MAÎTRE CHE;Participation au séminaire de la loi de finances 2023;;Tax;Ashley Elang;0;0;0;0%;0;100 000;0%;119 250;0%;-100 000
MAÎTRE CHE;Participation au séminaire de la loi de finances 2023;;Tax;Ashley Elang;0;0;0;0%;0;0;0%;0;0%;0
MAÎTRE CHE;Participation au séminaire de la loi de finances 2025;;Tax;Ashley Elang;100 000;0;100 000;0%;0;100 000;100%;119 260;119%;-100 000
MAÎTRE CHE;Participation au séminaire de la loi de finances 2024;;Tax;Admin Ebvision;100 000;0;100 000;0%;0;100 000;100%;0;0%;-100 000
MBOKA;Assistance juridique (Rédaction des actes juridiques);LEGMBO050622;Legal Services;Ashley Elang;16 600 000;0;16 600 000;0%;0;1 660 000;10%;0;0%;-1 660 000
MBOKA;Assistance juridique;LEGMBO010622;Legal Services;Ashley Elang;2 500 000;0;2 500 000;0%;0;2 500 000;100%;0;0%;-2 500 000
Me ESSONO;Participation au séminaire de la loi de finances 2023;;Tax;Ashley Elang;0;0;0;0%;0;100 000;0%;119 250;0%;-100 000
MEN GROUP;Assistance à Vérification Générale de Comptabilité (VGC) 2019-2022;;Tax;Ashley Elang;0;0;0;0%;0;130 000;0%;147 875;0%;-130 000
MEN GROUP;Assistance juridique et fiscale permanente;;Tax;Ashley Elang;0;0;0;0%;0;5 500 000;0%;1 137 500;0%;-5 500 000
MEN LOGISTICS SA;LEVEE DI + DEDOUANEMENT DE 13 TRACTEURS ROUTIERS;;EB Service;Robert Songo Songo;0;0;0;0%;0;0;0%;0;0%;0
MERMO OIL;Assistance à secrétariat juridique;;Legal Services;Grégoire ODODI BEYEKE;1 000 000;0;1 000 000;0%;0;1 000 000;100%;0;0%;-1 000 000
MERMO OIL;Assistance à recherche de financement;FIN220425;Finances;Jean Daniel Youmbi;10 000 000;0;10 000 000;0%;0;0;0%;0;0%;0
MIOD;ASSISTANCE COMPTABLE;;Audit;Alyssa Molom;3 500 000;0;3 500 000;0%;0;2 250 000;64%;2 250 000;64%;-2 250 000
MONSIEUR BAHA Robert;Assistance à déclaration préremplie de l’impôt sur les Sociétés et l’Impôt sur le Revenu des Personnes Physiques;;Tax;Ashley Elang;4 192 872;0;4 192 872;0%;0;4 192 872;100%;0;0%;-4 192 872
MSF;Assistance au montage de la DSF;;Tax;Ashley Elang;2 454 100;0;2 454 100;0%;0;4 454 100;181%;5 176 538;211%;-4 454 100
MSF;Participation au séminaire de la loi de finances 2022;TAXMSF310622;Tax;Ashley Elang;167 715;0;167 715;0%;0;167 715;100%;190 776;114%;-167 715
MSF;Assistance à contrôle CNPS;;Tax;Ashley Elang;0;0;0;0%;0;3 685 000;0%;2 385 000;0%;-3 685 000
MSF;Participation au séminaire de la loi de finances 2023;;Tax;Ashley Elang;600 000;0;600 000;0%;0;503 145;84%;600 000;100%;-503 145
MSF;Assitance montage DSF 2022;;Audit;Samira Vindjedou;1 000 000;0;1 000 000;0%;0;3 000 000;300%;0;0%;-3 000 000
MSF;Assistance juridique et fiscale permanente;;Tax;Ashley Elang;4 500 000;0;4 500 000;0%;0;13 875 000;308%;5 562 817;124%;-13 875 000
MSF;DSF 2023;;Audit;Cyrille Djiki;0;0;0;0%;0;0;0%;0;0%;0
MSF;APUREMENT ATN PAR MACATN;EBSMSF310724;EB Service;Robert Songo Songo;0;0;0;0%;0;0;0%;0;0%;0
MSF;APUREMENT ATN PAR REX SUR MATADI;EBSMSF210724;EB Service;Robert Songo Songo;0;0;0;0%;0;0;0%;0;0%;0
MSF;DEDOUANEMENT DE TROIS CONTENEUR FRIGORIFIQUE P/C MSF;EBSMSF530225;EB Service;Robert Songo Songo;0;0;0;0%;0;0;0%;0;0%;0
MSF;DEDOUANEMENT D'UN CONTENEUR FRIGORIFIQUE P/C MSF;EBSMSF300325;EB Service;Robert Songo Songo;0;0;0;0%;0;0;0%;0;0%;0
MSF;DEDOUANEMENT DE DEUX CONTENEUR FRIGORIFIQUE P/C MSF;EBSMSF310325;EB Service;Robert Songo Songo;0;0;0;0%;0;0;0%;0;0%;0
MSF;REEXPORTATION VERS RCA DE 5 VEHICULES;EBSMSF390325;EB Service;Robert Songo Songo;0;0;0;0%;0;0;0%;0;0%;0
MSF;Assistance au montage et à la revue de la DSF de l'exercice 2024;;Tax;Ashley Elang;2 000 000;0;2 000 000;0%;0;2 000 000;100%;1 890 000;95%;-2 000 000
MSF;Participation au séminaire de la loi de finances 2025;;Tax;Ashley Elang;400 000;0;400 000;0%;0;400 000;100%;455 000;114%;-400 000
MSF;Participation au séminaire de la loi de finances 2024;;Tax;Ashley Elang;300 000;0;300 000;0%;0;300 000;100%;0;0%;-300 000
MTTS;Assistance fiscale et douanière;;Douane;Seraphin Doumbe;6 000 000;0;6 000 000;0%;0;0;0%;0;0%;0
NGOLLE 4 ISSAC RICHARD;DEDOUANEMENT D'1 VEHICULE TIGGO 9 DANS TC 20';EBS590325;EB Service;Robert Songo Songo;0;0;0;0%;0;0;0%;0;0%;0
NHPC;Format contr. & content. fiscal;TAXNHP141222;Tax;Alvine Aoum;1 200 000;0;1 200 000;100%;1 200 000;1 200 000;100%;1 134 000;95%;0
NHPC;Assistance au remboursement des crédits de TVA;;Tax;Ashley Elang;24 000 000;0;24 000 000;0%;0;865 356 261;3606%;679 087 333;2830%;-865 356 261
NHPC;Participation au séminaire de la loi de finances 2022;TAXNHP580622;Tax;;2 000 000;0;2 000 000;0%;0;2 000 000;100%;1 890 000;95%;-2 000 000
NHPC;Formation et accompagnement au montage de la Déclaration Statistique et Fiscale (DSF);TAXNHP590622;Tax;Ashley Elang;2 000 000;0;2 000 000;0%;0;4 500 000;225%;4 252 500;213%;-4 500 000
NHPC;Frais relatifs aux déplacements effectués dans le cadre de l'assistance à remboursement des crédits de TVA (Décembre 2021 à Janvier 2022);TAXNHP530622;Tax;Ashley Elang;1 575 000;0;1 575 000;0%;0;3 470 000;220%;3 279 150;208%;-3 470 000
NHPC;Formation Implémentation et pilotage d'une cartographie des risques fiscaux;TAXNHP240722;Tax;Ashley Elang;0;0;0;0%;0;1 400 000;0%;1 323 000;0%;-1 400 000
NHPC;Frais relatifs aux déplacements effectués dans le cadre de l'assistance à remboursement des crédits de TVA (28 février au 08 juin 2022);TAXNHP030722;Tax;Ashley Elang;2 360 000;0;2 360 000;0%;0;14 160 000;600%;12 458 350;528%;-14 160 000
NHPC;"Formation sous le thème ""Gestion des contrats : Planification et suivi de l'exécution";;Tax;Ashley Elang;900 000;0;900 000;0%;0;900 000;100%;900 000;100%;-900 000
NHPC;Assistance au renseignement des données fiscales dans le questionnaire adressé par l'API;;Tax;Ashley Elang;5 000 000;0;5 000 000;0%;0;5 000 000;100%;4 725 000;95%;-5 000 000
NHPC;Veille fiscale permanente et audit fiscal trimestriel;;Tax;Ashley Elang;0;0;0;0%;0;72 000 000;0%;37 485 000;0%;-72 000 000
NHPC;Assistance au montage de la DSF de l'exercice 2022;;Tax;Ashley Elang;3 500 000;0;3 500 000;0%;0;3 500 000;100%;3 307 500;95%;-3 500 000
NHPC;Assistance à Vérification Générale de Comptabilité (VGC) 2020;;Tax;Ashley Elang;0;0;0;0%;0;7 460 000;0%;0;0%;-7 460 000
NHPC;inventaires des immobilisations;AUDNHP410823;Audit;Samira Vindjedou;28 000 000;0;28 000 000;0%;0;11 740 042;42%;0;0%;-11 740 042
NHPC;Assistance à l'évaluation de la dépense fiscale de la société NHPC au titre de l'exercice 2023;;Tax;Ashley Elang;0;0;0;0%;0;6 000 000;0%;5 670 000;0%;-6 000 000
NHPC;Frais de mission : Assistance à VGC 2020 à 2022;;Tax;Ashley Elang;0;0;0;0%;0;255 000;0%;0;0%;-255 000
NHPC;Assistance à évaluation de la dépense fiscale de l'exercice 2024;;Tax;Ashley Elang;4 000 000;0;4 000 000;0%;0;6 000 000;150%;9 450 000;236%;-6 000 000
NHPC;Assistance à saisine du DGI d’une réclamation contentieuse suite à VGC des exercices 2020, 2021 et 2022;;Tax;Ashley Elang;6 380 000;0;6 380 000;0%;0;21 865 000;343%;0;0%;-21 865 000
NHPC;Participation au séminaire de la loi de finances 2025;;Tax;Ashley Elang;1 780 000;0;1 780 000;0%;0;1 780 000;100%;0;0%;-1 780 000
NHPC;"Formation sous le thème : ""Fiscalité des fournisseurs, de la paie et des sociétés""";;Tax;Ashley Elang;1 300 000;0;1 300 000;0%;0;1 300 000;100%;1 228 500;95%;-1 300 000
NHPC;Participation au séminaire de la loi de finances 2024;;Tax;Ashley Elang;800 000;0;800 000;0%;0;800 000;100%;0;0%;-800 000
NORBERT GWEM;DEDOUANEMENT D'1 D7H ANNEE: 1986 + 1 PORTE-ENGINSANNEE: 1974 + 1 TRACTEUR ROUTIER ANNEE: 2007;EBS500725;EB Service;Robert Songo Songo;0;0;0;0%;0;0;0%;0;0%;0
NOTICAM SA;Assistance à recherche de financement;FIN540325;Finances;Jean Daniel Youmbi;28 207 657;0;28 207 657;100%;28 207 657;28 207 657;100%;28 207 657;100%;0
OCEAN;Participation au séminaire de la loi de finances 2025;;Tax;Ashley Elang;200 000;0;200 000;0%;0;200 000;100%;0;0%;-200 000
ORANGE;Participation au séminaire de la loi de finances 2023;;Tax;Ashley Elang;800 000;0;800 000;0%;0;800 000;100%;756 000;95%;-800 000
ORAPROR;Assistance à recherche de financement;FINORA390924;Finances;Jean Daniel Youmbi;17 000 000 000;0;17 000 000 000;0%;0;0;0%;0;0%;0
OTR;Formation sur « la facilitation des échanges et le temps nécessaire pour la mainlevée des marchandises »;;Douane;Samson Bilangna;6 000 000;0;6 000 000;0%;0;6 000 000;100%;3 000 000;50%;-6 000 000
PAD;Assist. Tax & legal 2021;TAXPAD270722;Tax;Ashley Elang;9 000 000;0;9 000 000;0%;0;16 500 000;183%;0;0%;-16 500 000
PAD;Assistance à contentieux du recouvrement des créances fiscales;TAXPAD540622;Tax;Ashley Elang;12 000 000;0;12 000 000;0%;0;12 000 000;100%;11 340 000;95%;-12 000 000
PAD;Audit fiscal des exercices 2019, 2020 et 2021;TAXPAD410722;Tax;Ashley Elang;16 603 773;0;16 603 773;0%;0;16 603 773;100%;15 690 565;94%;-16 603 773
PAD;Revue du traitement comptable et fiscal des investissements réalisés pour le compte de Etat;AUDPAD120123;Audit;Samira Vindjedou;7 144 500;0;7 144 500;0%;0;7 144 500;100%;0;0%;-7 144 500
PAD;Fiscalisation des remboursements des investissements réalisés pour le compte de l'Etat par le PAD;TAXPAD001222;Tax;Ashley Elang;16 500 000;0;16 500 000;0%;0;0;0%;0;0%;0
PAD;Assistance à VGC 2020 à 2022;;Tax;Ashley Elang;0;0;0;0%;0;33 542 976;0%;0;0%;-33 542 976
PAD;Assistance à obtention d'une remise totale ou d'une modération des pénalités et intérêts de retard;;Tax;Ashley Elang;16 771 488;0;16 771 488;0%;0;16 771 488;100%;15 849 056;94%;-16 771 488
PBIC;Avis juridique et fiscal;;Tax;Alvine Aoum;900 000;0;900 000;100%;900 000;900 000;100%;0;0%;0
PBIC;COMMISSION JAN PBGI;ASSPBI570523;Assurance;Leonelle Tinko;440 240;0;440 240;0%;0;440 240;100%;0;0%;-440 240
PBIC;COMMISSION FEVRIER PBGI;ASSPBI300523;Assurance;Leonelle Tinko;97 027;0;97 027;0%;0;97 027;100%;0;0%;-97 027
PBIC;COMMISSION MARS PBGI;ASSPBI340523;Assurance;Leonelle Tinko;208 743;0;208 743;0%;0;208 743;100%;0;0%;-208 743
PRODIFOODS;Commissariat aux comptes;;Audit;Mikael Kouam;1 500 000;0;1 500 000;0%;0;750 000;50%;0;0%;-750 000
PRODIFOODS;Revue fiscale annuelle des comptes et montage de la DSF;;Tax;Ashley Elang;0;0;0;0%;0;3 500 000;0%;4 118 750;0%;-3 500 000
PSK SARL;Assistance juridique et fiscale permanente;TAXPSK080622;Tax;Ashley Elang;0;0;0;0%;0;2 850 000;0%;477 000;0%;-2 850 000
PSK SARL;Participation au séminaire de la loi de finances 2023;;Tax;Alvine Aoum;119 250;0;119 250;0%;0;100 000;84%;119 250;100%;-100 000
REC;Assistance fiscale, juridique et sociale permanente;TAXREC300622;Tax;Ashley Elang;1 500 000;0;1 500 000;0%;0;35 500 000;2367%;9 100 000;607%;-35 500 000
REC;Assistance à la VGC des exercices 2017-2020;TAXREC120622;Tax;Ashley Elang;0;0;0;0%;0;74 898 741;0%;0;0%;-74 898 741
REC;Assistance à contrôle sur pièces 2021;;Tax;Ashley Elang;0;0;0;0%;0;20 373 016;0%;0;0%;-20 373 016
REC;Assistance à contrôle CNPS 2022;;Tax;Ashley Elang;1 500 000;0;1 500 000;0%;0;1 400 000;93%;1 592 500;106%;-1 400 000
REC;Assistance au montage de la DSF de l'exercice 2023;;Tax;Ashley Elang;0;0;0;0%;0;3 000 000;0%;3 412 500;0%;-3 000 000
REC;Assistance à VGC 2020 à 2022;;Tax;Ashley Elang;0;0;0;0%;0;0;0%;0;0%;0
REC;Assistance à VGC des exercices 2021 et 2022;;Tax;Ashley Elang;0;0;0;0%;0;0;0%;0;0%;0
REC;Revue de la liasse fiscale annuelle (DSF) de l'exercice 2024;;Tax;Ashley Elang;3 000 000;0;3 000 000;0%;0;3 000 000;100%;0;0%;-3 000 000
REC;Assistance à contrôle CNPS de l'exercice 2023;;Tax;Ashley Elang;2 500 000;0;2 500 000;0%;0;2 500 000;100%;0;0%;-2 500 000
RW KING;Participation au séminaire de la loi de finances 2023;;Tax;Alvine Aoum;0;0;0;0%;0;100 000;0%;119 250;0%;-100 000
SABC;Gestion de la paie des Expatriés;;Tax;Ashley Elang;0;0;0;0%;0;86 670 210;0%;57 670 019;0%;-86 670 210
SABC;Audit de la TVA sur le fuel;TAXSAB260622;Tax;Ashley Elang;14 800 000;0;14 800 000;0%;0;2 838 700;19%;0;0%;-2 838 700
SABC;Assistance à la négociation de la convention d'établissement;TAXSAB520622;Tax;Ashley Elang;70 000 000;0;70 000 000;0%;0;90 000 000;129%;0;0%;-90 000 000
SABC;Assistance fiscale;TAXSAB280622;Tax;Ashley Elang;0;0;0;0%;0;43 440 000;0%;12 443 060;0%;-43 440 000
SABC;Assistance à VGC 2018 et 2019;TAXSAB340622;Tax;Ashley Elang;0;0;0;0%;0;97 400 000;0%;47 514 600;0%;-97 400 000
SABC;Participation au séminaire de la loi de finances 2022;TAXSAB270622;Tax;Ashley Elang;167 715;0;167 715;0%;0;167 715;100%;158 491;95%;-167 715
SABC;Assistance à la modification de la loi de finances 2022;TAXSAB090722;Tax;Ashley Elang;0;0;0;0%;0;125 000 000;0%;118 125 000;0%;-125 000 000
SABC;Assistance à obtention des visas de contrats de travail des expatriés;TAXSAB021123;Tax;Alvine Aoum;0;0;0;0%;0;3 200 000;0%;1 753 350;0%;-3 200 000
SABC;Assistance à obtention des cartes de séjour;;Tax;Admin Ebvision;0;0;0;0%;0;6 400 000;0%;6 228 400;0%;-6 400 000
SABC;Participation au séminaire de la loi de finances 2023;;Tax;Alvine Aoum;0;0;0;0%;0;500 000;0%;472 500;0%;-500 000
SABC;Participation au séminaire de la loi de finances 2025;;Tax;Alvine Aoum;100 000;0;100 000;0%;0;100 000;100%;0;0%;-100 000
SABC;Participation au séminaire de la loi de finances 2024;;Tax;Ashley Elang;200 000;0;200 000;0%;0;200 000;100%;0;0%;-200 000
SAE;Participation au séminaire de la loi de finances 2024;;Tax;Ashley Elang;100 000;0;100 000;0%;0;100 000;100%;0;0%;-100 000
SAE S.A;Participation au séminaire de la loi de finances 2023;;Tax;Alvine Aoum;0;0;0;0%;0;100 000;0%;119 250;0%;-100 000
SAGRI;Participation au séminaire de la loi de finances 2023;;Tax;Samira Vindjedou;0;0;0;0%;0;1 200 000;0%;1 365 000;0%;-1 200 000
SAMSON BILANGNA;DEDOUANEMENT D'UNE TOYOTA LANDCRUISER ET UNE TOYOTA VX;EBS301024;EB Service;Robert Songo Songo;0;0;0;0%;0;0;0%;0;0%;0
SCBC;Assistance à régularisation des opérations d'importation des logiciels, cartes et chequiers;DOUSCB040325;Douane;Seraphin Doumbe;3 500 000;0;3 500 000;80%;2 800 000;0;0%;0;0%;2 800 000
SCBC;Assistance à controle et contentieux douanier;DOUSCB260325;Douane;Seraphin Doumbe;3 500 000;0;3 500 000;84%;2 940 000;6 500 000;186%;3 250 000;93%;-3 560 000
SCI VESTAL;Revue fiscale annuelle des comptes et montage de la DSF;;Tax;Ashley Elang;0;0;0;0%;0;1 000 000;0%;596 250;0%;-1 000 000
SCI VESTAL;Assistance juridique (Ingénierie patrimoniale et secrétariat juridique);;Legal Services;Ashley Elang;12 000 000;0;12 000 000;0%;0;12 000 000;100%;14 310 000;119%;-12 000 000
SEEF SA;AUDIT CONTRACTUEL;;Audit;Mikael Kouam;3 500 000;0;3 500 000;0%;0;3 500 000;100%;3 500 000;100%;-3 500 000
SEIAC;Assistance à recherche de financement;FINSEI570525;Finances;Jean Daniel Youmbi;10 000 000;0;10 000 000;0%;0;0;0%;0;0%;0
SEMC;Gestion de la paie des expatriés;;Tax;Ashley Elang;0;0;0;0%;0;2 357 810;0%;2 305 938;0%;-2 357 810
SGC;Participation au séminaire de la loi de finances 2023;;Tax;Alvine Aoum;0;0;0;0%;0;200 000;0%;0;0%;-200 000
SGC;Participation au séminaire de la loi de finances 2025;;Tax;Ashley Elang;540 000;0;540 000;0%;0;540 000;100%;510 300;95%;-540 000
SGC;Participation au séminaire de la loi de finances 2024;;Tax;Ashley Elang;200 000;0;200 000;0%;0;200 000;100%;189 000;95%;-200 000
SHOW OFF SARL;suivi des Opérations;EBS080324;EB Service;Robert Songo Songo;5 000 000;5 000 000;0;0%;0;0;0%;0;0%;0
SHOW OFF SARL;DSF 2023;;Audit;Cyrille Djiki;0;0;0;0%;0;0;0%;0;0%;0
SHOW OFF SARL;Assistance à controle et contentieux douanier;;Douane;Seraphin Doumbe;2 000 000;0;2 000 000;0%;0;0;0%;0;0%;0
SIAP;Assistance à controle dounaier;;Douane;Seraphin Doumbe;6 000 000;0;6 000 000;0%;0;0;0%;0;0%;0
SIGMA INC LTD;"DEDOUANEMENT UN CONTENEUR DISANT CONTENIR RECYCLED-STRETCH FILM ; RECYCLED-PP STRAPPING ; RECYCLED-CLIP 12MM";EBS480325;EB Service;Robert Songo Songo;0;0;0;0%;0;0;0%;0;0%;0
SIPAL;Commissariat aux comptes;AUDSIP560223;Audit;Raphaël Ngos;2 200 000;0;2 200 000;0%;0;1 100 000;50%;0;0%;-1 100 000
SIPAL;Revue fiscale annuelle des comptes et montage de la DSF;;Tax;Ashley Elang;0;0;0;0%;0;5 700 000;0%;0;0%;-5 700 000
SIPAL;Elaboration de enterprise;AUDSIP550623;Audit;Samira Vindjedou;3 500 000;0;3 500 000;0%;0;0;0%;0;0%;0
SIPAL;Assistance à Vérification Générale de Comptabilité (VGC) 2020-2022;;Tax;Ashley Elang;0;0;0;0%;0;0;0%;0;0%;0
SIPAL;DSF 2023;;Audit;Cyrille Djiki;0;0;0;0%;0;0;0%;0;0%;0
SIPAL;Participation au séminaire de la loi de finances 2024;;Tax;Ashley Elang;100 000;0;100 000;0%;0;100 000;100%;0;0%;-100 000
SITRAB-CAM;Assistance du dossier API;FIN060425;Finances;Salomée Ngomsu;5 000 000;0;5 000 000;60%;3 000 000;3 000 000;60%;3 000 000;60%;0
SME;Assistance à obtention des avantages fiscaux et douaniers prévues par le Code minier;;Douane;Samson Bilangna;0;0;0;0%;0;6 000 000;0%;0;0%;-6 000 000
SOA;DSF 2023;;Audit;Cyrille Djiki;0;0;0;0%;0;0;0%;0;0%;0
SOA - SH;Assurance Auto 1 an - 2023;ASSSOA090523;Assurance;Leonelle Tinko;142 500;102 500;40 000;0%;0;0;0%;0;0%;0
SOCAVER;Gestion de la paie des expatriés;;Tax;Alvine Aoum;0;0;0;0%;0;3 086 923;0%;3 019 010;0%;-3 086 923
SOFOMEUTEX;Assistance à la VGC des exercices 2017-2020;TAXSOF200622;Tax;Ashley Elang;2 000 000;0;2 000 000;0%;0;2 000 000;100%;0;0%;-2 000 000
TAM-TAM SO;Assistance au montage de la DSF 2022;;Tax;Ashley Elang;167 715;0;167 715;0%;0;167 715;100%;200 000;119%;-167 715
TCHARITRANS;Assistance à contrôle et contentieux fiscal;;Tax;Ashley Elang;0;0;0;0%;0;1 048 218;0%;0;0%;-1 048 218
TELCAR;Etude juridique, fiscale et douanière;;Tax;Ashley Elang;10 000 000;0;10 000 000;0%;0;10 000 000;100%;4 725 000;47%;-10 000 000
TELCAR;Participation au séminaire de la loi de finances 2025;;Tax;Ashley Elang;400 000;0;400 000;0%;0;400 000;100%;0;0%;-400 000
TELCAR;Participation au séminaire de la loi de finances 2024;;Tax;Ashley Elang;200 000;0;200 000;0%;0;200 000;100%;0;0%;-200 000
TMFD;Participation au séminaire de la loi de finances 2022;TAXTMF520622;Tax;Ashley Elang;83 857;0;83 857;0%;0;83 857;100%;79 246;95%;-83 857
TOTAL;Participation au séminaire de la loi de finances 2025;;Tax;Ashley Elang;700 000;0;700 000;0%;0;700 000;100%;661 500;95%;-700 000
TOTAL;Participation au séminaire de la loi de finances 2024;;Tax;Ashley Elang;100 000;0;100 000;0%;0;100 000;100%;0;0%;-100 000
TOTALENERG;Participation au séminaire de la loi de finances 2023;;Tax;Ashley Elang;0;0;0;0%;0;900 000;0%;850 500;0%;-900 000
TRACTAFRIC EQUIPMENT CAMEROUN;Assistance à contrôle douanier à postériori;;Douane;Samson Bilangna;10 000 000;0;10 000 000;0%;0;5 000 000;50%;0;0%;-5 000 000
TRACTAFRIC EQUIPMENT CAMEROUN;Assistance à contrôle et contentieux douaniers;DOU040325;Douane;Samson Bilangna;10 000 000;0;10 000 000;100%;10 000 000;0;0%;0;0%;10 000 000
TRACTAFRIC EQUIPMENT CAMEROUN;Participation au séminaire de la loi de finances 2025;;Tax;Samson Bilangna;100 000;0;100 000;0%;0;100 000;100%;0;0%;-100 000
TRADEX;Assistance à contrôle et contentieux douaniers;;Douane;Samson Bilangna;19 500 000;0;19 500 000;0%;0;19 500 000;100%;0;0%;-19 500 000
TSG CAMEROUN S.A;Assistance à secrétariat juridique;;Legal Services;Grégoire ODODI BEYEKE;0;0;0;0%;0;1 000 000;0%;0;0%;-1 000 000
TSG CAMEROUN S.A;Assistance à rédaction des actes juridiques;;Tax;Ashley Elang;1 500 000;0;1 500 000;0%;0;1 500 000;100%;708 750;47%;-1 500 000
TSG CAMEROUN S.A;Assistance à la tenue du secrétariat juridique : Approbation des comptes de l'exercice 2024;;Legal Services;Ashley Elang;1 200 000;0;1 200 000;0%;0;600 000;50%;0;0%;-600 000
UMA;Assistance à contrôle douanier;TAXUMA021222;Tax;Ashley Elang;10 000 000;0;10 000 000;0%;0;10 000 000;100%;5 000 000;50%;-10 000 000
UMA;Tax assistance as part of the general accounting audit of FY 2017-2020;;Tax;Ashley Elang;12 000 000;0;12 000 000;0%;0;12 000 000;100%;6 000 000;50%;-12 000 000
VISION 4;Assistance à contentieux fiscal;TAXVIS350622;Tax;Ashley Elang;40 000 000;0;40 000 000;0%;0;33 542 976;84%;0;0%;-33 542 976
WF CAM;Assistance fiscale et comptable;;Tax;Ashley Elang;0;0;0;0%;0;12 990 000;0%;9 060 525;0%;-12 990 000
WF CAM;Assistance au montage de la DSF de l'exercice 2022;;Tax;Ashley Elang;0;0;0;0%;0;2 000 000;0%;2 385 000;0%;-2 000 000
WF CAM;Evaluation des droits sociaux de rupture contractuelle;;Tax;Ashley Elang;650 000;0;650 000;0%;0;650 000;100%;775 125;119%;-650 000
WFG;Assistance juridique;TAXWFG180622;Tax;Ashley Elang;3 900 000;0;3 900 000;0%;0;3 000 000;77%;0;0%;-3 000 000
WFG;Assistance juridique, fiscale et sociale ponctuelle;;Tax;Ashley Elang;0;0;0;0%;0;7 718 000;0%;8 478 675;0%;-7 718 000
Y.M;Participation au séminaire de la loi de finances 2022;TAXY.M000622;Tax;Ashley Elang;83 857;0;83 857;0%;0;83 857;100%;95 388;114%;-83 857
