id;nom;description;client_id;collaborateur_id;statut;type_mission;priorite;date_debut;date_fin;date_debut_reelle;date_fin_reelle;budget_estime;budget_reel;devise;notes;created_by;created_at;updated_by;updated_at;fiscal_year_id;opportunity_id;code;mission_type_id;montant_honoraires;description_honoraires;montant_debours;description_debours;conditions_paiement;pourcentage_avance;associe_id;business_unit_id;division_id;manager_id
4bd0305e-bcb4-4040-bb2f-fbcd97717996;Assistance juridique;Mission migrée (FY25) - Assistance juridique;5ab66836-d3a8-46dc-9c1f-7388672baea0;;EN_COURS;;MOYENNE;Wed Jan 01 2025 00:00:00 GMT-0500 (UTC−05:00);Wed Dec 31 2025 00:00:00 GMT-0500 (UTC−05:00);;;;0.00;XAF;;;Mon Dec 08 2025 04:23:24 GMT-0500 (UTC−05:00);;Mon Dec 08 2025 04:23:24 GMT-0500 (UTC−05:00);a10d4f90-aef8-41bf-af70-5ebc019edf2e;;EB--25-006;21b59685-a2aa-4ba5-abf4-efc0e946bd9b;;;;;{""honoraires"":100,""frais"":0,""conditions"":""Forfait unique""};0.00;73c6c82e-a384-4b55-a9b1-6c9d231d6452;aa244e38-ccd6-43b7-9486-fe5721e2d12c;99044068-3dd1-4624-94ce-7f272d23abb5;
12557f7f-4e00-46f6-a0d0-8b2296f8f69e;Gestion de la paie des Expatriés;Mission migrée (FY25) - Gestion de la paie des Expatriés;ff8bf1c2-759f-4e35-aff9-6a51ce30121c;;EN_COURS;;MOYENNE;Wed Jan 01 2025 00:00:00 GMT-0500 (UTC−05:00);Wed Dec 31 2025 00:00:00 GMT-0500 (UTC−05:00);;;;0.00;XAF;;;Mon Dec 08 2025 04:23:24 GMT-0500 (UTC−05:00);;Mon Dec 08 2025 04:23:24 GMT-0500 (UTC−05:00);a10d4f90-aef8-41bf-af70-5ebc019edf2e;;EB--25-008;21b59685-a2aa-4ba5-abf4-efc0e946bd9b;;;;;{""honoraires"":100,""frais"":0,""conditions"":""Forfait unique""};0.00;73c6c82e-a384-4b55-a9b1-6c9d231d6452;aa244e38-ccd6-43b7-9486-fe5721e2d12c;272b9306-bfcc-43e2-a55a-a1ceddba2f5a;
2e854e48-d26b-420c-8077-d91e9a154aaf;Assistance juridique;Mission migrée (FY25) - Assistance juridique;6e2d341e-edf4-433b-8ed1-8ec01cdc62ff;;EN_COURS;;MOYENNE;Wed Jan 01 2025 00:00:00 GMT-0500 (UTC−05:00);Wed Dec 31 2025 00:00:00 GMT-0500 (UTC−05:00);;;;0.00;XAF;;;Mon Dec 08 2025 04:23:24 GMT-0500 (UTC−05:00);;Mon Dec 08 2025 04:23:24 GMT-0500 (UTC−05:00);a10d4f90-aef8-41bf-af70-5ebc019edf2e;;EB--25-013;21b59685-a2aa-4ba5-abf4-efc0e946bd9b;;;;;{""honoraires"":100,""frais"":0,""conditions"":""Forfait unique""};0.00;73c6c82e-a384-4b55-a9b1-6c9d231d6452;aa244e38-ccd6-43b7-9486-fe5721e2d12c;272b9306-bfcc-43e2-a55a-a1ceddba2f5a;
86f9b4f9-5fbb-4b71-b799-c5c6c749bbbd;Assistance fiscale, juridique et sociale permanente;Mission migrée (FY25) - Assistance fiscale, juridique et sociale permanente;3b4cc53b-6230-47ee-af6f-9458e43a4439;;EN_COURS;;MOYENNE;Wed Jan 01 2025 00:00:00 GMT-0500 (UTC−05:00);Wed Dec 31 2025 00:00:00 GMT-0500 (UTC−05:00);;;;0.00;XAF;;;Mon Dec 08 2025 04:23:24 GMT-0500 (UTC−05:00);;Mon Dec 08 2025 04:23:24 GMT-0500 (UTC−05:00);a10d4f90-aef8-41bf-af70-5ebc019edf2e;;EB--25-014;21b59685-a2aa-4ba5-abf4-efc0e946bd9b;;;;;{""honoraires"":100,""frais"":0,""conditions"":""Forfait unique""};0.00;73c6c82e-a384-4b55-a9b1-6c9d231d6452;aa244e38-ccd6-43b7-9486-fe5721e2d12c;272b9306-bfcc-43e2-a55a-a1ceddba2f5a;
e81c8db4-01a6-4dd2-8101-31d93767726b;Assistance fiscale;Mission migrée (FY25) - Assistance fiscale;ff8bf1c2-759f-4e35-aff9-6a51ce30121c;;EN_COURS;;MOYENNE;Wed Jan 01 2025 00:00:00 GMT-0500 (UTC−05:00);Wed Dec 31 2025 00:00:00 GMT-0500 (UTC−05:00);;;;0.00;XAF;;;Mon Dec 08 2025 04:23:24 GMT-0500 (UTC−05:00);;Mon Dec 08 2025 04:23:24 GMT-0500 (UTC−05:00);a10d4f90-aef8-41bf-af70-5ebc019edf2e;;EB--25-024;21b59685-a2aa-4ba5-abf4-efc0e946bd9b;;;;;{""honoraires"":100,""frais"":0,""conditions"":""Forfait unique""};0.00;73c6c82e-a384-4b55-a9b1-6c9d231d6452;aa244e38-ccd6-43b7-9486-fe5721e2d12c;272b9306-bfcc-43e2-a55a-a1ceddba2f5a;
0d09eb21-407e-4117-85de-196f5c8f9a8b;Assistance à obtention des visas de contrats de travail des expatriés;Mission migrée (FY25) - Assistance à obtention des visas de contrats de travail des expatriés;ff8bf1c2-759f-4e35-aff9-6a51ce30121c;;EN_COURS;;MOYENNE;Wed Jan 01 2025 00:00:00 GMT-0500 (UTC−05:00);Wed Dec 31 2025 00:00:00 GMT-0500 (UTC−05:00);;;;0.00;XAF;;;Mon Dec 08 2025 04:23:24 GMT-0500 (UTC−05:00);;Mon Dec 08 2025 04:23:24 GMT-0500 (UTC−05:00);a10d4f90-aef8-41bf-af70-5ebc019edf2e;;EB--25-050;21b59685-a2aa-4ba5-abf4-efc0e946bd9b;;;;;{""honoraires"":100,""frais"":0,""conditions"":""Forfait unique""};0.00;73c6c82e-a384-4b55-a9b1-6c9d231d6452;aa244e38-ccd6-43b7-9486-fe5721e2d12c;272b9306-bfcc-43e2-a55a-a1ceddba2f5a;
b1e26b74-fad2-4f4c-b5f3-a3977b554169;Assistance juridique et fiscale permanente;Mission migrée (FY25) - Assistance juridique et fiscale permanente;9983320a-bf4b-46b3-ad88-9c3744553ecc;7ca6e9f3-e4f0-4b11-ac4f-c34b9b6c9650;EN_COURS;;MOYENNE;Wed Jan 01 2025 00:00:00 GMT-0500 (UTC−05:00);Wed Dec 31 2025 00:00:00 GMT-0500 (UTC−05:00);;;;0.00;XAF;;;Mon Dec 08 2025 04:23:24 GMT-0500 (UTC−05:00);;Mon Dec 08 2025 04:23:24 GMT-0500 (UTC−05:00);a10d4f90-aef8-41bf-af70-5ebc019edf2e;;EB--25-053;21b59685-a2aa-4ba5-abf4-efc0e946bd9b;;;;;{""honoraires"":100,""frais"":0,""conditions"":""Forfait unique""};0.00;73c6c82e-a384-4b55-a9b1-6c9d231d6452;aa244e38-ccd6-43b7-9486-fe5721e2d12c;272b9306-bfcc-43e2-a55a-a1ceddba2f5a;
76dfbffd-5561-4941-94a8-e5d8b0ce6f83;Assistance juridique et fiscale permanente;Mission migrée (FY25) - Assistance juridique et fiscale permanente;8245873a-38c1-4ab0-8413-3f41b048b258;7ca6e9f3-e4f0-4b11-ac4f-c34b9b6c9650;EN_COURS;;MOYENNE;Wed Jan 01 2025 00:00:00 GMT-0500 (UTC−05:00);Wed Dec 31 2025 00:00:00 GMT-0500 (UTC−05:00);;;;0.00;XAF;;;Mon Dec 08 2025 04:23:24 GMT-0500 (UTC−05:00);;Mon Dec 08 2025 04:23:24 GMT-0500 (UTC−05:00);a10d4f90-aef8-41bf-af70-5ebc019edf2e;;EB--25-054;21b59685-a2aa-4ba5-abf4-efc0e946bd9b;;;;;{""honoraires"":100,""frais"":0,""conditions"":""Forfait unique""};0.00;73c6c82e-a384-4b55-a9b1-6c9d231d6452;aa244e38-ccd6-43b7-9486-fe5721e2d12c;272b9306-bfcc-43e2-a55a-a1ceddba2f5a;
701fde16-6545-46f7-92e2-7028a9845620;Veille fiscale permanente et audit fiscal trimestriel;Mission migrée (FY25) - Veille fiscale permanente et audit fiscal trimestriel;b5d157a2-ef1e-41e3-82db-483659d15a51;7ca6e9f3-e4f0-4b11-ac4f-c34b9b6c9650;EN_COURS;;MOYENNE;Wed Jan 01 2025 00:00:00 GMT-0500 (UTC−05:00);Wed Dec 31 2025 00:00:00 GMT-0500 (UTC−05:00);;;;0.00;XAF;;;Mon Dec 08 2025 04:23:24 GMT-0500 (UTC−05:00);;Mon Dec 08 2025 04:23:24 GMT-0500 (UTC−05:00);a10d4f90-aef8-41bf-af70-5ebc019edf2e;;EB--25-060;21b59685-a2aa-4ba5-abf4-efc0e946bd9b;;;;;{""honoraires"":100,""frais"":0,""conditions"":""Forfait unique""};0.00;73c6c82e-a384-4b55-a9b1-6c9d231d6452;aa244e38-ccd6-43b7-9486-fe5721e2d12c;272b9306-bfcc-43e2-a55a-a1ceddba2f5a;
de6578ca-31bf-4d73-a55e-695932394521;Assistance for Post Clearance Control;Mission migrée (FY25) - Assistance for Post Clearance Control;8ce29460-3647-44da-999e-1b1cec988f3b;7ca6e9f3-e4f0-4b11-ac4f-c34b9b6c9650;EN_COURS;;MOYENNE;Wed Jan 01 2025 00:00:00 GMT-0500 (UTC−05:00);Wed Dec 31 2025 00:00:00 GMT-0500 (UTC−05:00);;;;0.00;XAF;;;Mon Dec 08 2025 04:23:24 GMT-0500 (UTC−05:00);;Mon Dec 08 2025 04:23:24 GMT-0500 (UTC−05:00);a10d4f90-aef8-41bf-af70-5ebc019edf2e;;EB--25-119;21b59685-a2aa-4ba5-abf4-efc0e946bd9b;;;;;{""honoraires"":100,""frais"":0,""conditions"":""Forfait unique""};0.00;95ce10c5-a5f7-4fb7-bcc6-f77c7b37e371;d331bcd5-d287-4dfc-bc14-b26b42af187d;;95ce10c5-a5f7-4fb7-bcc6-f77c7b37e371
bec5cdd4-0704-4799-8b02-1d597583b111;Assistance juridique et fiscale permanente;Mission migrée (FY25) - Assistance juridique et fiscale permanente;b8fa7ae3-c0b5-4a2e-88be-788c0417ca71;7ca6e9f3-e4f0-4b11-ac4f-c34b9b6c9650;EN_COURS;;MOYENNE;Wed Jan 01 2025 00:00:00 GMT-0500 (UTC−05:00);Wed Dec 31 2025 00:00:00 GMT-0500 (UTC−05:00);;;;0.00;XAF;;;Mon Dec 08 2025 04:23:24 GMT-0500 (UTC−05:00);;Mon Dec 08 2025 04:23:24 GMT-0500 (UTC−05:00);a10d4f90-aef8-41bf-af70-5ebc019edf2e;;EB--25-130;21b59685-a2aa-4ba5-abf4-efc0e946bd9b;;;;;{""honoraires"":100,""frais"":0,""conditions"":""Forfait unique""};0.00;73c6c82e-a384-4b55-a9b1-6c9d231d6452;aa244e38-ccd6-43b7-9486-fe5721e2d12c;272b9306-bfcc-43e2-a55a-a1ceddba2f5a;
dbda4644-e6fd-400e-8553-d4d190a41c88;Assistance à contrôle sur pièces des exercices 2019, 2020 et 2021;Mission migrée (FY25) - Assistance à contrôle sur pièces des exercices 2019, 2020 et 2021;05b74643-c583-45c4-b122-e044666ec221;7ca6e9f3-e4f0-4b11-ac4f-c34b9b6c9650;EN_COURS;;MOYENNE;Wed Jan 01 2025 00:00:00 GMT-0500 (UTC−05:00);Wed Dec 31 2025 00:00:00 GMT-0500 (UTC−05:00);;;;0.00;XAF;;;Mon Dec 08 2025 04:23:24 GMT-0500 (UTC−05:00);;Mon Dec 08 2025 04:23:24 GMT-0500 (UTC−05:00);a10d4f90-aef8-41bf-af70-5ebc019edf2e;;EB--25-137;21b59685-a2aa-4ba5-abf4-efc0e946bd9b;;;;;{""honoraires"":100,""frais"":0,""conditions"":""Forfait unique""};0.00;73c6c82e-a384-4b55-a9b1-6c9d231d6452;aa244e38-ccd6-43b7-9486-fe5721e2d12c;272b9306-bfcc-43e2-a55a-a1ceddba2f5a;
1a241b3c-f5b1-48a4-8d21-72cf738a54fa;Assistance à contrôle et contentieux douaniers;Mission migrée (FY25) - Assistance à contrôle et contentieux douaniers;2d0696aa-7d2c-459c-adc2-e28d9f0451a1;7ca6e9f3-e4f0-4b11-ac4f-c34b9b6c9650;EN_COURS;;MOYENNE;Wed Jan 01 2025 00:00:00 GMT-0500 (UTC−05:00);Wed Dec 31 2025 00:00:00 GMT-0500 (UTC−05:00);;;;0.00;XAF;;;Mon Dec 08 2025 04:23:24 GMT-0500 (UTC−05:00);;Mon Dec 08 2025 04:23:24 GMT-0500 (UTC−05:00);a10d4f90-aef8-41bf-af70-5ebc019edf2e;;EB--25-157;21b59685-a2aa-4ba5-abf4-efc0e946bd9b;;;;;{""honoraires"":100,""frais"":0,""conditions"":""Forfait unique""};0.00;95ce10c5-a5f7-4fb7-bcc6-f77c7b37e371;d331bcd5-d287-4dfc-bc14-b26b42af187d;;95ce10c5-a5f7-4fb7-bcc6-f77c7b37e371
32acc60d-16b5-4e81-b3ee-a3d425dd770e;Gestion de la paie des expatriés;Mission migrée (FY25) - Gestion de la paie des expatriés;1cd7ad64-66c4-42ad-8212-7114b3827724;7ca6e9f3-e4f0-4b11-ac4f-c34b9b6c9650;EN_COURS;;MOYENNE;Wed Jan 01 2025 00:00:00 GMT-0500 (UTC−05:00);Wed Dec 31 2025 00:00:00 GMT-0500 (UTC−05:00);;;;0.00;XAF;;;Mon Dec 08 2025 04:23:24 GMT-0500 (UTC−05:00);;Mon Dec 08 2025 04:23:24 GMT-0500 (UTC−05:00);a10d4f90-aef8-41bf-af70-5ebc019edf2e;;EB--25-166;21b59685-a2aa-4ba5-abf4-efc0e946bd9b;;;;;{""honoraires"":100,""frais"":0,""conditions"":""Forfait unique""};0.00;c2d430d5-7f0a-4eeb-b89e-6dd982c31d3c;aa244e38-ccd6-43b7-9486-fe5721e2d12c;272b9306-bfcc-43e2-a55a-a1ceddba2f5a;c2d430d5-7f0a-4eeb-b89e-6dd982c31d3c
e5ad5bac-c0ba-4f6c-a873-cbf972d41d18;Assistance à contrôle douanier à postériori;Mission migrée (FY25) - Assistance à contrôle douanier à postériori;901895e1-3732-4916-9f8f-8ba10f487fe2;7ca6e9f3-e4f0-4b11-ac4f-c34b9b6c9650;EN_COURS;;MOYENNE;Wed Jan 01 2025 00:00:00 GMT-0500 (UTC−05:00);Wed Dec 31 2025 00:00:00 GMT-0500 (UTC−05:00);;;;0.00;XAF;;;Mon Dec 08 2025 04:23:24 GMT-0500 (UTC−05:00);;Mon Dec 08 2025 04:23:24 GMT-0500 (UTC−05:00);a10d4f90-aef8-41bf-af70-5ebc019edf2e;;EB--25-170;21b59685-a2aa-4ba5-abf4-efc0e946bd9b;;;;;{""honoraires"":100,""frais"":0,""conditions"":""Forfait unique""};0.00;95ce10c5-a5f7-4fb7-bcc6-f77c7b37e371;d331bcd5-d287-4dfc-bc14-b26b42af187d;;95ce10c5-a5f7-4fb7-bcc6-f77c7b37e371
710602dc-adb0-48fd-815b-bc6893db8c89;Assistance à l'élaboration de la DSF rectificative de l'exercice2022 et de la DSF de l'exercice 2023;Mission migrée (FY25) - Assistance à l'élaboration de la DSF rectificative de l'exercice2022 et de la DSF de l'exercice 2023;056c9ef1-9934-44c2-b3ed-0949ecff9c13;7ca6e9f3-e4f0-4b11-ac4f-c34b9b6c9650;EN_COURS;;MOYENNE;Wed Jan 01 2025 00:00:00 GMT-0500 (UTC−05:00);Wed Dec 31 2025 00:00:00 GMT-0500 (UTC−05:00);;;;0.00;XAF;;;Mon Dec 08 2025 04:23:24 GMT-0500 (UTC−05:00);;Mon Dec 08 2025 04:23:24 GMT-0500 (UTC−05:00);a10d4f90-aef8-41bf-af70-5ebc019edf2e;;EB--25-179;21b59685-a2aa-4ba5-abf4-efc0e946bd9b;;;;;{""honoraires"":100,""frais"":0,""conditions"":""Forfait unique""};0.00;73c6c82e-a384-4b55-a9b1-6c9d231d6452;aa244e38-ccd6-43b7-9486-fe5721e2d12c;272b9306-bfcc-43e2-a55a-a1ceddba2f5a;
d05e91e9-6ce0-4480-ab56-dba2398b0272;Assistance à l'évaluation de la dépense fiscale de la société NHPC au titre de l'exercice 2023;Mission migrée (FY25) - Assistance à l'évaluation de la dépense fiscale de la société NHPC au titre de l'exercice 2023;b5d157a2-ef1e-41e3-82db-483659d15a51;7ca6e9f3-e4f0-4b11-ac4f-c34b9b6c9650;EN_COURS;;MOYENNE;Wed Jan 01 2025 00:00:00 GMT-0500 (UTC−05:00);Wed Dec 31 2025 00:00:00 GMT-0500 (UTC−05:00);;;;0.00;XAF;;;Mon Dec 08 2025 04:23:24 GMT-0500 (UTC−05:00);;Mon Dec 08 2025 04:23:24 GMT-0500 (UTC−05:00);a10d4f90-aef8-41bf-af70-5ebc019edf2e;;EB--25-187;21b59685-a2aa-4ba5-abf4-efc0e946bd9b;;;;;{""honoraires"":100,""frais"":0,""conditions"":""Forfait unique""};0.00;;aa244e38-ccd6-43b7-9486-fe5721e2d12c;272b9306-bfcc-43e2-a55a-a1ceddba2f5a;
3cb7a99f-431d-4e65-8b65-f6b1fc29f731;Assistance à contrôle et contentieux douaniers;Mission migrée (FY25) - Assistance à contrôle et contentieux douaniers;901895e1-3732-4916-9f8f-8ba10f487fe2;7ca6e9f3-e4f0-4b11-ac4f-c34b9b6c9650;EN_COURS;;MOYENNE;Wed Jan 01 2025 00:00:00 GMT-0500 (UTC−05:00);Wed Dec 31 2025 00:00:00 GMT-0500 (UTC−05:00);;;;0.00;XAF;;;Mon Dec 08 2025 04:23:24 GMT-0500 (UTC−05:00);;Mon Dec 08 2025 04:23:24 GMT-0500 (UTC−05:00);a10d4f90-aef8-41bf-af70-5ebc019edf2e;;EB--25-188;21b59685-a2aa-4ba5-abf4-efc0e946bd9b;;;;;{""honoraires"":100,""frais"":0,""conditions"":""Forfait unique""};0.00;95ce10c5-a5f7-4fb7-bcc6-f77c7b37e371;d331bcd5-d287-4dfc-bc14-b26b42af187d;;95ce10c5-a5f7-4fb7-bcc6-f77c7b37e371
bd9acd67-f46a-40fd-87b5-52268937e339;Assistance juridique et fiscale permanente;Mission migrée (FY25) - Assistance juridique et fiscale permanente;056c9ef1-9934-44c2-b3ed-0949ecff9c13;7ca6e9f3-e4f0-4b11-ac4f-c34b9b6c9650;EN_COURS;;MOYENNE;Wed Jan 01 2025 00:00:00 GMT-0500 (UTC−05:00);Wed Dec 31 2025 00:00:00 GMT-0500 (UTC−05:00);;;;0.00;XAF;;;Mon Dec 08 2025 04:23:24 GMT-0500 (UTC−05:00);;Mon Dec 08 2025 04:23:24 GMT-0500 (UTC−05:00);a10d4f90-aef8-41bf-af70-5ebc019edf2e;;EB--25-193;21b59685-a2aa-4ba5-abf4-efc0e946bd9b;;;;;{""honoraires"":100,""frais"":0,""conditions"":""Forfait unique""};0.00;73c6c82e-a384-4b55-a9b1-6c9d231d6452;aa244e38-ccd6-43b7-9486-fe5721e2d12c;272b9306-bfcc-43e2-a55a-a1ceddba2f5a;
4523ed81-6ec0-4c0e-9257-3014807a54f0;Assistance à contentieux fiscal des exercices 2021 & 2022;Mission migrée (FY25) - Assistance à contentieux fiscal des exercices 2021 & 2022;10f50215-6350-4477-814a-c97c683a10fc;7ca6e9f3-e4f0-4b11-ac4f-c34b9b6c9650;EN_COURS;;MOYENNE;Wed Jan 01 2025 00:00:00 GMT-0500 (UTC−05:00);Wed Dec 31 2025 00:00:00 GMT-0500 (UTC−05:00);;;;0.00;XAF;;;Mon Dec 08 2025 04:23:24 GMT-0500 (UTC−05:00);;Mon Dec 08 2025 04:23:24 GMT-0500 (UTC−05:00);a10d4f90-aef8-41bf-af70-5ebc019edf2e;;EB--25-196;21b59685-a2aa-4ba5-abf4-efc0e946bd9b;;;;;{""honoraires"":100,""frais"":0,""conditions"":""Forfait unique""};0.00;73c6c82e-a384-4b55-a9b1-6c9d231d6452;aa244e38-ccd6-43b7-9486-fe5721e2d12c;272b9306-bfcc-43e2-a55a-a1ceddba2f5a;
b5921838-325d-4794-8382-1d127c9c70ba;Assistance douanière permanente;Mission migrée (FY25) - Assistance douanière permanente;f36a8c23-283f-4f16-8620-e17fe14bca07;7ca6e9f3-e4f0-4b11-ac4f-c34b9b6c9650;EN_COURS;;MOYENNE;Wed Jan 01 2025 00:00:00 GMT-0500 (UTC−05:00);Wed Dec 31 2025 00:00:00 GMT-0500 (UTC−05:00);;;;0.00;XAF;;;Mon Dec 08 2025 04:23:24 GMT-0500 (UTC−05:00);;Mon Dec 08 2025 04:23:24 GMT-0500 (UTC−05:00);a10d4f90-aef8-41bf-af70-5ebc019edf2e;;EB--25-204;21b59685-a2aa-4ba5-abf4-efc0e946bd9b;;;;;{""honoraires"":100,""frais"":0,""conditions"":""Forfait unique""};0.00;95ce10c5-a5f7-4fb7-bcc6-f77c7b37e371;d331bcd5-d287-4dfc-bc14-b26b42af187d;;95ce10c5-a5f7-4fb7-bcc6-f77c7b37e371
4d51f6a2-4ef1-4691-acc1-cfc363aec93e;Assistance permanente-Douane;Mission migrée (FY25) - Assistance permanente-Douane;056c9ef1-9934-44c2-b3ed-0949ecff9c13;;EN_COURS;;MOYENNE;Wed Jan 01 2025 00:00:00 GMT-0500 (UTC−05:00);Wed Dec 31 2025 00:00:00 GMT-0500 (UTC−05:00);;;;0.00;XAF;;;Mon Dec 08 2025 04:23:24 GMT-0500 (UTC−05:00);;Mon Dec 08 2025 04:23:24 GMT-0500 (UTC−05:00);a10d4f90-aef8-41bf-af70-5ebc019edf2e;;EB--25-206;21b59685-a2aa-4ba5-abf4-efc0e946bd9b;;;;;{""honoraires"":100,""frais"":0,""conditions"":""Forfait unique""};0.00;95ce10c5-a5f7-4fb7-bcc6-f77c7b37e371;d331bcd5-d287-4dfc-bc14-b26b42af187d;;95ce10c5-a5f7-4fb7-bcc6-f77c7b37e371
c5bbfc93-c270-448a-9a1e-bd8b706e949b;ASSISTANCE COMPTABLE;Mission migrée (FY25) - ASSISTANCE COMPTABLE;46ad2ee3-434e-4e8f-b92a-835ec350ca59;7ca6e9f3-e4f0-4b11-ac4f-c34b9b6c9650;EN_COURS;;MOYENNE;Wed Jan 01 2025 00:00:00 GMT-0500 (UTC−05:00);Wed Dec 31 2025 00:00:00 GMT-0500 (UTC−05:00);;;;0.00;XAF;;;Mon Dec 08 2025 04:23:24 GMT-0500 (UTC−05:00);;Mon Dec 08 2025 04:23:24 GMT-0500 (UTC−05:00);a10d4f90-aef8-41bf-af70-5ebc019edf2e;;EB -25-207;21b59685-a2aa-4ba5-abf4-efc0e946bd9b;;;;;{""honoraires"":100,""frais"":0,""conditions"":""Forfait unique""};0.00;1d4e1afb-947c-4f3b-94d8-0383b6ccfea4;67ae65c9-4fca-41d4-a7f0-2fce163b66d5;;1a7ef409-a360-490b-ba12-17de286e0ed1
ab38d7f5-59fe-4c78-9ee3-1f0b9ea713e2;DSF 2023;Mission migrée (FY25) - DSF 2023;b8fa7ae3-c0b5-4a2e-88be-788c0417ca71;7ca6e9f3-e4f0-4b11-ac4f-c34b9b6c9650;EN_COURS;;MOYENNE;Wed Jan 01 2025 00:00:00 GMT-0500 (UTC−05:00);Wed Dec 31 2025 00:00:00 GMT-0500 (UTC−05:00);;;;0.00;XAF;;;Mon Dec 08 2025 04:23:24 GMT-0500 (UTC−05:00);;Mon Dec 08 2025 04:23:24 GMT-0500 (UTC−05:00);a10d4f90-aef8-41bf-af70-5ebc019edf2e;;EB -25-209;21b59685-a2aa-4ba5-abf4-efc0e946bd9b;;;;;{""honoraires"":100,""frais"":0,""conditions"":""Forfait unique""};0.00;1d4e1afb-947c-4f3b-94d8-0383b6ccfea4;67ae65c9-4fca-41d4-a7f0-2fce163b66d5;;83a2d3ec-22d1-46ee-b11d-671d89a9e9a3
eaf205ad-9e1c-442c-ad9d-f5e4011fdd62;DSF & ANALYSE DES COMPTES;Mission migrée (FY25) - DSF & ANALYSE DES COMPTES;056c9ef1-9934-44c2-b3ed-0949ecff9c13;7ca6e9f3-e4f0-4b11-ac4f-c34b9b6c9650;EN_COURS;;MOYENNE;Wed Jan 01 2025 00:00:00 GMT-0500 (UTC−05:00);Wed Dec 31 2025 00:00:00 GMT-0500 (UTC−05:00);;;;0.00;XAF;;;Mon Dec 08 2025 04:23:24 GMT-0500 (UTC−05:00);;Mon Dec 08 2025 04:23:24 GMT-0500 (UTC−05:00);a10d4f90-aef8-41bf-af70-5ebc019edf2e;;EB -25-212;21b59685-a2aa-4ba5-abf4-efc0e946bd9b;;;;;{""honoraires"":100,""frais"":0,""conditions"":""Forfait unique""};0.00;1d4e1afb-947c-4f3b-94d8-0383b6ccfea4;67ae65c9-4fca-41d4-a7f0-2fce163b66d5;;1a7ef409-a360-490b-ba12-17de286e0ed1
32dc5ab0-274b-4b23-b421-556e4c6a04e0;Assistance à secrétariat juridique;Mission migrée (FY25) - Assistance à secrétariat juridique;857e1176-aff5-409e-b753-7dd6dfd12315;7ca6e9f3-e4f0-4b11-ac4f-c34b9b6c9650;EN_COURS;;MOYENNE;Wed Jan 01 2025 00:00:00 GMT-0500 (UTC−05:00);Wed Dec 31 2025 00:00:00 GMT-0500 (UTC−05:00);;;;0.00;XAF;;;Mon Dec 08 2025 04:23:24 GMT-0500 (UTC−05:00);;Mon Dec 08 2025 04:23:24 GMT-0500 (UTC−05:00);a10d4f90-aef8-41bf-af70-5ebc019edf2e;;EB--25-223;21b59685-a2aa-4ba5-abf4-efc0e946bd9b;;;;;{""honoraires"":100,""frais"":0,""conditions"":""Forfait unique""};0.00;73c6c82e-a384-4b55-a9b1-6c9d231d6452;aa244e38-ccd6-43b7-9486-fe5721e2d12c;99044068-3dd1-4624-94ce-7f272d23abb5;
b8465aab-b277-4692-b95a-025d851ec361;Assistance à recherche de financement;Mission migrée (FY25) - Assistance à recherche de financement;6d8fb652-b7a8-47e2-825f-93823e100c01;6367cda8-2753-4b3a-bd3f-86c984542a0a;EN_COURS;;MOYENNE;Wed Jan 01 2025 00:00:00 GMT-0500 (UTC−05:00);Wed Dec 31 2025 00:00:00 GMT-0500 (UTC−05:00);;;;0.00;XAF;;;Mon Dec 08 2025 04:23:24 GMT-0500 (UTC−05:00);;Mon Dec 08 2025 04:23:24 GMT-0500 (UTC−05:00);a10d4f90-aef8-41bf-af70-5ebc019edf2e;;EXF-25-228;21b59685-a2aa-4ba5-abf4-efc0e946bd9b;;;;;{""honoraires"":100,""frais"":0,""conditions"":""Forfait unique""};0.00;;e84fa617-92a7-4d13-b381-2a9ddd85e6c9;;
69777b29-3721-4843-a118-3b63febf2e62;AUDIT DES CREANCES;Mission migrée (FY25) - AUDIT DES CREANCES;056c9ef1-9934-44c2-b3ed-0949ecff9c13;7ca6e9f3-e4f0-4b11-ac4f-c34b9b6c9650;EN_COURS;;MOYENNE;Wed Jan 01 2025 00:00:00 GMT-0500 (UTC−05:00);Wed Dec 31 2025 00:00:00 GMT-0500 (UTC−05:00);;;;0.00;XAF;;;Mon Dec 08 2025 04:23:24 GMT-0500 (UTC−05:00);;Mon Dec 08 2025 04:23:24 GMT-0500 (UTC−05:00);a10d4f90-aef8-41bf-af70-5ebc019edf2e;;EB -25-229;21b59685-a2aa-4ba5-abf4-efc0e946bd9b;;;;;{""honoraires"":100,""frais"":0,""conditions"":""Forfait unique""};0.00;1d4e1afb-947c-4f3b-94d8-0383b6ccfea4;67ae65c9-4fca-41d4-a7f0-2fce163b66d5;;1a7ef409-a360-490b-ba12-17de286e0ed1
8f59374d-457d-4a98-9927-be655be7ff31;ASSISTANCE COMPTABLE;Mission migrée (FY25) - ASSISTANCE COMPTABLE;232f9909-364f-4599-b749-2f2f6a5f887e;7ca6e9f3-e4f0-4b11-ac4f-c34b9b6c9650;EN_COURS;;MOYENNE;Wed Jan 01 2025 00:00:00 GMT-0500 (UTC−05:00);Wed Dec 31 2025 00:00:00 GMT-0500 (UTC−05:00);;;;0.00;XAF;;;Mon Dec 08 2025 04:23:24 GMT-0500 (UTC−05:00);;Mon Dec 08 2025 04:23:24 GMT-0500 (UTC−05:00);a10d4f90-aef8-41bf-af70-5ebc019edf2e;;EB -25-230;21b59685-a2aa-4ba5-abf4-efc0e946bd9b;;;;;{""honoraires"":100,""frais"":0,""conditions"":""Forfait unique""};0.00;1d4e1afb-947c-4f3b-94d8-0383b6ccfea4;67ae65c9-4fca-41d4-a7f0-2fce163b66d5;;1a7ef409-a360-490b-ba12-17de286e0ed1
78be3f44-858d-4903-a157-57fd2be0f4f7;APUREMENT ATN PAR MACATN;Mission migrée (FY25) - APUREMENT ATN PAR MACATN;b8fa7ae3-c0b5-4a2e-88be-788c0417ca71;77dd3a3f-bb6d-4f3a-82cc-cfb9baf2124e;EN_COURS;;MOYENNE;Wed Jan 01 2025 00:00:00 GMT-0500 (UTC−05:00);Wed Dec 31 2025 00:00:00 GMT-0500 (UTC−05:00);;;;0.00;XAF;;;Mon Dec 08 2025 04:23:24 GMT-0500 (UTC−05:00);;Mon Dec 08 2025 04:23:24 GMT-0500 (UTC−05:00);a10d4f90-aef8-41bf-af70-5ebc019edf2e;;EB--25-231;21b59685-a2aa-4ba5-abf4-efc0e946bd9b;;;;;{""honoraires"":100,""frais"":0,""conditions"":""Forfait unique""};0.00;95ce10c5-a5f7-4fb7-bcc6-f77c7b37e371;d331bcd5-d287-4dfc-bc14-b26b42af187d;2a1850ba-f738-405b-87ab-3cde49a7cfd2;
927acb5c-fc9b-4b01-b9f4-491ccafaea80;Assistance fiscale et sociale permanente;Mission migrée (FY25) - Assistance fiscale et sociale permanente;f3f26b1f-1641-44ca-8144-b9dbc8245098;7ca6e9f3-e4f0-4b11-ac4f-c34b9b6c9650;EN_COURS;;MOYENNE;Wed Jan 01 2025 00:00:00 GMT-0500 (UTC−05:00);Wed Dec 31 2025 00:00:00 GMT-0500 (UTC−05:00);;;;0.00;XAF;;;Mon Dec 08 2025 04:23:24 GMT-0500 (UTC−05:00);;Mon Dec 08 2025 04:23:24 GMT-0500 (UTC−05:00);a10d4f90-aef8-41bf-af70-5ebc019edf2e;;EB--25-234;21b59685-a2aa-4ba5-abf4-efc0e946bd9b;;;;;{""honoraires"":100,""frais"":0,""conditions"":""Forfait unique""};0.00;73c6c82e-a384-4b55-a9b1-6c9d231d6452;aa244e38-ccd6-43b7-9486-fe5721e2d12c;272b9306-bfcc-43e2-a55a-a1ceddba2f5a;
175bbc90-d202-47a9-9e16-c06e90ea782d;Assistance juridique et fiscale permanente;Mission migrée (FY25) - Assistance juridique et fiscale permanente;68f068f3-fcb8-4f47-8240-d6b7637b2294;7ca6e9f3-e4f0-4b11-ac4f-c34b9b6c9650;EN_COURS;;MOYENNE;Wed Jan 01 2025 00:00:00 GMT-0500 (UTC−05:00);Wed Dec 31 2025 00:00:00 GMT-0500 (UTC−05:00);;;;0.00;XAF;;;Mon Dec 08 2025 04:23:24 GMT-0500 (UTC−05:00);;Mon Dec 08 2025 04:23:24 GMT-0500 (UTC−05:00);a10d4f90-aef8-41bf-af70-5ebc019edf2e;;EB--25-238;21b59685-a2aa-4ba5-abf4-efc0e946bd9b;;;;;{""honoraires"":100,""frais"":0,""conditions"":""Forfait unique""};0.00;73c6c82e-a384-4b55-a9b1-6c9d231d6452;aa244e38-ccd6-43b7-9486-fe5721e2d12c;272b9306-bfcc-43e2-a55a-a1ceddba2f5a;
a1ccc70f-0e13-44a5-80f0-868fa5bf7684;Assistance à VGC 2020 à 2022;Mission migrée (FY25) - Assistance à VGC 2020 à 2022;3b4cc53b-6230-47ee-af6f-9458e43a4439;7ca6e9f3-e4f0-4b11-ac4f-c34b9b6c9650;EN_COURS;;MOYENNE;Wed Jan 01 2025 00:00:00 GMT-0500 (UTC−05:00);Wed Dec 31 2025 00:00:00 GMT-0500 (UTC−05:00);;;;0.00;XAF;;;Mon Dec 08 2025 04:23:24 GMT-0500 (UTC−05:00);;Mon Dec 08 2025 04:23:24 GMT-0500 (UTC−05:00);a10d4f90-aef8-41bf-af70-5ebc019edf2e;;EB--25-240;21b59685-a2aa-4ba5-abf4-efc0e946bd9b;;;;;{""honoraires"":100,""frais"":0,""conditions"":""Forfait unique""};0.00;73c6c82e-a384-4b55-a9b1-6c9d231d6452;aa244e38-ccd6-43b7-9486-fe5721e2d12c;272b9306-bfcc-43e2-a55a-a1ceddba2f5a;
3339625d-64d5-4ccb-a6da-cbed5acc65e7;Assistance à l'optimisation de la paie;Mission migrée (FY25) - Assistance à l'optimisation de la paie;f3f26b1f-1641-44ca-8144-b9dbc8245098;7ca6e9f3-e4f0-4b11-ac4f-c34b9b6c9650;EN_COURS;;MOYENNE;Wed Jan 01 2025 00:00:00 GMT-0500 (UTC−05:00);Wed Dec 31 2025 00:00:00 GMT-0500 (UTC−05:00);;;;0.00;XAF;;;Mon Dec 08 2025 04:23:24 GMT-0500 (UTC−05:00);;Mon Dec 08 2025 04:23:24 GMT-0500 (UTC−05:00);a10d4f90-aef8-41bf-af70-5ebc019edf2e;;EB--25-241;21b59685-a2aa-4ba5-abf4-efc0e946bd9b;;;;;{""honoraires"":100,""frais"":0,""conditions"":""Forfait unique""};0.00;73c6c82e-a384-4b55-a9b1-6c9d231d6452;aa244e38-ccd6-43b7-9486-fe5721e2d12c;272b9306-bfcc-43e2-a55a-a1ceddba2f5a;
d264149e-d404-4920-8170-d16b3f250cf7;Transfert à l'international;Mission migrée (FY25) - Transfert à l'international;5259f57b-becb-4f5d-b732-a86cade7ab66;7ca6e9f3-e4f0-4b11-ac4f-c34b9b6c9650;EN_COURS;;MOYENNE;Wed Jan 01 2025 00:00:00 GMT-0500 (UTC−05:00);Wed Dec 31 2025 00:00:00 GMT-0500 (UTC−05:00);;;;0.00;XAF;;;Mon Dec 08 2025 04:23:24 GMT-0500 (UTC−05:00);;Mon Dec 08 2025 04:23:24 GMT-0500 (UTC−05:00);a10d4f90-aef8-41bf-af70-5ebc019edf2e;;EXF-25-245;21b59685-a2aa-4ba5-abf4-efc0e946bd9b;;;;;{""honoraires"":100,""frais"":0,""conditions"":""Forfait unique""};0.00;;e84fa617-92a7-4d13-b381-2a9ddd85e6c9;;
802dcf0e-b1d0-41b9-ac48-5cb67eab9141;Assistance à recherche de financement;Mission migrée (FY25) - Assistance à recherche de financement;f1580fae-6438-433a-b278-18499ae27545;;EN_COURS;;MOYENNE;Wed Jan 01 2025 00:00:00 GMT-0500 (UTC−05:00);Wed Dec 31 2025 00:00:00 GMT-0500 (UTC−05:00);;;;0.00;XAF;;;Mon Dec 08 2025 04:23:24 GMT-0500 (UTC−05:00);;Mon Dec 08 2025 04:23:24 GMT-0500 (UTC−05:00);a10d4f90-aef8-41bf-af70-5ebc019edf2e;;EXF-25-248;21b59685-a2aa-4ba5-abf4-efc0e946bd9b;;;;;{""honoraires"":100,""frais"":0,""conditions"":""Forfait unique""};0.00;;e84fa617-92a7-4d13-b381-2a9ddd85e6c9;;
dd321111-ee04-487f-89cc-3a21f7c2e42d;Assistance à recherche de financement;Mission migrée (FY25) - Assistance à recherche de financement;4dbba8ca-0654-4559-be07-8269352653e3;;EN_COURS;;MOYENNE;Wed Jan 01 2025 00:00:00 GMT-0500 (UTC−05:00);Wed Dec 31 2025 00:00:00 GMT-0500 (UTC−05:00);;;;0.00;XAF;;;Mon Dec 08 2025 04:23:24 GMT-0500 (UTC−05:00);;Mon Dec 08 2025 04:23:24 GMT-0500 (UTC−05:00);a10d4f90-aef8-41bf-af70-5ebc019edf2e;;EXF-25-249;21b59685-a2aa-4ba5-abf4-efc0e946bd9b;;;;;{""honoraires"":100,""frais"":0,""conditions"":""Forfait unique""};0.00;;e84fa617-92a7-4d13-b381-2a9ddd85e6c9;;
d0da59bf-b011-40e3-84da-f49508e916c9;Assistance à la recherche de financement;Mission migrée (FY25) - Assistance à la recherche de financement;6800521b-d610-4d10-9791-055de88ac662;7ca6e9f3-e4f0-4b11-ac4f-c34b9b6c9650;EN_COURS;;MOYENNE;Wed Jan 01 2025 00:00:00 GMT-0500 (UTC−05:00);Wed Dec 31 2025 00:00:00 GMT-0500 (UTC−05:00);;;;0.00;XAF;;;Mon Dec 08 2025 04:23:24 GMT-0500 (UTC−05:00);;Mon Dec 08 2025 04:23:24 GMT-0500 (UTC−05:00);a10d4f90-aef8-41bf-af70-5ebc019edf2e;;EXF-25-252;21b59685-a2aa-4ba5-abf4-efc0e946bd9b;;;;;{""honoraires"":100,""frais"":0,""conditions"":""Forfait unique""};0.00;;e84fa617-92a7-4d13-b381-2a9ddd85e6c9;;
ac20ddf4-df08-4bf9-85ce-f056a0b88cf6;ASSISTANCE COMPTABLE;Mission migrée (FY25) - ASSISTANCE COMPTABLE;527a49f1-8089-46b4-8188-340ff6e6e474;7ca6e9f3-e4f0-4b11-ac4f-c34b9b6c9650;EN_COURS;;MOYENNE;Wed Jan 01 2025 00:00:00 GMT-0500 (UTC−05:00);Wed Dec 31 2025 00:00:00 GMT-0500 (UTC−05:00);;;;0.00;XAF;;;Mon Dec 08 2025 04:23:24 GMT-0500 (UTC−05:00);;Mon Dec 08 2025 04:23:24 GMT-0500 (UTC−05:00);a10d4f90-aef8-41bf-af70-5ebc019edf2e;;EB -25-253;21b59685-a2aa-4ba5-abf4-efc0e946bd9b;;;;;{""honoraires"":100,""frais"":0,""conditions"":""Forfait unique""};0.00;1d4e1afb-947c-4f3b-94d8-0383b6ccfea4;67ae65c9-4fca-41d4-a7f0-2fce163b66d5;;83a2d3ec-22d1-46ee-b11d-671d89a9e9a3
7a27dbdd-e01b-45ca-ab86-3fc7f02466b1;Assistance à recherche de financement;Mission migrée (FY25) - Assistance à recherche de financement;73c2ea16-673d-4bcf-854f-40623bdc9e2d;6367cda8-2753-4b3a-bd3f-86c984542a0a;EN_COURS;;MOYENNE;Wed Jan 01 2025 00:00:00 GMT-0500 (UTC−05:00);Wed Dec 31 2025 00:00:00 GMT-0500 (UTC−05:00);;;;0.00;XAF;;;Mon Dec 08 2025 04:23:24 GMT-0500 (UTC−05:00);;Mon Dec 08 2025 04:23:24 GMT-0500 (UTC−05:00);a10d4f90-aef8-41bf-af70-5ebc019edf2e;;EXF-25-254;21b59685-a2aa-4ba5-abf4-efc0e946bd9b;;;;;{""honoraires"":100,""frais"":0,""conditions"":""Forfait unique""};0.00;;e84fa617-92a7-4d13-b381-2a9ddd85e6c9;;
1ea33611-7b11-42ce-9df4-4ccd996a67b1;Assistance à régularisation des opérations d'importation des logiciels, cartes et chequiers;Mission migrée (FY25) - Assistance à régularisation des opérations d'importation des logiciels, cartes et chequiers;ae5836fe-3144-47ed-9d0c-a57a52fc0412;;EN_COURS;;MOYENNE;Wed Jan 01 2025 00:00:00 GMT-0500 (UTC−05:00);Wed Dec 31 2025 00:00:00 GMT-0500 (UTC−05:00);;;;0.00;XAF;;;Mon Dec 08 2025 04:23:24 GMT-0500 (UTC−05:00);;Mon Dec 08 2025 04:23:24 GMT-0500 (UTC−05:00);a10d4f90-aef8-41bf-af70-5ebc019edf2e;;EB--25-255;21b59685-a2aa-4ba5-abf4-efc0e946bd9b;;;;;{""honoraires"":100,""frais"":0,""conditions"":""Forfait unique""};0.00;95ce10c5-a5f7-4fb7-bcc6-f77c7b37e371;d331bcd5-d287-4dfc-bc14-b26b42af187d;;
fc2dc760-deae-43f0-9b62-ffc39fdc572a;Assistance à obtention des facilités douanières dans le cadre des APEC;Mission migrée (FY25) - Assistance à obtention des facilités douanières dans le cadre des APEC;de6180c3-8ab8-479f-9cca-911bcb92b827;;EN_COURS;;MOYENNE;Wed Jan 01 2025 00:00:00 GMT-0500 (UTC−05:00);Wed Dec 31 2025 00:00:00 GMT-0500 (UTC−05:00);;;;0.00;XAF;;;Mon Dec 08 2025 04:23:24 GMT-0500 (UTC−05:00);;Mon Dec 08 2025 04:23:24 GMT-0500 (UTC−05:00);a10d4f90-aef8-41bf-af70-5ebc019edf2e;;EB--25-258;21b59685-a2aa-4ba5-abf4-efc0e946bd9b;;;;;{""honoraires"":100,""frais"":0,""conditions"":""Forfait unique""};0.00;95ce10c5-a5f7-4fb7-bcc6-f77c7b37e371;d331bcd5-d287-4dfc-bc14-b26b42af187d;;
7d9ab36f-4460-4473-b045-644812baac4f;Assistance à controle et contentieux douanier;Mission migrée (FY25) - Assistance à controle et contentieux douanier;867156a7-81db-4df3-a2b7-10f475e49b05;7ca6e9f3-e4f0-4b11-ac4f-c34b9b6c9650;EN_COURS;;MOYENNE;Wed Jan 01 2025 00:00:00 GMT-0500 (UTC−05:00);Wed Dec 31 2025 00:00:00 GMT-0500 (UTC−05:00);;;;0.00;XAF;;;Mon Dec 08 2025 04:23:24 GMT-0500 (UTC−05:00);;Mon Dec 08 2025 04:23:24 GMT-0500 (UTC−05:00);a10d4f90-aef8-41bf-af70-5ebc019edf2e;;EB--25-259;21b59685-a2aa-4ba5-abf4-efc0e946bd9b;;;;;{""honoraires"":100,""frais"":0,""conditions"":""Forfait unique""};0.00;95ce10c5-a5f7-4fb7-bcc6-f77c7b37e371;d331bcd5-d287-4dfc-bc14-b26b42af187d;;
3d59cee8-d9f6-410c-995d-688e2632f26c;Assistance à controle douanier;Mission migrée (FY25) - Assistance à controle douanier;590d2f21-d1fb-4a1b-a669-d107676dcb65;7ca6e9f3-e4f0-4b11-ac4f-c34b9b6c9650;EN_COURS;;MOYENNE;Wed Jan 01 2025 00:00:00 GMT-0500 (UTC−05:00);Wed Dec 31 2025 00:00:00 GMT-0500 (UTC−05:00);;;;0.00;XAF;;;Mon Dec 08 2025 04:23:24 GMT-0500 (UTC−05:00);;Mon Dec 08 2025 04:23:24 GMT-0500 (UTC−05:00);a10d4f90-aef8-41bf-af70-5ebc019edf2e;;EB--25-260;21b59685-a2aa-4ba5-abf4-efc0e946bd9b;;;;;{""honoraires"":100,""frais"":0,""conditions"":""Forfait unique""};0.00;95ce10c5-a5f7-4fb7-bcc6-f77c7b37e371;d331bcd5-d287-4dfc-bc14-b26b42af187d;;
b55b65b4-9afd-4b1c-a141-2d0a4e20b759;Assistance fiscale et douanière;Mission migrée (FY25) - Assistance fiscale et douanière;c18bbb3e-2860-4eea-8fa9-60b5dd824bc0;;EN_COURS;;MOYENNE;Wed Jan 01 2025 00:00:00 GMT-0500 (UTC−05:00);Wed Dec 31 2025 00:00:00 GMT-0500 (UTC−05:00);;;;0.00;XAF;;;Mon Dec 08 2025 04:23:24 GMT-0500 (UTC−05:00);;Mon Dec 08 2025 04:23:24 GMT-0500 (UTC−05:00);a10d4f90-aef8-41bf-af70-5ebc019edf2e;;EB--25-263;21b59685-a2aa-4ba5-abf4-efc0e946bd9b;;;;;{""honoraires"":100,""frais"":0,""conditions"":""Forfait unique""};0.00;95ce10c5-a5f7-4fb7-bcc6-f77c7b37e371;d331bcd5-d287-4dfc-bc14-b26b42af187d;;
6c9d8c96-5806-45ce-a0b2-0cbc0165b0d5;DEDOUANEMENT DE TROIS CONTENEUR FRIGORIFIQUE P/C MSF;Mission migrée (FY25) - DEDOUANEMENT DE TROIS CONTENEUR FRIGORIFIQUE P/C MSF;b8fa7ae3-c0b5-4a2e-88be-788c0417ca71;77dd3a3f-bb6d-4f3a-82cc-cfb9baf2124e;EN_COURS;;MOYENNE;Wed Jan 01 2025 00:00:00 GMT-0500 (UTC−05:00);Wed Dec 31 2025 00:00:00 GMT-0500 (UTC−05:00);;;;0.00;XAF;;;Mon Dec 08 2025 04:23:24 GMT-0500 (UTC−05:00);;Mon Dec 08 2025 04:23:24 GMT-0500 (UTC−05:00);a10d4f90-aef8-41bf-af70-5ebc019edf2e;;EB--25-264;21b59685-a2aa-4ba5-abf4-efc0e946bd9b;;;;;{""honoraires"":100,""frais"":0,""conditions"":""Forfait unique""};0.00;95ce10c5-a5f7-4fb7-bcc6-f77c7b37e371;d331bcd5-d287-4dfc-bc14-b26b42af187d;2a1850ba-f738-405b-87ab-3cde49a7cfd2;
2f300303-88b2-47f0-a543-9a13b275831e;Commissariat Aux comptes;Mission migrée (FY25) - Commissariat Aux comptes;056c9ef1-9934-44c2-b3ed-0949ecff9c13;7ca6e9f3-e4f0-4b11-ac4f-c34b9b6c9650;EN_COURS;;MOYENNE;Wed Jan 01 2025 00:00:00 GMT-0500 (UTC−05:00);Wed Dec 31 2025 00:00:00 GMT-0500 (UTC−05:00);;;;0.00;XAF;;;Mon Dec 08 2025 04:23:24 GMT-0500 (UTC−05:00);;Mon Dec 08 2025 04:23:24 GMT-0500 (UTC−05:00);a10d4f90-aef8-41bf-af70-5ebc019edf2e;;EB -25-265;21b59685-a2aa-4ba5-abf4-efc0e946bd9b;;;;;{""honoraires"":100,""frais"":0,""conditions"":""Forfait unique""};0.00;1d4e1afb-947c-4f3b-94d8-0383b6ccfea4;67ae65c9-4fca-41d4-a7f0-2fce163b66d5;;83a2d3ec-22d1-46ee-b11d-671d89a9e9a3
2a476604-d578-481c-a3c4-ded9343e2113;DEDOUANEMENT D'UN CONTENEUR FRIGORIFIQUE P/C MSF;Mission migrée (FY25) - DEDOUANEMENT D'UN CONTENEUR FRIGORIFIQUE P/C MSF;b8fa7ae3-c0b5-4a2e-88be-788c0417ca71;77dd3a3f-bb6d-4f3a-82cc-cfb9baf2124e;EN_COURS;;MOYENNE;Wed Jan 01 2025 00:00:00 GMT-0500 (UTC−05:00);Wed Dec 31 2025 00:00:00 GMT-0500 (UTC−05:00);;;;0.00;XAF;;;Mon Dec 08 2025 04:23:24 GMT-0500 (UTC−05:00);;Mon Dec 08 2025 04:23:24 GMT-0500 (UTC−05:00);a10d4f90-aef8-41bf-af70-5ebc019edf2e;;EB--25-266;21b59685-a2aa-4ba5-abf4-efc0e946bd9b;;;;;{""honoraires"":100,""frais"":0,""conditions"":""Forfait unique""};0.00;95ce10c5-a5f7-4fb7-bcc6-f77c7b37e371;d331bcd5-d287-4dfc-bc14-b26b42af187d;2a1850ba-f738-405b-87ab-3cde49a7cfd2;
bd991ecb-633c-47e8-8571-350d497c38ca;DEDOUANEMENT DE DEUX CONTENEUR FRIGORIFIQUE P/C MSF;Mission migrée (FY25) - DEDOUANEMENT DE DEUX CONTENEUR FRIGORIFIQUE P/C MSF;b8fa7ae3-c0b5-4a2e-88be-788c0417ca71;77dd3a3f-bb6d-4f3a-82cc-cfb9baf2124e;EN_COURS;;MOYENNE;Wed Jan 01 2025 00:00:00 GMT-0500 (UTC−05:00);Wed Dec 31 2025 00:00:00 GMT-0500 (UTC−05:00);;;;0.00;XAF;;;Mon Dec 08 2025 04:23:24 GMT-0500 (UTC−05:00);;Mon Dec 08 2025 04:23:24 GMT-0500 (UTC−05:00);a10d4f90-aef8-41bf-af70-5ebc019edf2e;;EB--25-267;21b59685-a2aa-4ba5-abf4-efc0e946bd9b;;;;;{""honoraires"":100,""frais"":0,""conditions"":""Forfait unique""};0.00;95ce10c5-a5f7-4fb7-bcc6-f77c7b37e371;d331bcd5-d287-4dfc-bc14-b26b42af187d;2a1850ba-f738-405b-87ab-3cde49a7cfd2;
c0f20fc4-21f4-47f6-97a7-f6f32d5a0ae5;DEDOUANEMENT D'1 VEHICULE TIGGO 9 DANS TC 20';Mission migrée (FY25) - DEDOUANEMENT D'1 VEHICULE TIGGO 9 DANS TC 20';eeb7cb0c-2b18-4245-b700-37de56337c64;77dd3a3f-bb6d-4f3a-82cc-cfb9baf2124e;EN_COURS;;MOYENNE;Wed Jan 01 2025 00:00:00 GMT-0500 (UTC−05:00);Wed Dec 31 2025 00:00:00 GMT-0500 (UTC−05:00);;;;0.00;XAF;;;Mon Dec 08 2025 04:23:24 GMT-0500 (UTC−05:00);;Mon Dec 08 2025 04:23:24 GMT-0500 (UTC−05:00);a10d4f90-aef8-41bf-af70-5ebc019edf2e;;EB--25-268;21b59685-a2aa-4ba5-abf4-efc0e946bd9b;;;;;{""honoraires"":100,""frais"":0,""conditions"":""Forfait unique""};0.00;95ce10c5-a5f7-4fb7-bcc6-f77c7b37e371;d331bcd5-d287-4dfc-bc14-b26b42af187d;2a1850ba-f738-405b-87ab-3cde49a7cfd2;
ed9b1848-d302-44c7-baf5-7410e1093938;"DEDOUANEMENT UN CONTENEUR DISANT CONTENIR RECYCLED-STRETCH FILM ; RECYCLED-PP STRAPPING ; RECYCLED-CLIP 12MM";"Mission migrée (FY25) - DEDOUANEMENT UN CONTENEUR DISANT CONTENIR RECYCLED-STRETCH FILM ; RECYCLED-PP STRAPPING ; RECYCLED-CLIP 12MM";f8092efa-8423-4e44-a862-5c298d429ecb;77dd3a3f-bb6d-4f3a-82cc-cfb9baf2124e;EN_COURS;;MOYENNE;Wed Jan 01 2025 00:00:00 GMT-0500 (UTC−05:00);Wed Dec 31 2025 00:00:00 GMT-0500 (UTC−05:00);;;;0.00;XAF;;;Mon Dec 08 2025 04:23:24 GMT-0500 (UTC−05:00);;Mon Dec 08 2025 04:23:24 GMT-0500 (UTC−05:00);a10d4f90-aef8-41bf-af70-5ebc019edf2e;;EB--25-270;21b59685-a2aa-4ba5-abf4-efc0e946bd9b;;;;;{""honoraires"":100,""frais"":0,""conditions"":""Forfait unique""};0.00;95ce10c5-a5f7-4fb7-bcc6-f77c7b37e371;d331bcd5-d287-4dfc-bc14-b26b42af187d;2a1850ba-f738-405b-87ab-3cde49a7cfd2;
131296a8-9509-4fb2-b566-4c84d35f6e35;Assistance à VGC des exercices 2021 et 2022;Mission migrée (FY25) - Assistance à VGC des exercices 2021 et 2022;3b4cc53b-6230-47ee-af6f-9458e43a4439;7ca6e9f3-e4f0-4b11-ac4f-c34b9b6c9650;EN_COURS;;MOYENNE;Wed Jan 01 2025 00:00:00 GMT-0500 (UTC−05:00);Wed Dec 31 2025 00:00:00 GMT-0500 (UTC−05:00);;;;0.00;XAF;;;Mon Dec 08 2025 04:23:24 GMT-0500 (UTC−05:00);;Mon Dec 08 2025 04:23:24 GMT-0500 (UTC−05:00);a10d4f90-aef8-41bf-af70-5ebc019edf2e;;EB--25-271;21b59685-a2aa-4ba5-abf4-efc0e946bd9b;;;;;{""honoraires"":100,""frais"":0,""conditions"":""Forfait unique""};0.00;73c6c82e-a384-4b55-a9b1-6c9d231d6452;aa244e38-ccd6-43b7-9486-fe5721e2d12c;272b9306-bfcc-43e2-a55a-a1ceddba2f5a;
ce964bda-8d7b-4240-b9d1-16d6ee43a3d0;Assistance à VGC des exercices 2020 2021 et 2022;Mission migrée (FY25) - Assistance à VGC des exercices 2020 2021 et 2022;c4bb70b1-b5a1-4ba3-8c15-9d237b9afc53;7ca6e9f3-e4f0-4b11-ac4f-c34b9b6c9650;EN_COURS;;MOYENNE;Wed Jan 01 2025 00:00:00 GMT-0500 (UTC−05:00);Wed Dec 31 2025 00:00:00 GMT-0500 (UTC−05:00);;;;0.00;XAF;;;Mon Dec 08 2025 04:23:24 GMT-0500 (UTC−05:00);;Mon Dec 08 2025 04:23:24 GMT-0500 (UTC−05:00);a10d4f90-aef8-41bf-af70-5ebc019edf2e;;EB--25-272;21b59685-a2aa-4ba5-abf4-efc0e946bd9b;;;;;{""honoraires"":100,""frais"":0,""conditions"":""Forfait unique""};0.00;73c6c82e-a384-4b55-a9b1-6c9d231d6452;aa244e38-ccd6-43b7-9486-fe5721e2d12c;272b9306-bfcc-43e2-a55a-a1ceddba2f5a;
b10f0796-53d2-4399-a3bf-b2c36d12d2ee;Assistance à VGC des exercices 2021 et 2022;Mission migrée (FY25) - Assistance à VGC des exercices 2021 et 2022;10f50215-6350-4477-814a-c97c683a10fc;7ca6e9f3-e4f0-4b11-ac4f-c34b9b6c9650;EN_COURS;;MOYENNE;Wed Jan 01 2025 00:00:00 GMT-0500 (UTC−05:00);Wed Dec 31 2025 00:00:00 GMT-0500 (UTC−05:00);;;;0.00;XAF;;;Mon Dec 08 2025 04:23:24 GMT-0500 (UTC−05:00);;Mon Dec 08 2025 04:23:24 GMT-0500 (UTC−05:00);a10d4f90-aef8-41bf-af70-5ebc019edf2e;;EB--25-273;21b59685-a2aa-4ba5-abf4-efc0e946bd9b;;;;;{""honoraires"":100,""frais"":0,""conditions"":""Forfait unique""};0.00;73c6c82e-a384-4b55-a9b1-6c9d231d6452;aa244e38-ccd6-43b7-9486-fe5721e2d12c;272b9306-bfcc-43e2-a55a-a1ceddba2f5a;
9a5260ab-9526-4dad-af85-6b0ccb3fcd0c;Assistance à VGC des exercices 2020, 2021 et 2022;Mission migrée (FY25) - Assistance à VGC des exercices 2020, 2021 et 2022;05b74643-c583-45c4-b122-e044666ec221;7ca6e9f3-e4f0-4b11-ac4f-c34b9b6c9650;EN_COURS;;MOYENNE;Wed Jan 01 2025 00:00:00 GMT-0500 (UTC−05:00);Wed Dec 31 2025 00:00:00 GMT-0500 (UTC−05:00);;;;0.00;XAF;;;Mon Dec 08 2025 04:23:24 GMT-0500 (UTC−05:00);;Mon Dec 08 2025 04:23:24 GMT-0500 (UTC−05:00);a10d4f90-aef8-41bf-af70-5ebc019edf2e;;EB--25-274;21b59685-a2aa-4ba5-abf4-efc0e946bd9b;;;;;{""honoraires"":100,""frais"":0,""conditions"":""Forfait unique""};0.00;73c6c82e-a384-4b55-a9b1-6c9d231d6452;aa244e38-ccd6-43b7-9486-fe5721e2d12c;272b9306-bfcc-43e2-a55a-a1ceddba2f5a;
9e3903b0-a8f7-4f61-8fd9-6eda5f0e73e1;Assistance à VGC des exercices 2020, 2021 et 2022;Mission migrée (FY25) - Assistance à VGC des exercices 2020, 2021 et 2022;002d48d9-d80e-472c-bd6d-9cd4fa2db332;7ca6e9f3-e4f0-4b11-ac4f-c34b9b6c9650;EN_COURS;;MOYENNE;Wed Jan 01 2025 00:00:00 GMT-0500 (UTC−05:00);Wed Dec 31 2025 00:00:00 GMT-0500 (UTC−05:00);;;;0.00;XAF;;;Mon Dec 08 2025 04:23:24 GMT-0500 (UTC−05:00);;Mon Dec 08 2025 04:23:24 GMT-0500 (UTC−05:00);a10d4f90-aef8-41bf-af70-5ebc019edf2e;;EB--25-275;21b59685-a2aa-4ba5-abf4-efc0e946bd9b;;;;;{""honoraires"":100,""frais"":0,""conditions"":""Forfait unique""};0.00;73c6c82e-a384-4b55-a9b1-6c9d231d6452;aa244e38-ccd6-43b7-9486-fe5721e2d12c;272b9306-bfcc-43e2-a55a-a1ceddba2f5a;
de74a098-5a14-4150-9f77-587ac29bfc30;Assistance juridique et fiscale permanente;Mission migrée (FY25) - Assistance juridique et fiscale permanente;002d48d9-d80e-472c-bd6d-9cd4fa2db332;7ca6e9f3-e4f0-4b11-ac4f-c34b9b6c9650;EN_COURS;;MOYENNE;Wed Jan 01 2025 00:00:00 GMT-0500 (UTC−05:00);Wed Dec 31 2025 00:00:00 GMT-0500 (UTC−05:00);;;;0.00;XAF;;;Mon Dec 08 2025 04:23:24 GMT-0500 (UTC−05:00);;Mon Dec 08 2025 04:23:24 GMT-0500 (UTC−05:00);a10d4f90-aef8-41bf-af70-5ebc019edf2e;;EB--25-276;21b59685-a2aa-4ba5-abf4-efc0e946bd9b;;;;;{""honoraires"":100,""frais"":0,""conditions"":""Forfait unique""};0.00;73c6c82e-a384-4b55-a9b1-6c9d231d6452;aa244e38-ccd6-43b7-9486-fe5721e2d12c;272b9306-bfcc-43e2-a55a-a1ceddba2f5a;
35f8e2ad-4cde-45b0-afa7-4c0739605ec3;Revue de la liasse fiscale annuelle (DSF) de l'exercice 2024;Mission migrée (FY25) - Revue de la liasse fiscale annuelle (DSF) de l'exercice 2024;002d48d9-d80e-472c-bd6d-9cd4fa2db332;7ca6e9f3-e4f0-4b11-ac4f-c34b9b6c9650;EN_COURS;;MOYENNE;Wed Jan 01 2025 00:00:00 GMT-0500 (UTC−05:00);Wed Dec 31 2025 00:00:00 GMT-0500 (UTC−05:00);;;;0.00;XAF;;;Mon Dec 08 2025 04:23:24 GMT-0500 (UTC−05:00);;Mon Dec 08 2025 04:23:24 GMT-0500 (UTC−05:00);a10d4f90-aef8-41bf-af70-5ebc019edf2e;;EB--25-277;21b59685-a2aa-4ba5-abf4-efc0e946bd9b;;;;;{""honoraires"":100,""frais"":0,""conditions"":""Forfait unique""};0.00;73c6c82e-a384-4b55-a9b1-6c9d231d6452;aa244e38-ccd6-43b7-9486-fe5721e2d12c;272b9306-bfcc-43e2-a55a-a1ceddba2f5a;
5feb8b9f-bbad-4c1a-8966-99189f79e72f;Revue de la liasse fiscale annuelle (DSF) de l'exercice 2024;Mission migrée (FY25) - Revue de la liasse fiscale annuelle (DSF) de l'exercice 2024;056c9ef1-9934-44c2-b3ed-0949ecff9c13;7ca6e9f3-e4f0-4b11-ac4f-c34b9b6c9650;EN_COURS;;MOYENNE;Wed Jan 01 2025 00:00:00 GMT-0500 (UTC−05:00);Wed Dec 31 2025 00:00:00 GMT-0500 (UTC−05:00);;;;0.00;XAF;;;Mon Dec 08 2025 04:23:24 GMT-0500 (UTC−05:00);;Mon Dec 08 2025 04:23:24 GMT-0500 (UTC−05:00);a10d4f90-aef8-41bf-af70-5ebc019edf2e;;EB--25-278;21b59685-a2aa-4ba5-abf4-efc0e946bd9b;;;;;{""honoraires"":100,""frais"":0,""conditions"":""Forfait unique""};0.00;73c6c82e-a384-4b55-a9b1-6c9d231d6452;aa244e38-ccd6-43b7-9486-fe5721e2d12c;272b9306-bfcc-43e2-a55a-a1ceddba2f5a;
1d827113-2ebb-4cc6-9a41-4758e085c0f8;Assistance juridique et fiscale permanente complémentaire;Mission migrée (FY25) - Assistance juridique et fiscale permanente complémentaire;f3f26b1f-1641-44ca-8144-b9dbc8245098;7ca6e9f3-e4f0-4b11-ac4f-c34b9b6c9650;EN_COURS;;MOYENNE;Wed Jan 01 2025 00:00:00 GMT-0500 (UTC−05:00);Wed Dec 31 2025 00:00:00 GMT-0500 (UTC−05:00);;;;0.00;XAF;;;Mon Dec 08 2025 04:23:24 GMT-0500 (UTC−05:00);;Mon Dec 08 2025 04:23:24 GMT-0500 (UTC−05:00);a10d4f90-aef8-41bf-af70-5ebc019edf2e;;EB--25-279;21b59685-a2aa-4ba5-abf4-efc0e946bd9b;;;;;{""honoraires"":100,""frais"":0,""conditions"":""Forfait unique""};0.00;73c6c82e-a384-4b55-a9b1-6c9d231d6452;aa244e38-ccd6-43b7-9486-fe5721e2d12c;272b9306-bfcc-43e2-a55a-a1ceddba2f5a;
1bf9d5b4-e205-4993-ad31-31706ce1667c;Assistance du dossier API;Mission migrée (FY25) - Assistance du dossier API;2aac4d68-4d65-4828-b5bd-4eca10ff9bb7;6367cda8-2753-4b3a-bd3f-86c984542a0a;EN_COURS;;MOYENNE;Wed Jan 01 2025 00:00:00 GMT-0500 (UTC−05:00);Wed Dec 31 2025 00:00:00 GMT-0500 (UTC−05:00);;;;0.00;XAF;;;Mon Dec 08 2025 04:23:24 GMT-0500 (UTC−05:00);;Mon Dec 08 2025 04:23:24 GMT-0500 (UTC−05:00);a10d4f90-aef8-41bf-af70-5ebc019edf2e;;EXF-25-281;21b59685-a2aa-4ba5-abf4-efc0e946bd9b;;;;;{""honoraires"":100,""frais"":0,""conditions"":""Forfait unique""};0.00;;e84fa617-92a7-4d13-b381-2a9ddd85e6c9;;6367cda8-2753-4b3a-bd3f-86c984542a0a
e12ffae3-19b0-4442-8777-78d8e1d4df49;Assistance au montage et à la revue de la DSF de l'exercice 2024;Mission migrée (FY25) - Assistance au montage et à la revue de la DSF de l'exercice 2024;b8fa7ae3-c0b5-4a2e-88be-788c0417ca71;7ca6e9f3-e4f0-4b11-ac4f-c34b9b6c9650;EN_COURS;;MOYENNE;Wed Jan 01 2025 00:00:00 GMT-0500 (UTC−05:00);Wed Dec 31 2025 00:00:00 GMT-0500 (UTC−05:00);;;;0.00;XAF;;;Mon Dec 08 2025 04:23:24 GMT-0500 (UTC−05:00);;Mon Dec 08 2025 04:23:24 GMT-0500 (UTC−05:00);a10d4f90-aef8-41bf-af70-5ebc019edf2e;;EB--25-282;21b59685-a2aa-4ba5-abf4-efc0e946bd9b;;;;;{""honoraires"":100,""frais"":0,""conditions"":""Forfait unique""};0.00;73c6c82e-a384-4b55-a9b1-6c9d231d6452;aa244e38-ccd6-43b7-9486-fe5721e2d12c;272b9306-bfcc-43e2-a55a-a1ceddba2f5a;
ad53ffce-4d91-4c54-b427-14f1157c7890;Assistance à contrôle CNPS de l'exercice 2023;Mission migrée (FY25) - Assistance à contrôle CNPS de l'exercice 2023;3b4cc53b-6230-47ee-af6f-9458e43a4439;7ca6e9f3-e4f0-4b11-ac4f-c34b9b6c9650;EN_COURS;;MOYENNE;Wed Jan 01 2025 00:00:00 GMT-0500 (UTC−05:00);Wed Dec 31 2025 00:00:00 GMT-0500 (UTC−05:00);;;;0.00;XAF;;;Mon Dec 08 2025 04:23:24 GMT-0500 (UTC−05:00);;Mon Dec 08 2025 04:23:24 GMT-0500 (UTC−05:00);a10d4f90-aef8-41bf-af70-5ebc019edf2e;;EB--25-283;21b59685-a2aa-4ba5-abf4-efc0e946bd9b;;;;;{""honoraires"":100,""frais"":0,""conditions"":""Forfait unique""};0.00;73c6c82e-a384-4b55-a9b1-6c9d231d6452;aa244e38-ccd6-43b7-9486-fe5721e2d12c;272b9306-bfcc-43e2-a55a-a1ceddba2f5a;
ad1dc54b-9114-48e8-9009-8bf956e2393d;Assistance à évaluation de la dépense fiscale de l'exercice 2024;Mission migrée (FY25) - Assistance à évaluation de la dépense fiscale de l'exercice 2024;b5d157a2-ef1e-41e3-82db-483659d15a51;7ca6e9f3-e4f0-4b11-ac4f-c34b9b6c9650;EN_COURS;;MOYENNE;Wed Jan 01 2025 00:00:00 GMT-0500 (UTC−05:00);Wed Dec 31 2025 00:00:00 GMT-0500 (UTC−05:00);;;;0.00;XAF;;;Mon Dec 08 2025 04:23:24 GMT-0500 (UTC−05:00);;Mon Dec 08 2025 04:23:24 GMT-0500 (UTC−05:00);a10d4f90-aef8-41bf-af70-5ebc019edf2e;;EB--25-284;21b59685-a2aa-4ba5-abf4-efc0e946bd9b;;;;;{""honoraires"":100,""frais"":0,""conditions"":""Forfait unique""};0.00;73c6c82e-a384-4b55-a9b1-6c9d231d6452;aa244e38-ccd6-43b7-9486-fe5721e2d12c;272b9306-bfcc-43e2-a55a-a1ceddba2f5a;
c2b857fb-7104-48ee-bfba-3fbc436dd3f1;Assistance à insertion dans la liste des entreprises habilitées à opérer la retenue à la source de la TVA et de l’AIR au titre de l’exercice 2025;Mission migrée (FY25) - Assistance à insertion dans la liste des entreprises habilitées à opérer la retenue à la source de la TVA et de l’AIR au titre de l’exercice 2025;c4bb70b1-b5a1-4ba3-8c15-9d237b9afc53;7ca6e9f3-e4f0-4b11-ac4f-c34b9b6c9650;EN_COURS;;MOYENNE;Wed Jan 01 2025 00:00:00 GMT-0500 (UTC−05:00);Wed Dec 31 2025 00:00:00 GMT-0500 (UTC−05:00);;;;0.00;XAF;;;Mon Dec 08 2025 04:23:24 GMT-0500 (UTC−05:00);;Mon Dec 08 2025 04:23:24 GMT-0500 (UTC−05:00);a10d4f90-aef8-41bf-af70-5ebc019edf2e;;EB--25-285;21b59685-a2aa-4ba5-abf4-efc0e946bd9b;;;;;{""honoraires"":100,""frais"":0,""conditions"":""Forfait unique""};0.00;73c6c82e-a384-4b55-a9b1-6c9d231d6452;aa244e38-ccd6-43b7-9486-fe5721e2d12c;272b9306-bfcc-43e2-a55a-a1ceddba2f5a;
55284c26-b615-421d-b42e-79405fabd6c8;Assistance à obtention Carte de Séjour expatrié;Mission migrée (FY25) - Assistance à obtention Carte de Séjour expatrié;f3f26b1f-1641-44ca-8144-b9dbc8245098;7ca6e9f3-e4f0-4b11-ac4f-c34b9b6c9650;EN_COURS;;MOYENNE;Wed Jan 01 2025 00:00:00 GMT-0500 (UTC−05:00);Wed Dec 31 2025 00:00:00 GMT-0500 (UTC−05:00);;;;0.00;XAF;;;Mon Dec 08 2025 04:23:24 GMT-0500 (UTC−05:00);;Mon Dec 08 2025 04:23:24 GMT-0500 (UTC−05:00);a10d4f90-aef8-41bf-af70-5ebc019edf2e;;EB--25-288;21b59685-a2aa-4ba5-abf4-efc0e946bd9b;;;;;{""honoraires"":100,""frais"":0,""conditions"":""Forfait unique""};0.00;73c6c82e-a384-4b55-a9b1-6c9d231d6452;aa244e38-ccd6-43b7-9486-fe5721e2d12c;272b9306-bfcc-43e2-a55a-a1ceddba2f5a;
ef39f3ee-a2f8-4494-91de-9f0043c35025;Participation au séminaire de la loi de finances 2025;Mission migrée (FY25) - Participation au séminaire de la loi de finances 2025;056c9ef1-9934-44c2-b3ed-0949ecff9c13;7ca6e9f3-e4f0-4b11-ac4f-c34b9b6c9650;EN_COURS;;MOYENNE;Wed Jan 01 2025 00:00:00 GMT-0500 (UTC−05:00);Wed Dec 31 2025 00:00:00 GMT-0500 (UTC−05:00);;;;0.00;XAF;;;Mon Dec 08 2025 04:23:24 GMT-0500 (UTC−05:00);;Mon Dec 08 2025 04:23:24 GMT-0500 (UTC−05:00);a10d4f90-aef8-41bf-af70-5ebc019edf2e;;EB--25-290;21b59685-a2aa-4ba5-abf4-efc0e946bd9b;;;;;{""honoraires"":100,""frais"":0,""conditions"":""Forfait unique""};0.00;73c6c82e-a384-4b55-a9b1-6c9d231d6452;aa244e38-ccd6-43b7-9486-fe5721e2d12c;272b9306-bfcc-43e2-a55a-a1ceddba2f5a;
6d23a1df-c892-42fa-8741-477c1b10cca0;Participation au séminaire de la loi de finances 2025;Mission migrée (FY25) - Participation au séminaire de la loi de finances 2025;63776795-1f65-4050-94c8-b216e26f8a38;7ca6e9f3-e4f0-4b11-ac4f-c34b9b6c9650;EN_COURS;;MOYENNE;Wed Jan 01 2025 00:00:00 GMT-0500 (UTC−05:00);Wed Dec 31 2025 00:00:00 GMT-0500 (UTC−05:00);;;;0.00;XAF;;;Mon Dec 08 2025 04:23:24 GMT-0500 (UTC−05:00);;Mon Dec 08 2025 04:23:24 GMT-0500 (UTC−05:00);a10d4f90-aef8-41bf-af70-5ebc019edf2e;;EB--25-291;21b59685-a2aa-4ba5-abf4-efc0e946bd9b;;;;;{""honoraires"":100,""frais"":0,""conditions"":""Forfait unique""};0.00;73c6c82e-a384-4b55-a9b1-6c9d231d6452;aa244e38-ccd6-43b7-9486-fe5721e2d12c;272b9306-bfcc-43e2-a55a-a1ceddba2f5a;
35c7bf22-3518-4464-ba82-488f19384087;Participation au séminaire de la loi de finances 2025;Mission migrée (FY25) - Participation au séminaire de la loi de finances 2025;05b74643-c583-45c4-b122-e044666ec221;7ca6e9f3-e4f0-4b11-ac4f-c34b9b6c9650;EN_COURS;;MOYENNE;Wed Jan 01 2025 00:00:00 GMT-0500 (UTC−05:00);Wed Dec 31 2025 00:00:00 GMT-0500 (UTC−05:00);;;;0.00;XAF;;;Mon Dec 08 2025 04:23:24 GMT-0500 (UTC−05:00);;Mon Dec 08 2025 04:23:24 GMT-0500 (UTC−05:00);a10d4f90-aef8-41bf-af70-5ebc019edf2e;;EB--25-293;21b59685-a2aa-4ba5-abf4-efc0e946bd9b;;;;;{""honoraires"":100,""frais"":0,""conditions"":""Forfait unique""};0.00;73c6c82e-a384-4b55-a9b1-6c9d231d6452;aa244e38-ccd6-43b7-9486-fe5721e2d12c;272b9306-bfcc-43e2-a55a-a1ceddba2f5a;
c520bac7-9732-4926-9cb2-f7aaf5972b39;Participation au séminaire de la loi de finances 2025;Mission migrée (FY25) - Participation au séminaire de la loi de finances 2025;b8fa7ae3-c0b5-4a2e-88be-788c0417ca71;7ca6e9f3-e4f0-4b11-ac4f-c34b9b6c9650;EN_COURS;;MOYENNE;Wed Jan 01 2025 00:00:00 GMT-0500 (UTC−05:00);Wed Dec 31 2025 00:00:00 GMT-0500 (UTC−05:00);;;;0.00;XAF;;;Mon Dec 08 2025 04:23:24 GMT-0500 (UTC−05:00);;Mon Dec 08 2025 04:23:24 GMT-0500 (UTC−05:00);a10d4f90-aef8-41bf-af70-5ebc019edf2e;;EB--25-294;21b59685-a2aa-4ba5-abf4-efc0e946bd9b;;;;;{""honoraires"":100,""frais"":0,""conditions"":""Forfait unique""};0.00;73c6c82e-a384-4b55-a9b1-6c9d231d6452;aa244e38-ccd6-43b7-9486-fe5721e2d12c;272b9306-bfcc-43e2-a55a-a1ceddba2f5a;
2f296ac5-7969-419e-be95-34053797d815;Participation au séminaire de la loi de finances 2025;Mission migrée (FY25) - Participation au séminaire de la loi de finances 2025;2123def9-87fe-4338-84b2-85b94114d6db;7ca6e9f3-e4f0-4b11-ac4f-c34b9b6c9650;EN_COURS;;MOYENNE;Wed Jan 01 2025 00:00:00 GMT-0500 (UTC−05:00);Wed Dec 31 2025 00:00:00 GMT-0500 (UTC−05:00);;;;0.00;XAF;;;Mon Dec 08 2025 04:23:24 GMT-0500 (UTC−05:00);;Mon Dec 08 2025 04:23:24 GMT-0500 (UTC−05:00);a10d4f90-aef8-41bf-af70-5ebc019edf2e;;EB--25-295;21b59685-a2aa-4ba5-abf4-efc0e946bd9b;;;;;{""honoraires"":100,""frais"":0,""conditions"":""Forfait unique""};0.00;73c6c82e-a384-4b55-a9b1-6c9d231d6452;aa244e38-ccd6-43b7-9486-fe5721e2d12c;272b9306-bfcc-43e2-a55a-a1ceddba2f5a;
06426637-7861-4fe4-8d58-b0d1a0f880d0;Participation au séminaire de la loi de finances 2025;Mission migrée (FY25) - Participation au séminaire de la loi de finances 2025;82f92e30-b14d-4c30-af30-1d8b33361c96;7ca6e9f3-e4f0-4b11-ac4f-c34b9b6c9650;EN_COURS;;MOYENNE;Wed Jan 01 2025 00:00:00 GMT-0500 (UTC−05:00);Wed Dec 31 2025 00:00:00 GMT-0500 (UTC−05:00);;;;0.00;XAF;;;Mon Dec 08 2025 04:23:24 GMT-0500 (UTC−05:00);;Mon Dec 08 2025 04:23:24 GMT-0500 (UTC−05:00);a10d4f90-aef8-41bf-af70-5ebc019edf2e;;EB--25-296;21b59685-a2aa-4ba5-abf4-efc0e946bd9b;;;;;{""honoraires"":100,""frais"":0,""conditions"":""Forfait unique""};0.00;73c6c82e-a384-4b55-a9b1-6c9d231d6452;aa244e38-ccd6-43b7-9486-fe5721e2d12c;272b9306-bfcc-43e2-a55a-a1ceddba2f5a;
80416d1c-c634-439e-9859-9c0e3462d9dc;Participation au séminaire de la loi de finances 2025;Mission migrée (FY25) - Participation au séminaire de la loi de finances 2025;0e11bba2-83b1-4278-bc35-48d7f0bf51d5;7ca6e9f3-e4f0-4b11-ac4f-c34b9b6c9650;EN_COURS;;MOYENNE;Wed Jan 01 2025 00:00:00 GMT-0500 (UTC−05:00);Wed Dec 31 2025 00:00:00 GMT-0500 (UTC−05:00);;;;0.00;XAF;;;Mon Dec 08 2025 04:23:24 GMT-0500 (UTC−05:00);;Mon Dec 08 2025 04:23:24 GMT-0500 (UTC−05:00);a10d4f90-aef8-41bf-af70-5ebc019edf2e;;EB--25-297;21b59685-a2aa-4ba5-abf4-efc0e946bd9b;;;;;{""honoraires"":100,""frais"":0,""conditions"":""Forfait unique""};0.00;73c6c82e-a384-4b55-a9b1-6c9d231d6452;aa244e38-ccd6-43b7-9486-fe5721e2d12c;272b9306-bfcc-43e2-a55a-a1ceddba2f5a;
5bf67d45-6fe9-4142-b723-3d14f33f43a9;Participation au séminaire de la loi de finances 2025;Mission migrée (FY25) - Participation au séminaire de la loi de finances 2025;90597ec1-6144-456b-8118-29f939e53696;7ca6e9f3-e4f0-4b11-ac4f-c34b9b6c9650;EN_COURS;;MOYENNE;Wed Jan 01 2025 00:00:00 GMT-0500 (UTC−05:00);Wed Dec 31 2025 00:00:00 GMT-0500 (UTC−05:00);;;;0.00;XAF;;;Mon Dec 08 2025 04:23:24 GMT-0500 (UTC−05:00);;Mon Dec 08 2025 04:23:24 GMT-0500 (UTC−05:00);a10d4f90-aef8-41bf-af70-5ebc019edf2e;;EB--25-298;21b59685-a2aa-4ba5-abf4-efc0e946bd9b;;;;;{""honoraires"":100,""frais"":0,""conditions"":""Forfait unique""};0.00;73c6c82e-a384-4b55-a9b1-6c9d231d6452;aa244e38-ccd6-43b7-9486-fe5721e2d12c;272b9306-bfcc-43e2-a55a-a1ceddba2f5a;
ea8e545c-c1f7-4951-b5c0-c067d6e6164c;Participation au séminaire de la loi de finances 2025;Mission migrée (FY25) - Participation au séminaire de la loi de finances 2025;bb61a5d3-5d5a-483d-911f-c37bf12f92b6;7ca6e9f3-e4f0-4b11-ac4f-c34b9b6c9650;EN_COURS;;MOYENNE;Wed Jan 01 2025 00:00:00 GMT-0500 (UTC−05:00);Wed Dec 31 2025 00:00:00 GMT-0500 (UTC−05:00);;;;0.00;XAF;;;Mon Dec 08 2025 04:23:24 GMT-0500 (UTC−05:00);;Mon Dec 08 2025 04:23:24 GMT-0500 (UTC−05:00);a10d4f90-aef8-41bf-af70-5ebc019edf2e;;EB--25-299;21b59685-a2aa-4ba5-abf4-efc0e946bd9b;;;;;{""honoraires"":100,""frais"":0,""conditions"":""Forfait unique""};0.00;73c6c82e-a384-4b55-a9b1-6c9d231d6452;aa244e38-ccd6-43b7-9486-fe5721e2d12c;272b9306-bfcc-43e2-a55a-a1ceddba2f5a;
5794f9d2-0bce-432b-8adb-b86789a41e87;Participation au séminaire de la loi de finances 2025;Mission migrée (FY25) - Participation au séminaire de la loi de finances 2025;f3f26b1f-1641-44ca-8144-b9dbc8245098;7ca6e9f3-e4f0-4b11-ac4f-c34b9b6c9650;EN_COURS;;MOYENNE;Wed Jan 01 2025 00:00:00 GMT-0500 (UTC−05:00);Wed Dec 31 2025 00:00:00 GMT-0500 (UTC−05:00);;;;0.00;XAF;;;Mon Dec 08 2025 04:23:24 GMT-0500 (UTC−05:00);;Mon Dec 08 2025 04:23:24 GMT-0500 (UTC−05:00);a10d4f90-aef8-41bf-af70-5ebc019edf2e;;EB--25-300;21b59685-a2aa-4ba5-abf4-efc0e946bd9b;;;;;{""honoraires"":100,""frais"":0,""conditions"":""Forfait unique""};0.00;73c6c82e-a384-4b55-a9b1-6c9d231d6452;aa244e38-ccd6-43b7-9486-fe5721e2d12c;272b9306-bfcc-43e2-a55a-a1ceddba2f5a;
61985e2f-cc48-4884-befd-f0ed7d66d1d0;Participation au séminaire de la loi de finances 2025;Mission migrée (FY25) - Participation au séminaire de la loi de finances 2025;b72989e9-78a9-46df-9bd9-681f0600da7a;7ca6e9f3-e4f0-4b11-ac4f-c34b9b6c9650;EN_COURS;;MOYENNE;Wed Jan 01 2025 00:00:00 GMT-0500 (UTC−05:00);Wed Dec 31 2025 00:00:00 GMT-0500 (UTC−05:00);;;;0.00;XAF;;;Mon Dec 08 2025 04:23:24 GMT-0500 (UTC−05:00);;Mon Dec 08 2025 04:23:24 GMT-0500 (UTC−05:00);a10d4f90-aef8-41bf-af70-5ebc019edf2e;;EB--25-301;21b59685-a2aa-4ba5-abf4-efc0e946bd9b;;;;;{""honoraires"":100,""frais"":0,""conditions"":""Forfait unique""};0.00;73c6c82e-a384-4b55-a9b1-6c9d231d6452;aa244e38-ccd6-43b7-9486-fe5721e2d12c;272b9306-bfcc-43e2-a55a-a1ceddba2f5a;
365037a9-fd90-4028-b1d8-5d1b3e922606;Participation au séminaire de la loi de finances 2025;Mission migrée (FY25) - Participation au séminaire de la loi de finances 2025;901895e1-3732-4916-9f8f-8ba10f487fe2;7ca6e9f3-e4f0-4b11-ac4f-c34b9b6c9650;EN_COURS;;MOYENNE;Wed Jan 01 2025 00:00:00 GMT-0500 (UTC−05:00);Wed Dec 31 2025 00:00:00 GMT-0500 (UTC−05:00);;;;0.00;XAF;;;Mon Dec 08 2025 04:23:24 GMT-0500 (UTC−05:00);;Mon Dec 08 2025 04:23:24 GMT-0500 (UTC−05:00);a10d4f90-aef8-41bf-af70-5ebc019edf2e;;EB--25-302;21b59685-a2aa-4ba5-abf4-efc0e946bd9b;;;;;{""honoraires"":100,""frais"":0,""conditions"":""Forfait unique""};0.00;73c6c82e-a384-4b55-a9b1-6c9d231d6452;aa244e38-ccd6-43b7-9486-fe5721e2d12c;272b9306-bfcc-43e2-a55a-a1ceddba2f5a;95ce10c5-a5f7-4fb7-bcc6-f77c7b37e371
3fd762b8-d655-4d1f-9bdb-e1cb3d14c05d;Participation au séminaire de la loi de finances 2025;Mission migrée (FY25) - Participation au séminaire de la loi de finances 2025;8b642cc7-1077-4958-87d8-010cd4cbf917;7ca6e9f3-e4f0-4b11-ac4f-c34b9b6c9650;EN_COURS;;MOYENNE;Wed Jan 01 2025 00:00:00 GMT-0500 (UTC−05:00);Wed Dec 31 2025 00:00:00 GMT-0500 (UTC−05:00);;;;0.00;XAF;;;Mon Dec 08 2025 04:23:24 GMT-0500 (UTC−05:00);;Mon Dec 08 2025 04:23:24 GMT-0500 (UTC−05:00);a10d4f90-aef8-41bf-af70-5ebc019edf2e;;EB--25-303;21b59685-a2aa-4ba5-abf4-efc0e946bd9b;;;;;{""honoraires"":100,""frais"":0,""conditions"":""Forfait unique""};0.00;73c6c82e-a384-4b55-a9b1-6c9d231d6452;aa244e38-ccd6-43b7-9486-fe5721e2d12c;272b9306-bfcc-43e2-a55a-a1ceddba2f5a;
585cb28f-57a3-4890-bca5-40787f799158;Participation au séminaire de la loi de finances 2025;Mission migrée (FY25) - Participation au séminaire de la loi de finances 2025;5ab66836-d3a8-46dc-9c1f-7388672baea0;7ca6e9f3-e4f0-4b11-ac4f-c34b9b6c9650;EN_COURS;;MOYENNE;Wed Jan 01 2025 00:00:00 GMT-0500 (UTC−05:00);Wed Dec 31 2025 00:00:00 GMT-0500 (UTC−05:00);;;;0.00;XAF;;;Mon Dec 08 2025 04:23:24 GMT-0500 (UTC−05:00);;Mon Dec 08 2025 04:23:24 GMT-0500 (UTC−05:00);a10d4f90-aef8-41bf-af70-5ebc019edf2e;;EB--25-304;21b59685-a2aa-4ba5-abf4-efc0e946bd9b;;;;;{""honoraires"":100,""frais"":0,""conditions"":""Forfait unique""};0.00;73c6c82e-a384-4b55-a9b1-6c9d231d6452;aa244e38-ccd6-43b7-9486-fe5721e2d12c;272b9306-bfcc-43e2-a55a-a1ceddba2f5a;
d496553e-dbd7-430f-b504-d406097e8b2a;Participation au séminaire de la loi de finances 2025;Mission migrée (FY25) - Participation au séminaire de la loi de finances 2025;ff8bf1c2-759f-4e35-aff9-6a51ce30121c;7ca6e9f3-e4f0-4b11-ac4f-c34b9b6c9650;EN_COURS;;MOYENNE;Wed Jan 01 2025 00:00:00 GMT-0500 (UTC−05:00);Wed Dec 31 2025 00:00:00 GMT-0500 (UTC−05:00);;;;0.00;XAF;;;Mon Dec 08 2025 04:23:24 GMT-0500 (UTC−05:00);;Mon Dec 08 2025 04:23:24 GMT-0500 (UTC−05:00);a10d4f90-aef8-41bf-af70-5ebc019edf2e;;EB--25-305;21b59685-a2aa-4ba5-abf4-efc0e946bd9b;;;;;{""honoraires"":100,""frais"":0,""conditions"":""Forfait unique""};0.00;73c6c82e-a384-4b55-a9b1-6c9d231d6452;aa244e38-ccd6-43b7-9486-fe5721e2d12c;272b9306-bfcc-43e2-a55a-a1ceddba2f5a;
ccb80479-7ac7-4223-b762-64d07d7917ec;Participation au séminaire de la loi de finances 2025;Mission migrée (FY25) - Participation au séminaire de la loi de finances 2025;7d008da7-0fc9-41d1-93cb-95e15810bf87;7ca6e9f3-e4f0-4b11-ac4f-c34b9b6c9650;EN_COURS;;MOYENNE;Wed Jan 01 2025 00:00:00 GMT-0500 (UTC−05:00);Wed Dec 31 2025 00:00:00 GMT-0500 (UTC−05:00);;;;0.00;XAF;;;Mon Dec 08 2025 04:23:24 GMT-0500 (UTC−05:00);;Mon Dec 08 2025 04:23:24 GMT-0500 (UTC−05:00);a10d4f90-aef8-41bf-af70-5ebc019edf2e;;EB--25-306;21b59685-a2aa-4ba5-abf4-efc0e946bd9b;;;;;{""honoraires"":100,""frais"":0,""conditions"":""Forfait unique""};0.00;73c6c82e-a384-4b55-a9b1-6c9d231d6452;aa244e38-ccd6-43b7-9486-fe5721e2d12c;272b9306-bfcc-43e2-a55a-a1ceddba2f5a;
97afe67a-7513-478f-aa06-902ac2b71060;Participation au séminaire de la loi de finances 2025;Mission migrée (FY25) - Participation au séminaire de la loi de finances 2025;c1ef5bf1-bede-49cf-b30b-13edfbb6080d;7ca6e9f3-e4f0-4b11-ac4f-c34b9b6c9650;EN_COURS;;MOYENNE;Wed Jan 01 2025 00:00:00 GMT-0500 (UTC−05:00);Wed Dec 31 2025 00:00:00 GMT-0500 (UTC−05:00);;;;0.00;XAF;;;Mon Dec 08 2025 04:23:24 GMT-0500 (UTC−05:00);;Mon Dec 08 2025 04:23:24 GMT-0500 (UTC−05:00);a10d4f90-aef8-41bf-af70-5ebc019edf2e;;EB--25-307;21b59685-a2aa-4ba5-abf4-efc0e946bd9b;;;;;{""honoraires"":100,""frais"":0,""conditions"":""Forfait unique""};0.00;73c6c82e-a384-4b55-a9b1-6c9d231d6452;aa244e38-ccd6-43b7-9486-fe5721e2d12c;272b9306-bfcc-43e2-a55a-a1ceddba2f5a;
510b62d6-24bd-4cfb-905f-11eada434369;Participation au séminaire de la loi de finances 2025;Mission migrée (FY25) - Participation au séminaire de la loi de finances 2025;b5d157a2-ef1e-41e3-82db-483659d15a51;7ca6e9f3-e4f0-4b11-ac4f-c34b9b6c9650;EN_COURS;;MOYENNE;Wed Jan 01 2025 00:00:00 GMT-0500 (UTC−05:00);Wed Dec 31 2025 00:00:00 GMT-0500 (UTC−05:00);;;;0.00;XAF;;;Mon Dec 08 2025 04:23:24 GMT-0500 (UTC−05:00);;Mon Dec 08 2025 04:23:24 GMT-0500 (UTC−05:00);a10d4f90-aef8-41bf-af70-5ebc019edf2e;;EB--25-308;21b59685-a2aa-4ba5-abf4-efc0e946bd9b;;;;;{""honoraires"":100,""frais"":0,""conditions"":""Forfait unique""};0.00;73c6c82e-a384-4b55-a9b1-6c9d231d6452;aa244e38-ccd6-43b7-9486-fe5721e2d12c;272b9306-bfcc-43e2-a55a-a1ceddba2f5a;
061b5e69-be2c-4483-abea-f523ec262672;Participation au séminaire de la loi de finances 2025;Mission migrée (FY25) - Participation au séminaire de la loi de finances 2025;e0670de4-be51-4d74-9ad0-ba840f7de3b9;7ca6e9f3-e4f0-4b11-ac4f-c34b9b6c9650;EN_COURS;;MOYENNE;Wed Jan 01 2025 00:00:00 GMT-0500 (UTC−05:00);Wed Dec 31 2025 00:00:00 GMT-0500 (UTC−05:00);;;;0.00;XAF;;;Mon Dec 08 2025 04:23:24 GMT-0500 (UTC−05:00);;Mon Dec 08 2025 04:23:24 GMT-0500 (UTC−05:00);a10d4f90-aef8-41bf-af70-5ebc019edf2e;;EB--25-309;21b59685-a2aa-4ba5-abf4-efc0e946bd9b;;;;;{""honoraires"":100,""frais"":0,""conditions"":""Forfait unique""};0.00;73c6c82e-a384-4b55-a9b1-6c9d231d6452;aa244e38-ccd6-43b7-9486-fe5721e2d12c;272b9306-bfcc-43e2-a55a-a1ceddba2f5a;
dc93e77e-80a5-4465-87d6-221df092682c;Participation au séminaire de la loi de finances 2025;Mission migrée (FY25) - Participation au séminaire de la loi de finances 2025;b58341dd-dd1e-48c5-8361-5fae0ff972f9;7ca6e9f3-e4f0-4b11-ac4f-c34b9b6c9650;EN_COURS;;MOYENNE;Wed Jan 01 2025 00:00:00 GMT-0500 (UTC−05:00);Wed Dec 31 2025 00:00:00 GMT-0500 (UTC−05:00);;;;0.00;XAF;;;Mon Dec 08 2025 04:23:24 GMT-0500 (UTC−05:00);;Mon Dec 08 2025 04:23:24 GMT-0500 (UTC−05:00);a10d4f90-aef8-41bf-af70-5ebc019edf2e;;EB--25-310;21b59685-a2aa-4ba5-abf4-efc0e946bd9b;;;;;{""honoraires"":100,""frais"":0,""conditions"":""Forfait unique""};0.00;73c6c82e-a384-4b55-a9b1-6c9d231d6452;aa244e38-ccd6-43b7-9486-fe5721e2d12c;272b9306-bfcc-43e2-a55a-a1ceddba2f5a;
ba4783a2-c7a3-4a9b-af90-7fbfeece1713;Participation au séminaire de la loi de finances 2025;Mission migrée (FY25) - Participation au séminaire de la loi de finances 2025;c9562410-86dc-4854-8455-d2f664a78de7;7ca6e9f3-e4f0-4b11-ac4f-c34b9b6c9650;EN_COURS;;MOYENNE;Wed Jan 01 2025 00:00:00 GMT-0500 (UTC−05:00);Wed Dec 31 2025 00:00:00 GMT-0500 (UTC−05:00);;;;0.00;XAF;;;Mon Dec 08 2025 04:23:24 GMT-0500 (UTC−05:00);;Mon Dec 08 2025 04:23:24 GMT-0500 (UTC−05:00);a10d4f90-aef8-41bf-af70-5ebc019edf2e;;EB--25-312;21b59685-a2aa-4ba5-abf4-efc0e946bd9b;;;;;{""honoraires"":100,""frais"":0,""conditions"":""Forfait unique""};0.00;73c6c82e-a384-4b55-a9b1-6c9d231d6452;aa244e38-ccd6-43b7-9486-fe5721e2d12c;272b9306-bfcc-43e2-a55a-a1ceddba2f5a;
671f86a4-137a-4ece-b025-459c7dbec92c;Participation au séminaire de la loi de finances 2025;Mission migrée (FY25) - Participation au séminaire de la loi de finances 2025;002d48d9-d80e-472c-bd6d-9cd4fa2db332;7ca6e9f3-e4f0-4b11-ac4f-c34b9b6c9650;EN_COURS;;MOYENNE;Wed Jan 01 2025 00:00:00 GMT-0500 (UTC−05:00);Wed Dec 31 2025 00:00:00 GMT-0500 (UTC−05:00);;;;0.00;XAF;;;Mon Dec 08 2025 04:23:24 GMT-0500 (UTC−05:00);;Mon Dec 08 2025 04:23:24 GMT-0500 (UTC−05:00);a10d4f90-aef8-41bf-af70-5ebc019edf2e;;EB--25-314;21b59685-a2aa-4ba5-abf4-efc0e946bd9b;;;;;{""honoraires"":100,""frais"":0,""conditions"":""Forfait unique""};0.00;73c6c82e-a384-4b55-a9b1-6c9d231d6452;aa244e38-ccd6-43b7-9486-fe5721e2d12c;272b9306-bfcc-43e2-a55a-a1ceddba2f5a;
e29a59d8-1ce6-4567-a9e0-dad74701a188;Assistance à obtention d'une remise totale ou d'une modération des pénalités et intérêts de retard;Mission migrée (FY25) - Assistance à obtention d'une remise totale ou d'une modération des pénalités et intérêts de retard;68919777-849f-4783-ae9e-3a505dbe291b;7ca6e9f3-e4f0-4b11-ac4f-c34b9b6c9650;EN_COURS;;MOYENNE;Wed Jan 01 2025 00:00:00 GMT-0500 (UTC−05:00);Wed Dec 31 2025 00:00:00 GMT-0500 (UTC−05:00);;;;0.00;XAF;;;Mon Dec 08 2025 04:23:24 GMT-0500 (UTC−05:00);;Mon Dec 08 2025 04:23:24 GMT-0500 (UTC−05:00);a10d4f90-aef8-41bf-af70-5ebc019edf2e;;EB--25-316;21b59685-a2aa-4ba5-abf4-efc0e946bd9b;;;;;{""honoraires"":100,""frais"":0,""conditions"":""Forfait unique""};0.00;73c6c82e-a384-4b55-a9b1-6c9d231d6452;aa244e38-ccd6-43b7-9486-fe5721e2d12c;272b9306-bfcc-43e2-a55a-a1ceddba2f5a;
6ce9cddb-6692-4a39-b67e-db7a4659ffc3;Assistance au développement;Mission migrée (FY25) - Assistance au développement;b8592e2b-628d-4d34-9c9d-95ac9d9a5959;;EN_COURS;;MOYENNE;Wed Jan 01 2025 00:00:00 GMT-0500 (UTC−05:00);Wed Dec 31 2025 00:00:00 GMT-0500 (UTC−05:00);;;;0.00;XAF;;;Mon Dec 08 2025 04:23:24 GMT-0500 (UTC−05:00);;Mon Dec 08 2025 04:23:24 GMT-0500 (UTC−05:00);a10d4f90-aef8-41bf-af70-5ebc019edf2e;;EXF-25-339;21b59685-a2aa-4ba5-abf4-efc0e946bd9b;;;;;{""honoraires"":100,""frais"":0,""conditions"":""Forfait unique""};0.00;;e84fa617-92a7-4d13-b381-2a9ddd85e6c9;;
5a3fc50e-3aa9-4f28-9588-a715ebee4bf6;Assistance à recherche de financement;Mission migrée (FY25) - Assistance à recherche de financement;4fffa127-4d33-4abe-80c2-60389e0cf4e0;;EN_COURS;;MOYENNE;Wed Jan 01 2025 00:00:00 GMT-0500 (UTC−05:00);Wed Dec 31 2025 00:00:00 GMT-0500 (UTC−05:00);;;;0.00;XAF;;;Mon Dec 08 2025 04:23:24 GMT-0500 (UTC−05:00);;Mon Dec 08 2025 04:23:24 GMT-0500 (UTC−05:00);a10d4f90-aef8-41bf-af70-5ebc019edf2e;;EXF-25-340;21b59685-a2aa-4ba5-abf4-efc0e946bd9b;;;;;{""honoraires"":100,""frais"":0,""conditions"":""Forfait unique""};0.00;;e84fa617-92a7-4d13-b381-2a9ddd85e6c9;;
f1acb301-d1fb-4b84-8d10-8de410bef1e4;Assistance à recherche de financement;Mission migrée (FY25) - Assistance à recherche de financement;416b6aaf-e33a-414f-8507-d8b8dc19d3f8;6367cda8-2753-4b3a-bd3f-86c984542a0a;EN_COURS;;MOYENNE;Wed Jan 01 2025 00:00:00 GMT-0500 (UTC−05:00);Wed Dec 31 2025 00:00:00 GMT-0500 (UTC−05:00);;;;0.00;XAF;;;Mon Dec 08 2025 04:23:24 GMT-0500 (UTC−05:00);;Mon Dec 08 2025 04:23:24 GMT-0500 (UTC−05:00);a10d4f90-aef8-41bf-af70-5ebc019edf2e;;EXF-25-342;21b59685-a2aa-4ba5-abf4-efc0e946bd9b;;;;;{""honoraires"":100,""frais"":0,""conditions"":""Forfait unique""};0.00;;e84fa617-92a7-4d13-b381-2a9ddd85e6c9;;
d02bb322-366f-4fff-af44-ee1d0a30ff23;Assistance à rédaction des actes juridiques;Mission migrée (FY25) - Assistance à rédaction des actes juridiques;857e1176-aff5-409e-b753-7dd6dfd12315;7ca6e9f3-e4f0-4b11-ac4f-c34b9b6c9650;EN_COURS;;MOYENNE;Wed Jan 01 2025 00:00:00 GMT-0500 (UTC−05:00);Wed Dec 31 2025 00:00:00 GMT-0500 (UTC−05:00);;;;0.00;XAF;;;Mon Dec 08 2025 04:23:24 GMT-0500 (UTC−05:00);;Mon Dec 08 2025 04:23:24 GMT-0500 (UTC−05:00);a10d4f90-aef8-41bf-af70-5ebc019edf2e;;EB--25-344;21b59685-a2aa-4ba5-abf4-efc0e946bd9b;;;;;{""honoraires"":100,""frais"":0,""conditions"":""Forfait unique""};0.00;73c6c82e-a384-4b55-a9b1-6c9d231d6452;aa244e38-ccd6-43b7-9486-fe5721e2d12c;272b9306-bfcc-43e2-a55a-a1ceddba2f5a;
a8e2aa14-69c1-4cd2-98d7-855ed5a20dbe;Assistance à déclaration préremplie de l’impôt sur les Sociétés et l’Impôt sur le Revenu des Personnes Physiques;Mission migrée (FY25) - Assistance à déclaration préremplie de l’impôt sur les Sociétés et l’Impôt sur le Revenu des Personnes Physiques;0b60f528-20e9-4292-b089-88768180b31b;7ca6e9f3-e4f0-4b11-ac4f-c34b9b6c9650;EN_COURS;;MOYENNE;Wed Jan 01 2025 00:00:00 GMT-0500 (UTC−05:00);Wed Dec 31 2025 00:00:00 GMT-0500 (UTC−05:00);;;;0.00;XAF;;;Mon Dec 08 2025 04:23:24 GMT-0500 (UTC−05:00);;Mon Dec 08 2025 04:23:24 GMT-0500 (UTC−05:00);a10d4f90-aef8-41bf-af70-5ebc019edf2e;;EB--25-345;21b59685-a2aa-4ba5-abf4-efc0e946bd9b;;;;;{""honoraires"":100,""frais"":0,""conditions"":""Forfait unique""};0.00;73c6c82e-a384-4b55-a9b1-6c9d231d6452;aa244e38-ccd6-43b7-9486-fe5721e2d12c;272b9306-bfcc-43e2-a55a-a1ceddba2f5a;
e80d344d-41b1-470c-b268-3442de4ec4d0;Revue fiscale des opérations des exercices non prescrits (2021_2024);Mission migrée (FY25) - Revue fiscale des opérations des exercices non prescrits (2021_2024);b78e5ac8-8a41-49c5-9f18-7c740735dac4;7ca6e9f3-e4f0-4b11-ac4f-c34b9b6c9650;EN_COURS;;MOYENNE;Wed Jan 01 2025 00:00:00 GMT-0500 (UTC−05:00);Wed Dec 31 2025 00:00:00 GMT-0500 (UTC−05:00);;;;0.00;XAF;;;Mon Dec 08 2025 04:23:24 GMT-0500 (UTC−05:00);;Mon Dec 08 2025 04:23:24 GMT-0500 (UTC−05:00);a10d4f90-aef8-41bf-af70-5ebc019edf2e;;EB--25-346;21b59685-a2aa-4ba5-abf4-efc0e946bd9b;;;;;{""honoraires"":100,""frais"":0,""conditions"":""Forfait unique""};0.00;73c6c82e-a384-4b55-a9b1-6c9d231d6452;aa244e38-ccd6-43b7-9486-fe5721e2d12c;272b9306-bfcc-43e2-a55a-a1ceddba2f5a;
7289ff10-1461-459b-ba21-323b57135200;DEDOUANEMENT TOYOTA HIGHLANDER 2020;Mission migrée (FY25) - DEDOUANEMENT TOYOTA HIGHLANDER 2020;f95c3bd0-77bc-4178-8d6d-0e6cf692eff8;77dd3a3f-bb6d-4f3a-82cc-cfb9baf2124e;EN_COURS;;MOYENNE;Wed Jan 01 2025 00:00:00 GMT-0500 (UTC−05:00);Wed Dec 31 2025 00:00:00 GMT-0500 (UTC−05:00);;;;0.00;XAF;;;Mon Dec 08 2025 04:23:24 GMT-0500 (UTC−05:00);;Mon Dec 08 2025 04:23:24 GMT-0500 (UTC−05:00);a10d4f90-aef8-41bf-af70-5ebc019edf2e;;EB--25-347;21b59685-a2aa-4ba5-abf4-efc0e946bd9b;;;;;{""honoraires"":100,""frais"":0,""conditions"":""Forfait unique""};0.00;95ce10c5-a5f7-4fb7-bcc6-f77c7b37e371;d331bcd5-d287-4dfc-bc14-b26b42af187d;2a1850ba-f738-405b-87ab-3cde49a7cfd2;
07504795-eb88-4b61-a819-3137d9039565;DEDOUANEMENT D'1 D7H ANNEE: 1986 + 1 PORTE-ENGINSANNEE: 1974 + 1 TRACTEUR ROUTIER ANNEE: 2007;Mission migrée (FY25) - DEDOUANEMENT D'1 D7H ANNEE: 1986 + 1 PORTE-ENGINSANNEE: 1974 + 1 TRACTEUR ROUTIER ANNEE: 2007;3bbb5ba3-9159-41c2-98c3-f6d1553887ac;77dd3a3f-bb6d-4f3a-82cc-cfb9baf2124e;EN_COURS;;MOYENNE;Wed Jan 01 2025 00:00:00 GMT-0500 (UTC−05:00);Wed Dec 31 2025 00:00:00 GMT-0500 (UTC−05:00);;;;0.00;XAF;;;Mon Dec 08 2025 04:23:24 GMT-0500 (UTC−05:00);;Mon Dec 08 2025 04:23:24 GMT-0500 (UTC−05:00);a10d4f90-aef8-41bf-af70-5ebc019edf2e;;EB--25-350;21b59685-a2aa-4ba5-abf4-efc0e946bd9b;;;;;{""honoraires"":100,""frais"":0,""conditions"":""Forfait unique""};0.00;95ce10c5-a5f7-4fb7-bcc6-f77c7b37e371;d331bcd5-d287-4dfc-bc14-b26b42af187d;2a1850ba-f738-405b-87ab-3cde49a7cfd2;
bb57bcc9-5a8f-4f25-a5de-bc17a112bd79;DEDOUANEMENT D'1 CAMION PLATEAU MERCEDES BENZ AVEC GRUE ANNEE: 1977 PAR UNE MISE A LA CONSOMMATION;Mission migrée (FY25) - DEDOUANEMENT D'1 CAMION PLATEAU MERCEDES BENZ AVEC GRUE ANNEE: 1977 PAR UNE MISE A LA CONSOMMATION;65db7230-a5c9-42f4-a338-5542767e0b4e;77dd3a3f-bb6d-4f3a-82cc-cfb9baf2124e;EN_COURS;;MOYENNE;Wed Jan 01 2025 00:00:00 GMT-0500 (UTC−05:00);Wed Dec 31 2025 00:00:00 GMT-0500 (UTC−05:00);;;;0.00;XAF;;;Mon Dec 08 2025 04:23:24 GMT-0500 (UTC−05:00);;Mon Dec 08 2025 04:23:24 GMT-0500 (UTC−05:00);a10d4f90-aef8-41bf-af70-5ebc019edf2e;;EB--25-351;21b59685-a2aa-4ba5-abf4-efc0e946bd9b;;;;;{""honoraires"":100,""frais"":0,""conditions"":""Forfait unique""};0.00;95ce10c5-a5f7-4fb7-bcc6-f77c7b37e371;d331bcd5-d287-4dfc-bc14-b26b42af187d;2a1850ba-f738-405b-87ab-3cde49a7cfd2;
c7e2fd22-4e8d-4b94-9d9f-11d5428f0472;Mise à disposition et gestion de la paie du personnel détaché près des entités locales d'ADDAX PETROLEUM;Mission migrée (FY25) - Mise à disposition et gestion de la paie du personnel détaché près des entités locales d'ADDAX PETROLEUM;056c9ef1-9934-44c2-b3ed-0949ecff9c13;7ca6e9f3-e4f0-4b11-ac4f-c34b9b6c9650;EN_COURS;;MOYENNE;Wed Jan 01 2025 00:00:00 GMT-0500 (UTC−05:00);Wed Dec 31 2025 00:00:00 GMT-0500 (UTC−05:00);;;;0.00;XAF;;;Mon Dec 08 2025 04:23:24 GMT-0500 (UTC−05:00);;Mon Dec 08 2025 04:23:24 GMT-0500 (UTC−05:00);a10d4f90-aef8-41bf-af70-5ebc019edf2e;;RH-25-353;21b59685-a2aa-4ba5-abf4-efc0e946bd9b;;;;;{""honoraires"":100,""frais"":0,""conditions"":""Forfait unique""};0.00;73c6c82e-a384-4b55-a9b1-6c9d231d6452;8a56d116-9c61-4b4f-9940-379100c1fff0;;
f5465d66-18fb-441b-922a-1b07614114da;DEDOUANEMENT D'UN CAMION BENNE SHACMAN;Mission migrée (FY25) - DEDOUANEMENT D'UN CAMION BENNE SHACMAN;25c5c580-ef42-4988-850d-214e136338a2;77dd3a3f-bb6d-4f3a-82cc-cfb9baf2124e;EN_COURS;;MOYENNE;Wed Jan 01 2025 00:00:00 GMT-0500 (UTC−05:00);Wed Dec 31 2025 00:00:00 GMT-0500 (UTC−05:00);;;;0.00;XAF;;;Mon Dec 08 2025 04:23:24 GMT-0500 (UTC−05:00);;Mon Dec 08 2025 04:23:24 GMT-0500 (UTC−05:00);a10d4f90-aef8-41bf-af70-5ebc019edf2e;;EB--25-357;21b59685-a2aa-4ba5-abf4-efc0e946bd9b;;;;;{""honoraires"":100,""frais"":0,""conditions"":""Forfait unique""};0.00;95ce10c5-a5f7-4fb7-bcc6-f77c7b37e371;d331bcd5-d287-4dfc-bc14-b26b42af187d;2a1850ba-f738-405b-87ab-3cde49a7cfd2;
0867e9c2-babf-4ab1-add1-70016b29e733;DEDOUANEMENT D'UN CONTENEUR 20' DE CARREAUX;Mission migrée (FY25) - DEDOUANEMENT D'UN CONTENEUR 20' DE CARREAUX;9f34295b-b095-411a-8857-3d67573018bb;77dd3a3f-bb6d-4f3a-82cc-cfb9baf2124e;EN_COURS;;MOYENNE;Wed Jan 01 2025 00:00:00 GMT-0500 (UTC−05:00);Wed Dec 31 2025 00:00:00 GMT-0500 (UTC−05:00);;;;0.00;XAF;;;Mon Dec 08 2025 04:23:24 GMT-0500 (UTC−05:00);;Mon Dec 08 2025 04:23:24 GMT-0500 (UTC−05:00);a10d4f90-aef8-41bf-af70-5ebc019edf2e;;EB--25-358;21b59685-a2aa-4ba5-abf4-efc0e946bd9b;;;;;{""honoraires"":100,""frais"":0,""conditions"":""Forfait unique""};0.00;95ce10c5-a5f7-4fb7-bcc6-f77c7b37e371;d331bcd5-d287-4dfc-bc14-b26b42af187d;2a1850ba-f738-405b-87ab-3cde49a7cfd2;